-- 기본 테이블(독립 테이블) 데이터 먼저 삽입


-- 1. 매장 데이터 추가
INSERT INTO `store` (`store_id`, `store_name`, `store_addr`, `store_tel`, `store_created_at`, `store_cert`, `store_acc`) VALUES
                                                                                                                             (1, '강남점', '서울특별시 강남구 테헤란로 152', '02-555-1234', '2023-01-01 09:00:00', 'https://example.com/cert/gangnam.jpg', 'https://example.com/accounts/gangnam.jpg'),
                                                                                                                             (2, '홍대점', '서울특별시 마포구 와우산로 94', '02-336-5678', '2023-02-15 10:30:00', 'https://example.com/cert/hongdae.jpg', 'https://example.com/accounts/hongdae.jpg'),
                                                                                                                             (3, '부산점', '부산광역시 해운대구 해운대해변로 264', '051-747-9012', '2023-03-20 11:15:00', 'https://example.com/cert/busan.jpg', 'https://example.com/accounts/busan.jpg');

-- 2. 카테고리 데이터 추가
INSERT INTO `category` (`category_id`, `category_name`, `category_filter`, `parent_category_id`) VALUES
-- 대분류 (최상위 카테고리)
(1, '식품', 1, NULL),
(2, '음료', 1, NULL),
(3, '생활용품', 1, NULL),

-- 중분류 (식품의 하위 카테고리)
(4, '과자/스낵', 2, 1),
(7, '냉장식품', 2, 1),
(8, '냉동식품', 2, 1),

-- 중분류 (음료의 하위 카테고리)
(5, '아이스크림', 2, 2),
(6, '주류', 2, 2),
(11, '커피/차', 2, 2),
(12, '주스', 2, 2),
(13, '탄산음료', 2, 2),

-- 중분류 (생활용품의 하위 카테고리)
(14, '세제류', 2, 3),
(15, '화장지/물티슈', 2, 3),

-- 소분류 (과자/스낵의 하위 카테고리)
(16, '초콜릿', 3, 4),
(17, '비스킷/쿠키', 3, 4),

-- 소분류 (냉장식품의 하위 카테고리)
(9, '샌드위치', 3, 7),

-- 소분류 (냉동식품의 하위 카테고리)
(10, '도시락', 3, 8),

-- 소분류 (커피/차의 하위 카테고리)
(18, '아메리카노', 3, 11),
(19, '라떼', 3, 11),
(20, '녹차/홍차', 3, 11);

-- 3. AI 모델 데이터 추가
INSERT INTO `ai_model` (`model_id`, `name`, `type`, `version`, `parameters`, `accuracy`, `training_date`, `is_active`, `created_at`, `updated_at`) VALUES
                                                                                                                                                       (1, '재고예측모델', '시계열예측', '1.0.0', '{"learning_rate": 0.01, "layers": 3, "hidden_units": 64}', 87.5, '2023-05-15 00:00:00', TRUE, '2023-05-15 12:30:00', '2023-05-15 12:30:00'),
                                                                                                                                                       (2, '판매량예측모델', '회귀분석', '2.1.0', '{"algorithm": "random_forest", "max_depth": 10, "n_estimators": 100}', 92.3, '2023-06-20 00:00:00', TRUE, '2023-06-20 14:45:00', '2023-07-15 09:30:00'),
                                                                                                                                                       (3, '이상감지모델', '이상탐지', '1.5.0', '{"threshold": 0.85, "window_size": 24, "feature_count": 12}', 78.6, '2023-07-01 00:00:00', TRUE, '2023-07-01 10:15:00', '2023-09-01 16:20:00'),
                                                                                                                                                       (4, '고객행동예측', '분류', '0.9.5', '{"algorithm": "svm", "kernel": "rbf", "C": 1.0}', 81.2, '2023-08-10 00:00:00', FALSE, '2023-08-10 11:00:00', '2023-08-10 11:00:00'),
                                                                                                                                                       (5, '가격최적화모델', '강화학습', '0.7.0', '{"discount_factor": 0.95, "epochs": 500, "batch_size": 32}', 75.8, '2023-09-05 00:00:00', TRUE, '2023-09-05 15:30:00', '2023-10-01 13:45:00');

-- 4. 날씨 데이터 추가
INSERT INTO `weather_data` (`weather_id`, `location`, `date`, `temperature`, `condition`, `humidity`, `precipitation`, `created_at`) VALUES
                                                                                                                                         (1, '서울', '2023-10-01', 22.5, '맑음', 45, 0.0, '2023-10-01 00:10:00'),
                                                                                                                                         (2, '서울', '2023-10-02', 23.1, '구름조금', 50, 0.0, '2023-10-02 00:10:00'),
                                                                                                                                         (3, '서울', '2023-10-03', 20.8, '흐림', 65, 5.2, '2023-10-03 00:10:00'),
                                                                                                                                         (4, '서울', '2023-10-04', 18.5, '비', 80, 15.7, '2023-10-04 00:10:00'),
                                                                                                                                         (5, '서울', '2023-10-05', 19.2, '비', 75, 8.3, '2023-10-05 00:10:00'),
                                                                                                                                         (6, '부산', '2023-10-01', 24.7, '맑음', 50, 0.0, '2023-10-01 00:10:00'),
                                                                                                                                         (7, '부산', '2023-10-02', 25.3, '맑음', 55, 0.0, '2023-10-02 00:10:00'),
                                                                                                                                         (8, '부산', '2023-10-03', 24.9, '구름조금', 60, 0.0, '2023-10-03 00:10:00'),
                                                                                                                                         (9, '부산', '2023-10-04', 22.1, '흐림', 70, 2.5, '2023-10-04 00:10:00'),
                                                                                                                                         (10, '부산', '2023-10-05', 21.5, '비', 85, 12.3, '2023-10-05 00:10:00');

-- 5. 상품 데이터 추가 (카테고리 체계 변경에 맞게 수정)
INSERT INTO `product` (`product_id`, `category_id`, `pro_detail_id`, `pro_name`, `pro_barcode`, `pro_cost`, `pro_sell_cost`, `pro_created_at`, `pro_update_at`, `pro_image`, `is_promo`) VALUES
-- 냉장식품(7) 카테고리의 상품들
(1, 7, NULL, '삼각김밥 참치', 8801234567890, 450, 1200, '2023-01-15 08:00:00', '2023-01-15 08:00:00', 'https://example.com/images/samgak_tuna.jpg', 0),
(2, 7, NULL, '삼각김밥 불고기', 8801234567891, 500, 1300, '2023-01-15 08:10:00', '2023-01-15 08:10:00', 'https://example.com/images/samgak_bulgogi.jpg', 0),

-- 탄산음료(13) 카테고리의 상품들
(3, 13, NULL, '콜라 500ml', 8801234567892, 700, 1500, '2023-01-15 09:00:00', '2023-01-15 09:00:00', 'https://example.com/images/cola_500.jpg', 0),
(4, 13, NULL, '사이다 500ml', 8801234567893, 650, 1500, '2023-01-15 09:05:00', '2023-01-15 09:05:00', 'https://example.com/images/cider_500.jpg', 0),

-- 화장지/물티슈(15) 카테고리의 상품
(5, 15, NULL, '물티슈 60매', 8801234567894, 850, 1800, '2023-01-16 10:00:00', '2023-01-16 10:00:00', 'https://example.com/images/wipes_60.jpg', 0),

-- 과자/스낵(4) 카테고리의 상품
(6, 4, NULL, '포테이토칩 오리지널', 8801234567895, 600, 1500, '2023-01-16 10:30:00', '2023-01-16 10:30:00', 'https://example.com/images/potato_org.jpg', 0),

-- 초콜릿(16) 카테고리의 상품
(7, 16, NULL, '초코파이 12개입', 8801234567896, 2400, 3800, '2023-01-16 11:00:00', '2023-01-16 11:00:00', 'https://example.com/images/choco_pie.jpg', 0),

-- 아이스크림(5) 카테고리의 상품들
(8, 5, NULL, '메로나', 8801234567897, 350, 1000, '2023-01-17 09:00:00', '2023-01-17 09:00:00', 'https://example.com/images/melona.jpg', 1),
(9, 5, NULL, '비비빅', 8801234567898, 400, 1200, '2023-01-17 09:10:00', '2023-01-17 09:10:00', 'https://example.com/images/bbibig.jpg', 1),

-- 주류(6) 카테고리의 상품
(10, 6, NULL, '참이슬 후레쉬 360ml', 8801234567899, 950, 1700, '2023-01-18 10:00:00', '2023-01-18 10:00:00', 'https://example.com/images/soju_fresh.jpg', 0),

-- 냉장식품(7) 카테고리의 상품
(11, 7, NULL, '요구르트 4입', 8801234567900, 1800, 3200, '2023-01-19 08:00:00', '2023-01-19 08:00:00', 'https://example.com/images/yogurt_4.jpg', 0),

-- 냉동식품(8) 카테고리의 상품
(12, 8, NULL, '냉동만두 420g', 8801234567901, 3500, 6500, '2023-01-19 08:30:00', '2023-01-19 08:30:00', 'https://example.com/images/frozen_mandu.jpg', 0),

-- 샌드위치(9) 카테고리의 상품
(13, 9, NULL, '햄치즈 샌드위치', 8801234567902, 1800, 3500, '2023-01-20 07:00:00', '2023-01-20 07:00:00', 'https://example.com/images/ham_cheese_sandwich.jpg', 0),

-- 도시락(10) 카테고리의 상품들
(14, 10, NULL, '김치볶음밥 도시락', 8801234567903, 2500, 4500, '2023-01-20 07:30:00', '2023-01-20 07:30:00', 'https://example.com/images/kimchi_dosirak.jpg', 0),
(15, 10, NULL, '제육볶음 도시락', 8801234567904, 2700, 4800, '2023-01-20 07:35:00', '2023-01-20 07:35:00', 'https://example.com/images/jeyuk_dosirak.jpg', 0),

-- 추가 상품들: 다양한 카테고리에 맞게 추가
-- 커피/차(11) 카테고리의 상품들
(16, 18, NULL, '아메리카노 250ml', 8801234567905, 800, 1800, '2023-01-21 08:00:00', '2023-01-21 08:00:00', 'https://example.com/images/americano.jpg', 0),
(17, 19, NULL, '카페라떼 250ml', 8801234567906, 900, 2000, '2023-01-21 08:10:00', '2023-01-21 08:10:00', 'https://example.com/images/latte.jpg', 0),
(18, 20, NULL, '녹차 500ml', 8801234567907, 750, 1600, '2023-01-21 08:20:00', '2023-01-21 08:20:00', 'https://example.com/images/green_tea.jpg', 0),

-- 주스(12) 카테고리의 상품들
(19, 12, NULL, '오렌지주스 500ml', 8801234567908, 900, 1900, '2023-01-22 09:00:00', '2023-01-22 09:00:00', 'https://example.com/images/orange_juice.jpg', 0),
(20, 12, NULL, '사과주스 500ml', 8801234567909, 850, 1800, '2023-01-22 09:10:00', '2023-01-22 09:10:00', 'https://example.com/images/apple_juice.jpg', 0),

-- 비스킷/쿠키(17) 카테고리의 상품
(21, 17, NULL, '초코칩쿠키 8개입', 8801234567910, 1800, 3500, '2023-01-23 10:00:00', '2023-01-23 10:00:00', 'https://example.com/images/choco_cookies.jpg', 0),

-- 세제류(14) 카테고리의 상품
(22, 14, NULL, '주방세제 500ml', 8801234567911, 1500, 3000, '2023-01-24 11:00:00', '2023-01-24 11:00:00', 'https://example.com/images/dish_soap.jpg', 0);

-- 변경된 product_details 테이블 데이터 삽입
INSERT INTO `product_details` (`pro_detail_id`, `product_id`, `manufacturer`, `manu_num`, `shelf_life`, `allergens`, `storage_method`) VALUES
                                                                                                                                           (1, 1, '삼각김밥 주식회사', '02-123-4567', '제조일로부터 1일', '쌀, 참치(대두,밀 함유)', '냉장보관'),
                                                                                                                                           (2, 2, '삼각김밥 주식회사', '02-123-4567', '제조일로부터 1일', '쌀, 불고기(대두,밀 함유)', '냉장보관'),
                                                                                                                                           (3, 3, '코카콜라', '02-456-7890', '제조일로부터 12개월', NULL, '직사광선을 피해 서늘한 곳에 보관'),
                                                                                                                                           (4, 4, '칠성사이다', '02-567-8901', '제조일로부터 12개월', NULL, '직사광선을 피해 서늘한 곳에 보관'),
                                                                                                                                           (5, 5, '크리넥스', '02-678-9012', NULL, NULL, '직사광선을 피해 건조한 곳에 보관'),
                                                                                                                                           (6, 6, '롯데제과', '02-789-0123', '제조일로부터 6개월', '밀, 대두', '직사광선을 피해 서늘한 곳에 보관'),
                                                                                                                                           (7, 7, '오리온', '02-890-1234', '제조일로부터 6개월', '밀, 대두, 계란', '직사광선을 피해 서늘한 곳에 보관'),
                                                                                                                                           (8, 8, '빙그레', '02-901-2345', '제조일로부터 12개월', '우유', '냉동보관'),
                                                                                                                                           (9, 9, '롯데제과', '02-789-0123', '제조일로부터 12개월', '우유', '냉동보관'),
                                                                                                                                           (10, 10, '하이트진로', '02-012-3456', '제조일로부터 12개월', NULL, '직사광선을 피해 서늘한 곳에 보관'),
                                                                                                                                           (11, 11, '남양유업', '02-123-4567', '제조일로부터 30일', '우유', '냉장보관'),
                                                                                                                                           (12, 12, 'CJ제일제당', '02-234-5678', '제조일로부터 12개월', '밀, 대두, 돼지고기', '냉동보관'),
                                                                                                                                           (13, 13, '편의점샌드위치', '02-345-6789', '제조일로부터 1일', '밀, 계란, 우유', '냉장보관'),
                                                                                                                                           (14, 14, '한국도시락', '02-456-7890', '제조일로부터 2일', '쌀, 김치(고춧가루)', '냉장보관'),
                                                                                                                                           (15, 15, '한국도시락', '02-456-7890', '제조일로부터 2일', '쌀, 돼지고기, 대두', '냉장보관'),
                                                                                                                                           (16, 16, '스타벅스', '02-567-8901', '제조일로부터 180일', NULL, '직사광선을 피해 서늘한 곳에 보관'),
                                                                                                                                           (17, 17, '스타벅스', '02-567-8901', '제조일로부터 180일', '우유', '직사광선을 피해 서늘한 곳에 보관'),
                                                                                                                                           (18, 18, '동서식품', '02-678-9012', '제조일로부터 365일', NULL, '직사광선을 피해 서늘한 곳에 보관'),
                                                                                                                                           (19, 19, '델몬트', '02-789-0123', '제조일로부터 180일', NULL, '직사광선을 피해 서늘한 곳에 보관'),
                                                                                                                                           (20, 20, '해태음료', '02-890-1234', '제조일로부터 180일', NULL, '직사광선을 피해 서늘한 곳에 보관'),
                                                                                                                                           (21, 21, '롯데제과', '02-901-2345', '제조일로부터 180일', '밀, 대두, 계란', '직사광선을 피해 서늘한 곳에 보관'),
                                                                                                                                           (22, 22, '애경', '02-012-3456', '제조일로부터 730일', NULL, '직사광선을 피해 서늘한 곳에 보관');

-- 상품 테이블의 pro_detail_id 필드 업데이트
UPDATE `product` SET pro_detail_id = 1 WHERE product_id = 1;
UPDATE `product` SET pro_detail_id = 2 WHERE product_id = 2;
UPDATE `product` SET pro_detail_id = 3 WHERE product_id = 3;
UPDATE `product` SET pro_detail_id = 4 WHERE product_id = 4;
UPDATE `product` SET pro_detail_id = 5 WHERE product_id = 5;
UPDATE `product` SET pro_detail_id = 6 WHERE product_id = 6;
UPDATE `product` SET pro_detail_id = 7 WHERE product_id = 7;
UPDATE `product` SET pro_detail_id = 8 WHERE product_id = 8;
UPDATE `product` SET pro_detail_id = 9 WHERE product_id = 9;
UPDATE `product` SET pro_detail_id = 10 WHERE product_id = 10;
UPDATE `product` SET pro_detail_id = 11 WHERE product_id = 11;
UPDATE `product` SET pro_detail_id = 12 WHERE product_id = 12;
UPDATE `product` SET pro_detail_id = 13 WHERE product_id = 13;
UPDATE `product` SET pro_detail_id = 14 WHERE product_id = 14;
UPDATE `product` SET pro_detail_id = 15 WHERE product_id = 15;
UPDATE `product` SET pro_detail_id = 16 WHERE product_id = 16;
UPDATE `product` SET pro_detail_id = 17 WHERE product_id = 17;
UPDATE `product` SET pro_detail_id = 18 WHERE product_id = 18;
UPDATE `product` SET pro_detail_id = 19 WHERE product_id = 19;
UPDATE `product` SET pro_detail_id = 20 WHERE product_id = 20;
UPDATE `product` SET pro_detail_id = 21 WHERE product_id = 21;
UPDATE `product` SET pro_detail_id = 22 WHERE product_id = 22;

-- 7. 통계 데이터 추가 (판매 통계)
INSERT INTO `sales_statistics` (`stats_id`, `store_id`, `category_id`, `date`, `hour`, `total_sales`, `transaction_count`, `avg_transaction`, `created_at`) VALUES
                                                                                                                                                                (1, 1, 1, '2023-10-01', '2023-10-01 12:00:00', 58500.00, 45, 1300.00, '2023-10-01 23:59:00'),
                                                                                                                                                                (2, 1, 2, '2023-10-01', '2023-10-01 12:00:00', 42000.00, 28, 1500.00, '2023-10-01 23:59:00'),
                                                                                                                                                                (3, 1, 4, '2023-10-01', '2023-10-01 12:00:00', 35250.00, 22, 1602.27, '2023-10-01 23:59:00'),
                                                                                                                                                                (4, 2, 1, '2023-10-01', '2023-10-01 12:00:00', 63750.00, 50, 1275.00, '2023-10-01 23:59:00'),
                                                                                                                                                                (5, 2, 2, '2023-10-01', '2023-10-01 12:00:00', 51000.00, 34, 1500.00, '2023-10-01 23:59:00'),
                                                                                                                                                                (6, 3, 1, '2023-10-01', '2023-10-01 12:00:00', 48750.00, 38, 1282.89, '2023-10-01 23:59:00'),
                                                                                                                                                                (7, 1, 1, '2023-10-02', '2023-10-02 12:00:00', 62400.00, 48, 1300.00, '2023-10-02 23:59:00'),
                                                                                                                                                                (8, 1, 2, '2023-10-02', '2023-10-02 12:00:00', 43500.00, 29, 1500.00, '2023-10-02 23:59:00'),
                                                                                                                                                                (9, 2, 1, '2023-10-02', '2023-10-02 12:00:00', 59800.00, 47, 1272.34, '2023-10-02 23:59:00'),
                                                                                                                                                                (10, 3, 2, '2023-10-02', '2023-10-02 12:00:00', 54000.00, 36, 1500.00, '2023-10-02 23:59:00');

-- 8. 재고 통계 데이터 추가
INSERT INTO `inventory_statistics` (`stats_id`, `store_id`, `category_id`, `date`, `turnover_rate`, `stock_value`, `low_stock_count`, `excess_stock_count`, `expired_soon_count`, `created_at`) VALUES
                                                                                                                                                                                                    (1, 1, 1, '2023-10-01', 3.75, 125000.00, 2, 1, 3, '2023-10-01 23:59:00'),
                                                                                                                                                                                                    (2, 1, 2, '2023-10-01', 2.50, 87500.00, 1, 2, 0, '2023-10-01 23:59:00'),
                                                                                                                                                                                                    (3, 1, 4, '2023-10-01', 1.85, 65000.00, 0, 3, 0, '2023-10-01 23:59:00'),
                                                                                                                                                                                                    (4, 2, 1, '2023-10-01', 4.10, 135000.00, 3, 0, 2, '2023-10-01 23:59:00'),
                                                                                                                                                                                                    (5, 2, 2, '2023-10-01', 3.25, 95000.00, 2, 1, 0, '2023-10-01 23:59:00'),
                                                                                                                                                                                                    (6, 3, 1, '2023-10-01', 3.50, 110000.00, 1, 1, 1, '2023-10-01 23:59:00'),
                                                                                                                                                                                                    (7, 1, 1, '2023-10-02', 3.90, 130000.00, 1, 1, 4, '2023-10-02 23:59:00'),
                                                                                                                                                                                                    (8, 1, 2, '2023-10-02', 2.70, 90000.00, 2, 1, 0, '2023-10-02 23:59:00'),
                                                                                                                                                                                                    (9, 2, 1, '2023-10-02', 4.25, 140000.00, 2, 0, 3, '2023-10-02 23:59:00'),
                                                                                                                                                                                                    (10, 3, 2, '2023-10-02', 3.50, 105000.00, 1, 2, 0, '2023-10-02 23:59:00');

-- 9. 발주 통계 데이터 추가
INSERT INTO `order_stats` (`ostats_id`, `store_id`, `product_id`, `order_date`, `quantity`, `total_price`, `created_at`) VALUES
                                                                                                                             (1, 1, 1, '2023-10-01', 50, 22500, '2023-10-01 09:00:00'),
                                                                                                                             (2, 1, 2, '2023-10-01', 40, 20000, '2023-10-01 09:05:00'),
                                                                                                                             (3, 1, 3, '2023-10-01', 60, 42000, '2023-10-01 09:10:00'),
                                                                                                                             (4, 2, 1, '2023-10-01', 60, 27000, '2023-10-01 10:00:00'),
                                                                                                                             (5, 2, 4, '2023-10-01', 45, 29250, '2023-10-01 10:05:00'),
                                                                                                                             (6, 3, 5, '2023-10-01', 30, 25500, '2023-10-01 11:00:00'),
                                                                                                                             (7, 1, 6, '2023-10-02', 35, 21000, '2023-10-02 09:00:00'),
                                                                                                                             (8, 2, 7, '2023-10-02', 25, 60000, '2023-10-02 10:00:00'),
                                                                                                                             (9, 3, 8, '2023-10-02', 40, 14000, '2023-10-02 11:00:00'),
                                                                                                                             (10, 1, 9, '2023-10-02', 30, 12000, '2023-10-02 09:10:00');

-- 10. 수요 예측 데이터 추가
INSERT INTO `demand_prediction` (`prediction_id`, `store_id`, `product_id`, `date`, `predicted_quantity`, `confidence_level`, `weather_factor`, `seasonal_factor`, `created_at`) VALUES
(1, 1, 1, '2023-10-06', 55, 0.85, 0.75, 0.90, '2023-10-05 00:00:00'),
(2, 1, 2, '2023-10-06', 45, 0.82, 0.70, 0.85, '2023-10-05 00:00:00'),
(3, 1, 3, '2023-10-06', 65, 0.88, 0.80, 0.95, '2023-10-05 00:00:00'),
(4, 2, 1, '2023-10-06', 60, 0.87, 0.78, 0.93, '2023-10-05 00:00:00'),
(5, 2, 4, '2023-10-06', 50, 0.84, 0.72, 0.88, '2023-10-05 00:00:00'),
(6, 3, 5, '2023-10-06', 35, 0.80, 0.65, 0.85, '2023-10-05 00:00:00'),
(7, 1, 6, '2023-10-06', 40, 0.83, 0.70, 0.90, '2023-10-05 00:00:00'),
(8, 2, 7, '2023-10-06', 30, 0.81, 0.68, 0.85, '2023-10-05 00:00:00'),
(9, 3, 8, '2023-10-06', 45, 0.85, 0.75, 0.92, '2023-10-05 00:00:00'),
(10, 1, 9, '2023-10-06', 35, 0.82, 0.70, 0.87, '2023-10-05 00:00:00');

-- 11. 이상 탐지 데이터 추가
INSERT INTO `anomaly_detection` (`anomaly_id`, `store_id`, `type`, `detection_time`, `severity`, `description`, `is_resolved`, `resolution_notes`, `created_at`, `updated_at`) VALUES
(1, 1, '재고 급감', '2023-10-01 14:23:15', 4, '삼각김밥 참치 제품의 재고가 1시간 내에 30개 이상 감소했습니다.', TRUE, '특별 할인 행사로 인한 정상적인 판매량 증가', '2023-10-01 14:23:15', '2023-10-01 16:45:00');


