-- 기본 테이블(독립 테이블) 데이터 먼저 삽입


-- 1. store(매장) 데이터
-- 매장 데이터 추가
INSERT INTO store (store_id, store_name, store_addr, store_tel, store_created_at, store_cert, store_acc)
VALUES
-- 서울특별시 종로구 매장 (3개)
(1, '종로점', '서울특별시 종로구 종로 1길 10', '02-1234-5678', '2023-01-01 09:00:00', 'https://example.com/cert/jongno.jpg', 'https://example.com/accounts/jongno.jpg'),
(2, '광화문점', '서울특별시 종로구 세종대로 21', '02-2345-6789', '2023-01-22 09:00:00', 'https://example.com/cert/gwanghwamun.jpg', 'https://example.com/accounts/gwanghwamun.jpg'),
(3, '인사동점', '서울특별시 종로구 인사동길 12', '02-3456-7890', '2023-04-16 09:00:00', 'https://example.com/cert/insadong.jpg', 'https://example.com/accounts/insadong.jpg'),

-- 서울특별시 강북구 매장 (3개)
(4, '수유점', '서울특별시 강북구 도봉로 71', '02-4567-8901', '1997-01-01 09:00:00', 'https://example.com/cert/suyu.jpg', 'https://example.com/accounts/suyu.jpg'),
(5, '미아점', '서울특별시 강북구 삼양로 153', '02-5678-9012', '2025-01-01 09:00:00', 'https://example.com/cert/mia.jpg', 'https://example.com/accounts/mia.jpg'),
(6, '번동점', '서울특별시 강북구 번동로 45', '02-6789-0123', '2023-01-07 09:00:00', 'https://example.com/cert/beondong.jpg', 'https://example.com/accounts/beondong.jpg'),

-- 서울특별시 강남구 매장 (4개)
(7, '강남점', '서울특별시 강남구 강남대로 123', '02-7890-1234', '2024-02-01 09:00:00', 'https://example.com/cert/gangnam.jpg', 'https://example.com/accounts/gangnam.jpg'),
(8, '신사점', '서울특별시 강남구 압구정로 45', '02-8901-2345', '2022-03-12 09:00:00', 'https://example.com/cert/sinsa.jpg', 'https://example.com/accounts/sinsa.jpg'),
(9, '논현점', '서울특별시 강남구 논현로 67', '02-9012-3456', '2021-01-01 09:00:00', 'https://example.com/cert/nonhyeon.jpg', 'https://example.com/accounts/nonhyeon.jpg'),
(10, '삼성점', '서울특별시 강남구 테헤란로 89', '02-0123-4567', '2023-12-22 09:00:00', 'https://example.com/cert/samsung.jpg', 'https://example.com/accounts/samsung.jpg');

-- 2. category(카테고리) 데이터
INSERT INTO `category` (`category_id`, `category_name`, `category_filter`, `parent_category_id`) VALUES
-- 대분류 (최상위 카테고리)
(1, '식품', 1, NULL),
(2, '음료', 1, NULL),
(3, '생활용품', 1, NULL),

-- 중분류 (식품의 하위 카테고리)
(4, '과자/스낵', 2, 1),
(7, '냉장식품', 2, 1),
(8, '냉동식품', 2, 1),

-- 중분류 (음료의 하위 카테고리)
(5, '아이스크림', 2, 2),
(6, '주류', 2, 2),
(11, '커피/차', 2, 2),
(12, '주스', 2, 2),
(13, '탄산음료', 2, 2),

-- 중분류 (생활용품의 하위 카테고리)
(14, '세제류', 2, 3),
(15, '화장지/물티슈', 2, 3),

-- 소분류 (과자/스낵의 하위 카테고리)
(16, '초콜릿', 3, 4),
(17, '비스킷/쿠키', 3, 4),

-- 소분류 (냉장식품의 하위 카테고리)
(9, '샌드위치', 3, 7),

-- 소분류 (냉동식품의 하위 카테고리)
(10, '도시락', 3, 8),

-- 소분류 (커피/차의 하위 카테고리)
(18, '아메리카노', 3, 11),
(19, '라떼', 3, 11),
(20, '녹차/홍차', 3, 11),

-- 소분류 (아이스크림의 하위 카테고리)
(23, '바', 3, 5),
(24, '콘', 3, 5),
(25, '캔디바', 3, 5),

-- 소분류 (주류의 하위 카테고리)
(26, '소주', 3, 6),
(27, '맥주', 3, 6),
(28, '전통주', 3, 6),

-- 소분류 (주스의 하위 카테고리)
(29, '과일주스', 3, 12),
(30, '야채주스', 3, 12),
(31, '혼합주스', 3, 12),

-- 소분류 (탄산음료의 하위 카테고리)
(32, '콜라', 3, 13),
(33, '사이다', 3, 13);

-- 3. ai_model(AI 모델) 데이터
INSERT INTO `ai_model` (`model_id`, `name`, `type`, `version`, `parameters`, `accuracy`, `training_date`, `is_active`, `created_at`, `updated_at`) VALUES
(1, '재고예측모델', '시계열예측', '1.0.0', '{"learning_rate": 0.01, "layers": 3, "hidden_units": 64}', 87.5, '2023-05-15 00:00:00', TRUE, '2023-05-15 12:30:00', '2023-05-15 12:30:00'),
(2, '판매량예측모델', '회귀분석', '2.1.0', '{"algorithm": "random_forest", "max_depth": 10, "n_estimators": 100}', 92.3, '2023-06-20 00:00:00', TRUE, '2023-06-20 14:45:00', '2023-07-15 09:30:00'),
(3, '이상감지모델', '이상탐지', '1.5.0', '{"threshold": 0.85, "window_size": 24, "feature_count": 12}', 78.6, '2023-07-01 00:00:00', TRUE, '2023-07-01 10:15:00', '2023-09-01 16:20:00'),
(4, '고객행동예측', '분류', '0.9.5', '{"algorithm": "svm", "kernel": "rbf", "C": 1.0}', 81.2, '2023-08-10 00:00:00', FALSE, '2023-08-10 11:00:00', '2023-08-10 11:00:00'),
(5, '가격최적화모델', '강화학습', '0.7.0', '{"discount_factor": 0.95, "epochs": 500, "batch_size": 32}', 75.8, '2023-09-05 00:00:00', TRUE, '2023-09-05 15:30:00', '2023-10-01 13:45:00');

-- 4. weather_data(날씨) 데이터
INSERT INTO `weather_data` (`weather_id`, `location`, `date`, `temperature`, `condition`, `humidity`, `precipitation`, `created_at`) VALUES
(1, '서울', '2023-10-01', 22.5, '맑음', 45, 0.0, '2023-10-01 00:10:00'),
(2, '서울', '2023-10-02', 23.1, '구름조금', 50, 0.0, '2023-10-02 00:10:00'),
(3, '서울', '2023-10-03', 20.8, '흐림', 65, 5.2, '2023-10-03 00:10:00'),
(4, '서울', '2023-10-04', 18.5, '비', 80, 15.7, '2023-10-04 00:10:00'),
(5, '서울', '2023-10-05', 19.2, '비', 75, 8.3, '2023-10-05 00:10:00'),
(6, '부산', '2023-10-01', 24.7, '맑음', 50, 0.0, '2023-10-01 00:10:00'),
(7, '부산', '2023-10-02', 25.3, '맑음', 55, 0.0, '2023-10-02 00:10:00'),
(8, '부산', '2023-10-03', 24.9, '구름조금', 60, 0.0, '2023-10-03 00:10:00'),
(9, '부산', '2023-10-04', 22.1, '흐림', 70, 2.5, '2023-10-04 00:10:00'),
(10, '부산', '2023-10-05', 21.5, '비', 85, 12.3, '2023-10-05 00:10:00');

-- 5. product(상품) 데이터 추가 (카테고리 체계 변경에 맞게 수정)
INSERT INTO `product` (`product_id`, `category_id`, `pro_name`, `pro_barcode`, `pro_cost`, `pro_sell_cost`, `pro_created_at`, `pro_update_at`, `pro_image`, `is_promo`) VALUES
-- 냉장식품(7) 카테고리의 상품들
(1, 7,  '삼각김밥 참치', 8801234567890, 450, 1200, '2023-01-15 08:00:00', '2023-01-15 08:00:00', 'https://example.com/images/samgak_tuna.jpg', 0),
(2, 7, '삼각김밥 불고기', 8801234567891, 500, 1300, '2023-01-15 08:10:00', '2023-01-15 08:10:00', 'https://example.com/images/samgak_bulgogi.jpg', 0),

-- 탄산음료(13) 카테고리의 상품들
(3, 13,  '콜라 500ml', 8801234567892, 700, 1500, '2023-01-15 09:00:00', '2023-01-15 09:00:00', 'https://example.com/images/cola_500.jpg', 0),
(4, 13,  '사이다 500ml', 8801234567893, 650, 1500, '2023-01-15 09:05:00', '2023-01-15 09:05:00', 'https://example.com/images/cider_500.jpg', 0),

-- 화장지/물티슈(15) 카테고리의 상품
(5, 15,  '물티슈 60매', 8801234567894, 850, 1800, '2023-01-16 10:00:00', '2023-01-16 10:00:00', 'https://example.com/images/wipes_60.jpg', 0),

-- 과자/스낵(4) 카테고리의 상품
(6, 4, '포테이토칩 오리지널', 8801234567895, 600, 1500, '2023-01-16 10:30:00', '2023-01-16 10:30:00', 'https://example.com/images/potato_org.jpg', 0),

-- 초콜릿(16) 카테고리의 상품
(7, 16,  '초코파이 12개입', 8801234567896, 2400, 3800, '2023-01-16 11:00:00', '2023-01-16 11:00:00', 'https://example.com/images/choco_pie.jpg', 0),

-- 아이스크림(5) 카테고리의 상품들
(8, 5,  '메로나', 8801234567897, 350, 1000, '2023-01-17 09:00:00', '2023-01-17 09:00:00', 'https://example.com/images/melona.jpg', 1),
(9, 5,  '비비빅', 8801234567898, 400, 1200, '2023-01-17 09:10:00', '2023-01-17 09:10:00', 'https://example.com/images/bbibig.jpg', 1),

-- 주류(6) 카테고리의 상품
(10, 6, '참이슬 후레쉬 360ml', 8801234567899, 950, 1700, '2023-01-18 10:00:00', '2023-01-18 10:00:00', 'https://example.com/images/soju_fresh.jpg', 0),

-- 냉장식품(7) 카테고리의 상품
(11, 7, '요구르트 4입', 8801234567900, 1800, 3200, '2023-01-19 08:00:00', '2023-01-19 08:00:00', 'https://example.com/images/yogurt_4.jpg', 0),

-- 냉동식품(8) 카테고리의 상품
(12, 8, '냉동만두 420g', 8801234567901, 3500, 6500, '2023-01-19 08:30:00', '2023-01-19 08:30:00', 'https://example.com/images/frozen_mandu.jpg', 0),

-- 샌드위치(9) 카테고리의 상품
(13, 9,  '햄치즈 샌드위치', 8801234567902, 1800, 3500, '2023-01-20 07:00:00', '2023-01-20 07:00:00', 'https://example.com/images/ham_cheese_sandwich.jpg', 0),

-- 도시락(10) 카테고리의 상품들
(14, 10,  '김치볶음밥 도시락', 8801234567903, 2500, 4500, '2023-01-20 07:30:00', '2023-01-20 07:30:00', 'https://example.com/images/kimchi_dosirak.jpg', 0),
(15, 10, '제육볶음 도시락', 8801234567904, 2700, 4800, '2023-01-20 07:35:00', '2023-01-20 07:35:00', 'https://example.com/images/jeyuk_dosirak.jpg', 0),

-- 추가 상품들: 다양한 카테고리에 맞게 추가
-- 커피/차(11) 카테고리의 상품들
(16, 18, '아메리카노 250ml', 8801234567905, 800, 1800, '2023-01-21 08:00:00', '2023-01-21 08:00:00', 'https://example.com/images/americano.jpg', 0),
(17, 19, '카페라떼 250ml', 8801234567906, 900, 2000, '2023-01-21 08:10:00', '2023-01-21 08:10:00', 'https://example.com/images/latte.jpg', 0),
(18, 20, '녹차 500ml', 8801234567907, 750, 1600, '2023-01-21 08:20:00', '2023-01-21 08:20:00', 'https://example.com/images/green_tea.jpg', 0),

-- 주스(12) 카테고리의 상품들
(19, 12, '오렌지주스 500ml', 8801234567908, 900, 1900, '2023-01-22 09:00:00', '2023-01-22 09:00:00', 'https://example.com/images/orange_juice.jpg', 0),
(20, 12, '사과주스 500ml', 8801234567909, 850, 1800, '2023-01-22 09:10:00', '2023-01-22 09:10:00', 'https://example.com/images/apple_juice.jpg', 0),

-- 비스킷/쿠키(17) 카테고리의 상품
(21, 17, '초코칩쿠키 8개입', 8801234567910, 1800, 3500, '2023-01-23 10:00:00', '2023-01-23 10:00:00', 'https://example.com/images/choco_cookies.jpg', 0),

-- 세제류(14) 카테고리의 상품
(22, 14, '주방세제 500ml', 8801234567911, 1500, 3000, '2023-01-24 11:00:00', '2023-01-24 11:00:00', 'https://example.com/images/dish_soap.jpg', 0),

-- 아이스크림 바(23) 카테고리의 상품들
(23, 23, '월드콘', 8801234567912, 800, 2000, '2024-01-25 09:00:00', '2024-01-25 09:00:00', 'https://example.com/images/worldcone.jpg', 0),
(24, 23, '구구콘', 8801234567913, 700, 1800, '2024-01-25 09:05:00', '2024-01-25 09:05:00', 'https://example.com/images/gugucone.jpg', 0),

-- 아이스크림 콘(24) 카테고리의 상품들
(25, 24, '설레임', 8801234567914, 900, 2200, '2024-01-25 09:10:00', '2024-01-25 09:10:00', 'https://example.com/images/seolleim.jpg', 0),
(26, 24, '쌍쌍바', 8801234567915, 600, 1500, '2024-01-25 09:15:00', '2024-01-25 09:15:00', 'https://example.com/images/ssangbar.jpg', 0),

-- 소주(26) 카테고리의 상품들
(27, 26, '처음처럼', 8801234567916, 1200, 2500, '2024-01-26 10:00:00', '2024-01-26 10:00:00', 'https://example.com/images/cheoeum.jpg', 0),
(28, 26, '진로', 8801234567917, 1100, 2400, '2024-01-26 10:05:00', '2024-01-26 10:05:00', 'https://example.com/images/jinro.jpg', 0),

-- 맥주(27) 카테고리의 상품들
(29, 27, '카스', 8801234567918, 1500, 3000, '2024-01-26 10:10:00', '2024-01-26 10:10:00', 'https://example.com/images/cass.jpg', 0),
(30, 27, '하이트', 8801234567919, 1400, 2900, '2024-01-26 10:15:00', '2024-01-26 10:15:00', 'https://example.com/images/hite.jpg', 0),

-- 과일주스(29) 카테고리의 상품들
(31, 29, '델몬트 오렌지', 8801234567920, 1200, 2500, '2024-01-27 11:00:00', '2024-01-27 11:00:00', 'https://example.com/images/delmonte_orange.jpg', 0),
(32, 29, '델몬트 포도', 8801234567921, 1200, 2500, '2024-01-27 11:05:00', '2024-01-27 11:05:00', 'https://example.com/images/delmonte_grape.jpg', 0),

-- 야채주스(30) 카테고리의 상품들
(33, 30, '토마토주스', 8801234567922, 1300, 2700, '2024-01-27 11:10:00', '2024-01-27 11:10:00', 'https://example.com/images/tomato_juice.jpg', 0),
(34, 30, '당근주스', 8801234567923, 1300, 2700, '2024-01-27 11:15:00', '2024-01-27 11:15:00', 'https://example.com/images/carrot_juice.jpg', 0),

-- 콜라(32) 카테고리의 상품들
(35, 32, '코카콜라 제로', 8801234567924, 800, 1800, '2024-01-28 12:00:00', '2024-01-28 12:00:00', 'https://example.com/images/coke_zero.jpg', 0),
(36, 32, '펩시', 8801234567925, 750, 1700, '2024-01-28 12:05:00', '2024-01-28 12:05:00', 'https://example.com/images/pepsi.jpg', 0),

-- 사이다(33) 카테고리의 상품들
(37, 33, '칠성사이다 제로', 8801234567926, 800, 1800, '2024-01-28 12:10:00', '2024-01-28 12:10:00', 'https://example.com/images/cider_zero.jpg', 0),
(38, 33, '스프라이트', 8801234567927, 750, 1700, '2024-01-28 12:15:00', '2024-01-28 12:15:00', 'https://example.com/images/sprite.jpg', 0);

-- 6. 상품 세부항목(product_details) 데이터
INSERT INTO `product_details` (`pro_detail_id`, `product_id`, `manufacturer`, `manu_num`, `shelf_life`, `allergens`, `storage_method`) VALUES
(1, 1, '삼각김밥 주식회사', '02-123-4567', '제조일로부터 1일', '쌀, 참치(대두,밀 함유)', '냉장보관'),
(2, 2, '삼각김밥 주식회사', '02-123-4567', '제조일로부터 1일', '쌀, 불고기(대두,밀 함유)', '냉장보관'),
(3, 3, '코카콜라', '02-456-7890', '제조일로부터 12개월', NULL, '직사광선을 피해 서늘한 곳에 보관'),
(4, 4, '칠성사이다', '02-567-8901', '제조일로부터 12개월', NULL, '직사광선을 피해 서늘한 곳에 보관'),
(5, 5, '크리넥스', '02-678-9012', NULL, NULL, '직사광선을 피해 건조한 곳에 보관'),
(6, 6, '롯데제과', '02-789-0123', '제조일로부터 6개월', '밀, 대두', '직사광선을 피해 서늘한 곳에 보관'),
(7, 7, '오리온', '02-890-1234', '제조일로부터 6개월', '밀, 대두, 계란', '직사광선을 피해 서늘한 곳에 보관'),
(8, 8, '빙그레', '02-901-2345', '제조일로부터 12개월', '우유', '냉동보관'),
(9, 9, '롯데제과', '02-789-0123', '제조일로부터 12개월', '우유', '냉동보관'),
(10, 10, '하이트진로', '02-012-3456', '제조일로부터 12개월', NULL, '직사광선을 피해 서늘한 곳에 보관'),
(11, 11, '남양유업', '02-123-4567', '제조일로부터 30일', '우유', '냉장보관'),
(12, 12, 'CJ제일제당', '02-234-5678', '제조일로부터 12개월', '밀, 대두, 돼지고기', '냉동보관'),
(13, 13, '편의점샌드위치', '02-345-6789', '제조일로부터 1일', '밀, 계란, 우유', '냉장보관'),
(14, 14, '한국도시락', '02-456-7890', '제조일로부터 2일', '쌀, 김치(고춧가루)', '냉장보관'),
(15, 15, '한국도시락', '02-456-7890', '제조일로부터 2일', '쌀, 돼지고기, 대두', '냉장보관'),
(16, 16, '스타벅스', '02-567-8901', '제조일로부터 180일', NULL, '직사광선을 피해 서늘한 곳에 보관'),
(17, 17, '스타벅스', '02-567-8901', '제조일로부터 180일', '우유', '직사광선을 피해 서늘한 곳에 보관'),
(18, 18, '동서식품', '02-678-9012', '제조일로부터 365일', NULL, '직사광선을 피해 서늘한 곳에 보관'),
(19, 19, '델몬트', '02-789-0123', '제조일로부터 180일', NULL, '직사광선을 피해 서늘한 곳에 보관'),
(20, 20, '해태음료', '02-890-1234', '제조일로부터 180일', NULL, '직사광선을 피해 서늘한 곳에 보관'),
(21, 21, '롯데제과', '02-901-2345', '제조일로부터 180일', '밀, 대두, 계란', '직사광선을 피해 서늘한 곳에 보관'),
(22, 22, '애경', '02-012-3456', '제조일로부터 730일', NULL, '직사광선을 피해 서늘한 곳에 보관'),
(23, 23, '빙그레', '02-901-2345', '제조일로부터 12개월', '우유', '냉동보관'),
(24, 24, '롯데제과', '02-789-0123', '제조일로부터 12개월', '우유', '냉동보관'),
(25, 25, '빙그레', '02-901-2345', '제조일로부터 12개월', '우유', '냉동보관'),
(26, 26, '롯데제과', '02-789-0123', '제조일로부터 12개월', '우유', '냉동보관'),
(27, 27, '롯데주류', '02-345-6789', '제조일로부터 12개월', NULL, '직사광선을 피해 서늘한 곳에 보관'),
(28, 28, '진로', '02-456-7890', '제조일로부터 12개월', NULL, '직사광선을 피해 서늘한 곳에 보관'),
(29, 29, '오비맥주', '02-567-8901', '제조일로부터 12개월', NULL, '직사광선을 피해 서늘한 곳에 보관'),
(30, 30, '하이트맥주', '02-678-9012', '제조일로부터 12개월', NULL, '직사광선을 피해 서늘한 곳에 보관'),
(31, 31, '델몬트', '02-789-0123', '제조일로부터 180일', NULL, '직사광선을 피해 서늘한 곳에 보관'),
(32, 32, '델몬트', '02-789-0123', '제조일로부터 180일', NULL, '직사광선을 피해 서늘한 곳에 보관'),
(33, 33, '해태음료', '02-890-1234', '제조일로부터 180일', NULL, '직사광선을 피해 서늘한 곳에 보관'),
(34, 34, '해태음료', '02-890-1234', '제조일로부터 180일', NULL, '직사광선을 피해 서늘한 곳에 보관'),
(35, 35, '코카콜라', '02-456-7890', '제조일로부터 12개월', NULL, '직사광선을 피해 서늘한 곳에 보관'),
(36, 36, '롯데칠성', '02-567-8901', '제조일로부터 12개월', NULL, '직사광선을 피해 서늘한 곳에 보관'),
(37, 37, '롯데칠성', '02-567-8901', '제조일로부터 12개월', NULL, '직사광선을 피해 서늘한 곳에 보관'),
(38, 38, '코카콜라', '02-456-7890', '제조일로부터 12개월', NULL, '직사광선을 피해 서늘한 곳에 보관');

-- 7. sales_statistics(판매 통계) 데이터
INSERT INTO `sales_statistics` (`stats_id`, `store_id`, `category_id`, `date`, `hour`, `total_sales`, `transaction_count`, `avg_transaction`, `created_at`) VALUES
(1, 1, 1, '2023-10-01', '2023-10-01 12:00:00', 58500.00, 45, 1300.00, '2023-10-01 23:59:00'),
(2, 1, 2, '2023-10-01', '2023-10-01 12:00:00', 42000.00, 28, 1500.00, '2023-10-01 23:59:00'),
(3, 1, 4, '2023-10-01', '2023-10-01 12:00:00', 35250.00, 22, 1602.27, '2023-10-01 23:59:00'),
(4, 2, 1, '2023-10-01', '2023-10-01 12:00:00', 63750.00, 50, 1275.00, '2023-10-01 23:59:00'),
(5, 2, 2, '2023-10-01', '2023-10-01 12:00:00', 51000.00, 34, 1500.00, '2023-10-01 23:59:00'),
(6, 3, 1, '2023-10-01', '2023-10-01 12:00:00', 48750.00, 38, 1282.89, '2023-10-01 23:59:00'),
(7, 1, 1, '2023-10-02', '2023-10-02 12:00:00', 62400.00, 48, 1300.00, '2023-10-02 23:59:00'),
(8, 1, 2, '2023-10-02', '2023-10-02 12:00:00', 43500.00, 29, 1500.00, '2023-10-02 23:59:00'),
(9, 2, 1, '2023-10-02', '2023-10-02 12:00:00', 59800.00, 47, 1272.34, '2023-10-02 23:59:00'),
(10, 3, 2, '2023-10-02', '2023-10-02 12:00:00', 54000.00, 36, 1500.00, '2023-10-02 23:59:00');

-- 8. inventory_statistics(재고 통계) 데이터
INSERT INTO `inventory_statistics` (`stats_id`, `store_id`, `category_id`, `date`, `turnover_rate`, `stock_value`, `low_stock_count`, `excess_stock_count`, `expired_soon_count`, `created_at`) VALUES
(1, 1, 1, '2023-10-01', 3.75, 125000.00, 2, 1, 3, '2023-10-01 23:59:00'),
(2, 1, 2, '2023-10-01', 2.50, 87500.00, 1, 2, 0, '2023-10-01 23:59:00'),
(3, 1, 4, '2023-10-01', 1.85, 65000.00, 0, 3, 0, '2023-10-01 23:59:00'),
(4, 2, 1, '2023-10-01', 4.10, 135000.00, 3, 0, 2, '2023-10-01 23:59:00'),
(5, 2, 2, '2023-10-01', 3.25, 95000.00, 2, 1, 0, '2023-10-01 23:59:00'),
(6, 3, 1, '2023-10-01', 3.50, 110000.00, 1, 1, 1, '2023-10-01 23:59:00'),
(7, 1, 1, '2023-10-02', 3.90, 130000.00, 1, 1, 4, '2023-10-02 23:59:00'),
(8, 1, 2, '2023-10-02', 2.70, 90000.00, 2, 1, 0, '2023-10-02 23:59:00'),
(9, 2, 1, '2023-10-02', 4.25, 140000.00, 2, 0, 3, '2023-10-02 23:59:00'),
(10, 3, 2, '2023-10-02', 3.50, 105000.00, 1, 2, 0, '2023-10-02 23:59:00');

-- 9. order_stats(발주 통계) 데이터
INSERT INTO `order_stats` (`ostats_id`, `store_id`, `product_id`, `order_date`, `quantity`, `total_price`, `created_at`) VALUES
(1, 1, 1, '2023-10-01', 50, 22500, '2023-10-01 09:00:00'),
(2, 1, 2, '2023-10-01', 40, 20000, '2023-10-01 09:05:00'),
(3, 1, 3, '2023-10-01', 60, 42000, '2023-10-01 09:10:00'),
(4, 2, 1, '2023-10-01', 60, 27000, '2023-10-01 10:00:00'),
(5, 2, 4, '2023-10-01', 45, 29250, '2023-10-01 10:05:00'),
(6, 3, 5, '2023-10-01', 30, 25500, '2023-10-01 11:00:00'),
(7, 1, 6, '2023-10-02', 35, 21000, '2023-10-02 09:00:00'),
(8, 2, 7, '2023-10-02', 25, 60000, '2023-10-02 10:00:00'),
(9, 3, 8, '2023-10-02', 40, 14000, '2023-10-02 11:00:00'),
(10, 1, 9, '2023-10-02', 30, 12000, '2023-10-02 09:10:00');

-- 10. demand_prediction(수요 예측) 데이터
INSERT INTO `demand_prediction` (`prediction_id`, `store_id`, `product_id`, `date`, `predicted_quantity`, `confidence_level`, `weather_factor`, `seasonal_factor`, `created_at`) VALUES
(1, 1, 1, '2023-10-06', 55, 0.85, 0.75, 0.90, '2023-10-05 00:00:00'),
(2, 1, 2, '2023-10-06', 45, 0.82, 0.70, 0.85, '2023-10-05 00:00:00'),
(3, 1, 3, '2023-10-06', 65, 0.88, 0.80, 0.95, '2023-10-05 00:00:00'),
(4, 2, 1, '2023-10-06', 60, 0.87, 0.78, 0.93, '2023-10-05 00:00:00'),
(5, 2, 4, '2023-10-06', 50, 0.84, 0.72, 0.88, '2023-10-05 00:00:00'),
(6, 3, 5, '2023-10-06', 35, 0.80, 0.65, 0.85, '2023-10-05 00:00:00'),
(7, 1, 6, '2023-10-06', 40, 0.83, 0.70, 0.90, '2023-10-05 00:00:00'),
(8, 2, 7, '2023-10-06', 30, 0.81, 0.68, 0.85, '2023-10-05 00:00:00'),
(9, 3, 8, '2023-10-06', 45, 0.85, 0.75, 0.92, '2023-10-05 00:00:00'),
(10, 1, 9, '2023-10-06', 35, 0.82, 0.70, 0.87, '2023-10-05 00:00:00');

-- 11. anomaly_detection(이상 탐지) 데이터
INSERT INTO `anomaly_detection` (`anomaly_id`, `store_id`, `type`, `detection_time`, `severity`, `description`, `is_resolved`, `resolution_notes`, `created_at`, `updated_at`) VALUES
(1, 1, '재고 급감', '2023-10-01 14:23:15', 4, '삼각김밥 참치 제품의 재고가 1시간 내에 30개 이상 감소했습니다.', TRUE, '특별 할인 행사로 인한 정상적인 판매량 증가', '2023-10-01 14:23:15', '2023-10-01 16:45:00');

-- 12. part_timer(아르바이트) 데이터

-- part_status 정의

-- 1: 재직
-- 2: 퇴사
-- 3: 휴직

-- salary_type 정의

-- 1: 시급
-- 2: 월급

INSERT INTO part_timer (part_timer_id, store_id, name, gender, phone, addres, birth_date, hire_date, resign_date, salary_type, hourly_wage, account_bank, account_number, part_status, created_at) VALUES
(1, 1, '한예지', 2, '010-5485-3489', '충청북도 부천시 원미구 도산대길 (지후최마을)', '1999-03-23', '2023-09-12', NULL, 1, 9620, '국민은행', 'TMYL90277167014508', 1, '2025-04-22 23:22:44'),
(2, 1, '김현주', 1, '010-4026-1429', '부산광역시 마포구 서초중앙거리 (성수류손마을)', '1986-03-04', '2023-05-04', NULL, 1, 10500, '우리은행', 'UFQP72175354083866', 1, '2025-02-15 15:10:45'),
(3, 1, '박영환', 2, '010-4783-4804', '세종특별자치시 양천구 봉은사01가', '1998-05-06', '2023-05-22', NULL, 1, 9620, '우리은행', 'RRAC99488375503758', 1, '2025-04-02 20:57:45'),
(4, 1, '이예원', 1, '010-6886-2302', '인천광역시 종로구 영동대488거리', '1987-12-07', '2023-05-30', NULL, 1, 10500, '신한은행', 'FPEW61493316373516', 1, '2025-01-10 00:42:26'),
(5, 1, '홍은서', 1, '010-9230-8680', '경상남도 태안군 서초중앙로 (민지이마을)', '2000-09-29', '2025-04-11', NULL, 1, 10500, '우리은행', 'QYFW92216995866934', 1, '2025-03-19 06:12:30'),
(6, 2, '주예원', 2, '010-4014-7348', '충청북도 원주시 잠실83길', '1991-06-14', '2024-08-21', NULL, 1, 10000, '신한은행', 'WJVL22885158799684', 1, '2025-03-24 00:27:47'),
(7, 2, '박경자', 1, '010-3683-4166', '경기도 청주시 상당구 논현거리', '1989-10-16', '2023-12-03', NULL, 1, 9620, '국민은행', 'VIEB43805719838638', 1, '2025-02-25 20:29:35'),
(8, 2, '김영미', 2, '010-1245-5421', '전라남도 천안시 서북구 압구정거리 (수진황리)', '1991-12-28', '2025-04-01', NULL, 1, 10000, '국민은행', 'UWWU59893347212281', 1, '2025-03-15 05:52:16'),
(9, 2, '이상훈', 1, '010-4351-2083', '전라북도 파주시 반포대202거리', '2004-08-15', '2023-06-03', NULL, 1, 9620, '신한은행', 'YUTV47985158328182', 1, '2025-03-22 18:22:48'),
(10, 2, '이순자', 2, '010-6323-8496', '전라남도 연천군 양재천9가', '2003-06-01', '2025-01-23', NULL, 1, 9620, '신한은행', 'YUAD57399305616484', 1, '2025-01-05 19:08:13'),
(11, 3, '류영미', 2, '010-1685-7232', '경상남도 성남시 가락5로 (성호곽마을)', '2002-06-16', '2023-04-30', NULL, 1, 10500, '신한은행', 'UCGV36138612075011', 1, '2025-01-11 12:54:27'),
(12, 3, '김도윤', 2, '010-9784-9605', '전라북도 원주시 반포대665로', '1997-07-26', '2024-09-28', NULL, 1, 10500, '우리은행', 'DRAU91901581449147', 1, '2025-03-16 01:30:57'),
(13, 3, '장영수', 1, '010-9530-2791', '충청북도 진천군 잠실24거리', '1984-09-10', '2024-06-27', NULL, 1, 10000, '신한은행', 'REDB09968814353682', 1, '2025-02-01 06:06:06'),
(14, 3, '강상훈', 1, '010-5025-9498', '대구광역시 서초구 잠실가', '2003-01-06', '2023-06-20', NULL, 1, 10500, '신한은행', 'JVCI13975523149135', 1, '2025-04-05 08:16:38'),
(15, 3, '강성수', 1, '010-7347-9456', '전라남도 용인시 기흥구 역삼5길', '1991-11-08', '2024-10-29', NULL, 1, 10500, '국민은행', 'XUNI52577754781291', 1, '2025-02-24 11:45:54'),
(16, 4, '김유진', 1, '010-5770-8201', '부산광역시 송파구 압구정로 (은경김김면)', '2002-10-22', '2025-03-19', NULL, 1, 10000, '신한은행', 'RPUY25639427881658', 1, '2025-01-03 01:21:38'),
(17, 4, '홍지원', 2, '010-8558-3727', '제주특별자치도 광명시 역삼9길', '2000-10-06', '2024-01-28', NULL, 1, 10000, '신한은행', 'BHYP31453038567700', 1, '2025-03-04 22:16:51'),
(18, 4, '주재현', 1, '010-9470-3330', '광주광역시 영등포구 개포가 (서현배김면)', '1997-02-12', '2025-03-29', NULL, 1, 10000, '우리은행', 'HQML57790827231843', 1, '2025-01-30 04:10:15'),
(19, 4, '이정웅', 2, '010-2481-9202', '인천광역시 마포구 봉은사77길', '2004-06-01', '2023-08-28', NULL, 1, 9620, '국민은행', 'UNAH02992280920242', 1, '2025-04-11 07:43:12'),
(20, 4, '조윤서', 1, '010-7440-7775', '광주광역시 용산구 반포대가', '2000-09-13', '2023-09-04', NULL, 1, 10000, '신한은행', 'HNTE92984257991366', 1, '2025-01-26 16:09:29'),
(21, 5, '김준호', 1, '010-3930-8433', '충청북도 당진시 역삼가 (지영박동)', '1987-06-27', '2024-05-03', NULL, 1, 10500, '우리은행', 'VETR06865086376599', 1, '2025-01-19 23:23:37'),
(22, 5, '김정훈', 1, '010-8449-2477', '광주광역시 동작구 강남대0로', '2003-12-24', '2024-06-03', NULL, 1, 10000, '신한은행', 'DQAM35651269448695', 1, '2025-02-23 12:12:18'),
(23, 5, '이서영', 1, '010-3024-2494', '충청북도 양주시 강남대95가 (지민윤읍)', '1999-07-06', '2024-12-23', NULL, 1, 9620, '우리은행', 'WFDG86589026012796', 1, '2025-01-18 02:45:55'),
(24, 5, '김도현', 2, '010-6946-2397', '울산광역시 서대문구 백제고분2가', '1999-04-02', '2023-05-03', NULL, 1, 10500, '우리은행', 'GVZQ43098839205302', 1, '2025-01-17 20:43:00'),
(25, 5, '황순자', 2, '010-9383-3619', '경상북도 논산시 서초대로 (지혜최마을)', '2004-02-24', '2024-01-20', NULL, 1, 10000, '우리은행', 'LIHT37690426818184', 1, '2025-03-08 00:21:21'),
(26, 6, '송현주', 2, '010-1719-3799', '세종특별자치시 서대문구 언주77로 (상훈김강읍)', '1992-02-20', '2025-01-05', NULL, 1, 10000, '우리은행', 'KNLQ80434165182755', 1, '2025-02-12 10:35:31'),
(27, 6, '이현정', 1, '010-3656-3369', '경상남도 증평군 언주길', '1993-05-06', '2023-10-02', NULL, 1, 9620, '우리은행', 'HGHT52111790807595', 1, '2025-04-06 14:28:20'),
(28, 6, '양은경', 1, '010-7874-6047', '세종특별자치시 동대문구 개포9길 (미영이마을)', '1985-06-03', '2024-05-19', NULL, 1, 10000, '우리은행', 'LMVY27187500369155', 1, '2025-02-20 10:17:35'),
(29, 6, '이서준', 2, '010-5731-3960', '대전광역시 동대문구 선릉6거리 (지민이김읍)', '2003-11-28', '2024-10-08', NULL, 1, 9620, '국민은행', 'HDXI38663227026728', 1, '2025-04-14 16:32:21'),
(30, 6, '안수진', 1, '010-1057-5146', '울산광역시 성동구 도산대길', '1992-12-19', '2024-04-29', NULL, 1, 9620, '신한은행', 'UDOX54558845061593', 1, '2025-04-23 00:20:00'),
(31, 7, '윤보람', 2, '010-9169-9904', '대전광역시 노원구 반포대6거리 (숙자김김면)', '1998-09-01', '2024-08-27', NULL, 1, 9620, '우리은행', 'TSMC12535544964759', 1, '2025-04-12 03:44:10'),
(32, 7, '이보람', 2, '010-4897-4553', '대구광역시 송파구 오금거리', '1987-01-15', '2023-10-05', NULL, 1, 10500, '우리은행', 'FMDD17800681149216', 1, '2025-03-02 01:46:18'),
(33, 7, '서시우', 2, '010-8434-7719', '충청북도 고성군 압구정로', '1996-06-15', '2025-02-21', NULL, 1, 10000, '국민은행', 'KPOR48728299796884', 1, '2025-03-09 09:55:17'),
(34, 7, '김동현', 1, '010-5009-9967', '대전광역시 마포구 테헤란00길 (우진박임리)', '2000-07-18', '2023-12-13', NULL, 1, 10000, '우리은행', 'AYNZ49308536866326', 1, '2025-03-15 11:16:34'),
(35, 7, '김재현', 1, '010-1801-4028', '광주광역시 관악구 선릉1길 (재현윤마을)', '1999-09-20', '2023-11-22', NULL, 1, 9620, '국민은행', 'WTPG50208021442703', 1, '2025-01-18 12:20:54'),
(36, 8, '박성현', 2, '010-1601-3381', '세종특별자치시 은평구 도산대12로 (은경김박읍)', '1992-10-27', '2025-01-18', NULL, 1, 9620, '우리은행', 'MADY36730371837645', 1, '2025-01-31 19:10:58'),
(37, 8, '김현숙', 2, '010-6424-2436', '광주광역시 강서구 논현03로', '1992-05-05', '2024-08-28', NULL, 1, 9620, '국민은행', 'NKAF49163009792513', 1, '2025-01-31 14:55:41'),
(38, 8, '임성진', 2, '010-3920-3643', '서울특별시 은평구 잠실로', '1988-08-05', '2024-05-07', NULL, 1, 10500, '신한은행', 'HKRZ57306524077848', 1, '2025-04-06 03:59:39'),
(39, 8, '김성현', 1, '010-8460-6901', '전라북도 계룡시 학동길 (재현이이동)', '2001-07-12', '2024-02-13', NULL, 1, 9620, '국민은행', 'XFAT59351863878294', 1, '2025-03-04 15:25:30'),
(40, 8, '이동현', 2, '010-6289-7038', '서울특별시 서구 역삼로', '1991-03-11', '2023-07-17', NULL, 1, 10000, '국민은행', 'PGDB96789940539103', 1, '2025-04-06 10:06:56'),
(41, 9, '전예은', 2, '010-2063-5797', '대전광역시 금천구 영동대094로', '1986-09-16', '2025-02-01', NULL, 1, 10000, '국민은행', 'JCGQ11386338392886', 1, '2025-01-21 11:43:54'),
(42, 9, '최정숙', 1, '010-5496-6393', '강원도 안산시 잠실가 (아름박조면)', '1995-01-14', '2024-06-25', NULL, 1, 10500, '신한은행', 'KLNY65939836845776', 1, '2025-01-01 00:54:42'),
(43, 9, '나은서', 1, '010-4425-1953', '전라북도 파주시 언주5로', '1993-09-14', '2025-04-07', NULL, 1, 9620, '우리은행', 'RQRS92107522459334', 1, '2025-02-28 07:30:38'),
(44, 9, '이지훈', 1, '010-8924-5705', '대전광역시 동구 역삼91거리', '1985-08-02', '2024-11-12', NULL, 1, 10000, '우리은행', 'ZSMC05566139060480', 1, '2025-03-04 00:07:22'),
(45, 9, '김예진', 2, '010-5254-9608', '충청북도 성남시 수정구 반포대981길', '1999-01-04', '2023-12-06', NULL, 1, 10500, '우리은행', 'ZMEE51790864168622', 1, '2025-04-04 09:15:40'),
(46, 10, '박은지', 2, '010-3125-9132', '제주특별자치도 금산군 언주로', '1993-05-16', '2024-12-18', NULL, 1, 10500, '우리은행', 'NKVS11665535590425', 1, '2025-03-27 20:50:54'),
(47, 10, '박현숙', 2, '010-9069-3947', '충청남도 청주시 흥덕구 테헤란110길', '1989-05-04', '2025-02-27', NULL, 1, 10500, '국민은행', 'JAKW14770538338848', 1, '2025-04-04 19:03:57'),
(48, 10, '진정자', 2, '010-4171-1025', '울산광역시 영등포구 강남대길', '1986-05-12', '2023-12-01', NULL, 1, 9620, '국민은행', 'GZWT40701645104636', 1, '2025-04-09 17:58:10'),
(49, 10, '김숙자', 2, '010-2932-4396', '대구광역시 중랑구 잠실003거리', '1995-08-31', '2024-05-09', NULL, 1, 10500, '신한은행', 'MXFA55543840460843', 1, '2025-01-30 11:00:40'),
(50, 10, '이민수', 2, '010-1745-6468', '제주특별자치도 청주시 서원구 선릉길 (지훈이마을)', '1995-07-09', '2024-04-07', NULL, 1, 10000, '우리은행', 'REGU29832482629251', 1, '2025-04-19 05:23:38'),
(51, 1, '오보람', 1, '010-1185-4296', '경기도 음성군 선릉47거리', '1989-06-26', '2024-12-20', '2025-01-25', 1, 10500, '신한은행', 'DEFA99499939330517', 2, '2025-01-27 00:53:20'),
(52, 2, '조정희', 2, '010-2111-6042', '대구광역시 남구 서초중앙22길 (도윤권동)', '1993-06-30', '2024-03-10', '2024-08-29', 1, 10000, '우리은행', 'XVGY31279757366096', 2, '2025-03-02 18:12:28'),
(53, 3, '심영환', 2, '010-1100-2865', '부산광역시 양천구 도산대8가', '1985-08-25', '2024-07-01', '2024-11-28', 1, 10500, '신한은행', 'QYUB34764472649082', 2, '2025-04-01 00:26:04'),
(54, 4, '박정희', 2, '010-7488-1477', '대구광역시 강동구 개포가', '1995-04-27', '2024-04-09', '2024-04-18', 1, 9620, '국민은행', 'FOSW37145211175186', 2, '2025-04-10 08:32:18'),
(55, 5, '김유진', 2, '010-6536-8849', '대구광역시 노원구 역삼길', '1990-05-26', '2024-12-12', '2024-12-21', 1, 10000, '국민은행', 'NJJX74212309407778', 2, '2025-01-02 02:47:58'),
(56, 6, '박서윤', 1, '010-8888-3545', '경상남도 원주시 학동903거리 (동현김면)', '1985-07-25', '2023-08-15', '2023-09-09', 1, 10500, '신한은행', 'VSTJ51016224999827', 2, '2025-04-23 10:10:42'),
(57, 6, '김종수', 2, '010-8577-7782', '대전광역시 북구 학동81거리 (성민한이마을)', '1998-05-24', '2024-06-05', '2024-08-25', 1, 10500, '국민은행', 'WGTB19817946954899', 2, '2025-03-10 17:04:33'),
(58, 8, '강예진', 2, '010-6169-9779', '경상남도 안산시 단원구 양재천길 (상훈박동)', '1991-05-15', '2025-01-05', '2025-03-26', 1, 9620, '국민은행', 'NBKL83034414488501', 2, '2025-03-06 17:12:39'),
(59, 9, '오우진', 2, '010-6793-2084', '대구광역시 중랑구 삼성770길', '2000-09-11', '2023-08-23', '2024-12-22', 1, 9620, '신한은행', 'ORKO60849588039551', 2, '2025-01-29 23:48:40'),
(60, 10, '김현준', 1, '010-6556-7147', '경상북도 안산시 단원구 양재천거리', '1985-05-23', '2023-11-21', '2024-10-07', 1, 10500, '우리은행', 'CPHL74384215031780', 2, '2025-04-04 17:22:24'),
(61, 3, '김순자', 1, '010-7382-4070', '제주특별자치도 용인시 처인구 테헤란8길 (예지박마을)', '1988-04-03', '2023-04-28', NULL, 1, 10500, '국민은행', 'JBVT15701840943533', 3, '2025-02-25 15:30:02'),
(62, 2, '이시우', 2, '010-6152-1518', '광주광역시 광진구 강남대로', '1984-10-31', '2024-08-20', NULL, 1, 10000, '신한은행', 'RQDG85854249321495', 3, '2025-04-15 23:16:18'),
(63, 6, '김영수', 1, '010-9143-4893', '부산광역시 서대문구 학동가', '1997-08-25', '2023-09-11', NULL, 1, 10000, '신한은행', 'WTSU79545381792171', 3, '2025-03-30 11:10:34'),
(64, 5, '윤정훈', 2, '010-4541-9603', '충청남도 고양시 일산서구 백제고분거리 (준혁한장면)', '1999-09-27', '2024-05-07', NULL, 1, 10000, '국민은행', 'ACPD57724599281615', 3, '2025-04-18 23:50:46'),
(65, 7, '안옥자', 1, '010-7131-1612', '경상북도 구리시 잠실길 (준영이송마을)', '1998-12-26', '2024-12-24', NULL, 1, 9620, '국민은행', 'NSZK83219719975817', 3, '2025-02-04 05:01:49');

-- 13 shift_schedule(근무 스케줄) 데이터
INSERT INTO shift_schedule (schedule_id, part_timer_id, work_date, start_time, end_time) VALUES
(1, 1, Now(), '2025-04-06 19:00:00', '2025-04-07 01:00:00'),
(2, 1, Now(), '2025-04-03 07:00:00', '2025-04-03 15:00:00'),
(3, 1, Now(), '2025-04-07 19:00:00', '2025-04-08 01:00:00'),
(4, 2, Now(), '2025-04-05 18:00:00', '2025-04-06 02:00:00'),
(5, 2, Now(), '2025-04-05 18:00:00', '2025-04-06 02:00:00'),
(6, 2, Now(), '2025-04-05 07:00:00', '2025-04-05 15:00:00'),
(7, 3, Now(), '2025-04-04 18:00:00', '2025-04-05 02:00:00'),
(8, 3, Now(), '2025-04-06 19:00:00', '2025-04-07 01:00:00'),
(9, 3, Now(), '2025-04-01 18:00:00', '2025-04-02 02:00:00'),
(10, 4, Now(), '2025-04-05 07:00:00', '2025-04-05 15:00:00'),
(11, 4, Now(), '2025-04-07 19:00:00', '2025-04-08 01:00:00'),
(12, 4, Now(), '2025-04-07 19:00:00', '2025-04-08 01:00:00'),
(13, 5, Now(), '2025-04-02 07:00:00', '2025-04-02 15:00:00'),
(14, 5, Now(), '2025-04-07 07:00:00', '2025-04-07 15:00:00'),
(15, 5, Now(), '2025-04-02 07:00:00', '2025-04-02 15:00:00'),
(16, 6, Now(), '2025-04-04 18:00:00', '2025-04-05 02:00:00'),
(17, 6, Now(), '2025-04-04 07:00:00', '2025-04-04 15:00:00'),
(18, 6, Now(), '2025-04-02 18:00:00', '2025-04-03 02:00:00'),
(19, 7, Now(), '2025-04-02 18:00:00', '2025-04-03 02:00:00'),
(20, 7, Now(), '2025-04-05 07:00:00', '2025-04-05 15:00:00'),
(21, 7, Now(), '2025-04-04 18:00:00', '2025-04-05 02:00:00'),
(22, 8, Now(), '2025-04-03 18:00:00', '2025-04-04 02:00:00'),
(23, 8, Now(), '2025-04-06 19:00:00', '2025-04-07 01:00:00'),
(24, 8, Now(), '2025-04-04 18:00:00', '2025-04-05 02:00:00'),
(25, 9, Now(), '2025-04-02 07:00:00', '2025-04-02 15:00:00'),
(26, 9, Now(), '2025-04-05 18:00:00', '2025-04-06 02:00:00'),
(27, 9, Now(), '2025-04-01 18:00:00', '2025-04-02 02:00:00'),
(28, 10, Now(), '2025-04-02 18:00:00', '2025-04-03 02:00:00'),
(29, 10, Now(), '2025-04-07 19:00:00', '2025-04-08 01:00:00'),
(30, 10, Now(), '2025-04-06 19:00:00', '2025-04-07 01:00:00'),
(31, 11, Now(), '2025-04-06 19:00:00', '2025-04-07 01:00:00'),
(32, 11, Now(), '2025-04-04 18:00:00', '2025-04-05 02:00:00'),
(33, 11, Now(), '2025-04-04 18:00:00', '2025-04-05 02:00:00'),
(34, 12, Now(), '2025-04-07 19:00:00', '2025-04-08 01:00:00'),
(35, 12, Now(), '2025-04-07 19:00:00', '2025-04-08 01:00:00'),
(36, 12, Now(), '2025-04-07 07:00:00', '2025-04-07 15:00:00'),
(37, 13, Now(), '2025-04-07 07:00:00', '2025-04-07 15:00:00'),
(38, 13, Now(), '2025-04-05 07:00:00', '2025-04-05 15:00:00'),
(39, 13, Now(), '2025-04-02 18:00:00', '2025-04-03 02:00:00'),
(40, 14, Now(), '2025-04-06 19:00:00', '2025-04-07 01:00:00'),
(41, 14, Now(), '2025-04-05 18:00:00', '2025-04-06 02:00:00'),
(42, 14, Now(), '2025-04-06 07:00:00', '2025-04-06 15:00:00'),
(43, 15, Now(), '2025-04-03 18:00:00', '2025-04-04 02:00:00'),
(44, 15, Now(), '2025-04-01 18:00:00', '2025-04-02 02:00:00'),
(45, 15, Now(), '2025-04-05 07:00:00', '2025-04-05 15:00:00'),
(46, 16, Now(), '2025-04-08 07:00:00', '2025-04-08 15:00:00'),
(47, 16, Now(), '2025-04-03 07:00:00', '2025-04-03 15:00:00'),
(48, 16, Now(), '2025-04-05 18:00:00', '2025-04-06 02:00:00'),
(49, 17, Now(), '2025-04-02 18:00:00', '2025-04-03 02:00:00'),
(50, 17, Now(), '2025-04-05 18:00:00', '2025-04-06 02:00:00'),
(51, 17, Now(), '2025-04-02 18:00:00', '2025-04-03 02:00:00'),
(52, 18, Now(), '2025-04-06 19:00:00', '2025-04-07 01:00:00'),
(53, 18, Now(), '2025-04-03 07:00:00', '2025-04-03 15:00:00'),
(54, 18, Now(), '2025-04-06 07:00:00', '2025-04-06 15:00:00'),
(55, 19, Now(), '2025-04-05 18:00:00', '2025-04-06 02:00:00'),
(56, 19, Now(), '2025-04-04 18:00:00', '2025-04-05 02:00:00'),
(57, 19, Now(), '2025-04-06 07:00:00', '2025-04-06 15:00:00'),
(58, 20, Now(), '2025-04-06 07:00:00', '2025-04-06 15:00:00'),
(59, 20, Now(), '2025-04-07 19:00:00', '2025-04-08 01:00:00'),
(60, 20, Now(), '2025-04-03 18:00:00', '2025-04-04 02:00:00'),
(61, 21, Now(), '2025-04-03 18:00:00', '2025-04-04 02:00:00'),
(62, 21, Now(), '2025-04-06 19:00:00', '2025-04-07 01:00:00'),
(63, 21, Now(), '2025-04-07 07:00:00', '2025-04-07 15:00:00'),
(64, 22, Now(), '2025-04-07 19:00:00', '2025-04-08 01:00:00'),
(65, 22, Now(), '2025-04-06 19:00:00', '2025-04-07 01:00:00'),
(66, 22, Now(), '2025-04-04 18:00:00', '2025-04-05 02:00:00'),
(67, 23, Now(), '2025-04-06 07:00:00', '2025-04-06 15:00:00'),
(68, 23, Now(), '2025-04-01 18:00:00', '2025-04-02 02:00:00'),
(69, 23, Now(), '2025-04-03 07:00:00', '2025-04-03 15:00:00'),
(70, 24, Now(), '2025-04-04 07:00:00', '2025-04-04 15:00:00'),
(71, 24, Now(), '2025-04-03 18:00:00', '2025-04-04 02:00:00'),
(72, 24, Now(), '2025-04-02 18:00:00', '2025-04-03 02:00:00'),
(73, 25, Now(), '2025-04-07 19:00:00', '2025-04-08 01:00:00'),
(74, 25, Now(), '2025-04-04 18:00:00', '2025-04-05 02:00:00'),
(75, 25, Now(), '2025-04-07 07:00:00', '2025-04-07 15:00:00'),
(76, 26, Now(), '2025-04-06 19:00:00', '2025-04-07 01:00:00'),
(77, 26, Now(), '2025-04-08 07:00:00', '2025-04-08 15:00:00'),
(78, 26, Now(), '2025-04-04 07:00:00', '2025-04-04 15:00:00'),
(79, 27, Now(), '2025-04-02 07:00:00', '2025-04-02 15:00:00'),
(80, 27, Now(), '2025-04-03 18:00:00', '2025-04-04 02:00:00'),
(81, 27, Now(), '2025-04-01 18:00:00', '2025-04-02 02:00:00'),
(82, 28, Now(), '2025-04-06 07:00:00', '2025-04-06 15:00:00'),
(83, 28, Now(), '2025-04-03 18:00:00', '2025-04-04 02:00:00'),
(84, 28, Now(), '2025-04-06 19:00:00', '2025-04-07 01:00:00'),
(85, 29, Now(), '2025-04-04 07:00:00', '2025-04-04 15:00:00'),
(86, 29, Now(), '2025-04-03 18:00:00', '2025-04-04 02:00:00'),
(87, 29, Now(), '2025-04-05 07:00:00', '2025-04-05 15:00:00'),
(88, 30, Now(), '2025-04-06 19:00:00', '2025-04-07 01:00:00'),
(89, 30, Now(), '2025-04-04 18:00:00', '2025-04-05 02:00:00'),
(90, 30, Now(), '2025-04-06 19:00:00', '2025-04-07 01:00:00'),
(91, 31, Now(), '2025-04-03 18:00:00', '2025-04-04 02:00:00'),
(92, 31, Now(), '2025-04-03 18:00:00', '2025-04-04 02:00:00'),
(93, 31, Now(), '2025-04-04 18:00:00', '2025-04-05 02:00:00'),
(94, 32, Now(), '2025-04-07 07:00:00', '2025-04-07 15:00:00'),
(95, 32, Now(), '2025-04-06 19:00:00', '2025-04-07 01:00:00'),
(96, 32, Now(), '2025-04-01 18:00:00', '2025-04-02 02:00:00'),
(97, 33, Now(), '2025-04-03 07:00:00', '2025-04-03 15:00:00'),
(98, 33, Now(), '2025-04-02 07:00:00', '2025-04-02 15:00:00'),
(99, 33, Now(), '2025-04-06 19:00:00', '2025-04-07 01:00:00'),
(100, 34, Now(), '2025-04-06 19:00:00', '2025-04-07 01:00:00'),
(101, 34, Now(), '2025-04-03 18:00:00', '2025-04-04 02:00:00'),
(102, 34, Now(), '2025-04-06 19:00:00', '2025-04-07 01:00:00'),
(103, 35, Now(), '2025-04-06 19:00:00', '2025-04-07 01:00:00'),
(104, 35, Now(), '2025-04-03 07:00:00', '2025-04-03 15:00:00'),
(105, 35, Now(), '2025-04-02 07:00:00', '2025-04-02 15:00:00'),
(106, 36, Now(), '2025-04-07 19:00:00', '2025-04-08 01:00:00'),
(107, 36, Now(), '2025-04-07 07:00:00', '2025-04-07 15:00:00'),
(108, 36, Now(), '2025-04-02 18:00:00', '2025-04-03 02:00:00'),
(109, 37, Now(), '2025-04-02 18:00:00', '2025-04-03 02:00:00'),
(110, 37, Now(), '2025-04-06 19:00:00', '2025-04-07 01:00:00'),
(111, 37, Now(), '2025-04-03 18:00:00', '2025-04-04 02:00:00'),
(112, 38, Now(), '2025-04-06 19:00:00', '2025-04-07 01:00:00'),
(113, 38, Now(), '2025-04-06 19:00:00', '2025-04-07 01:00:00'),
(114, 38, Now(), '2025-04-02 07:00:00', '2025-04-02 15:00:00'),
(115, 39, Now(), '2025-04-06 19:00:00', '2025-04-07 01:00:00'),
(116, 39, Now(), '2025-04-06 19:00:00', '2025-04-07 01:00:00'),
(117, 39, Now(), '2025-04-04 18:00:00', '2025-04-05 02:00:00'),
(118, 40, Now(), '2025-04-07 19:00:00', '2025-04-08 01:00:00'),
(119, 40, Now(), '2025-04-02 18:00:00', '2025-04-03 02:00:00'),
(120, 40, Now(), '2025-04-02 18:00:00', '2025-04-03 02:00:00'),
(121, 41, Now(), '2025-04-07 19:00:00', '2025-04-08 01:00:00'),
(122, 41, Now(), '2025-04-06 19:00:00', '2025-04-07 01:00:00'),
(123, 41, Now(), '2025-04-07 19:00:00', '2025-04-08 01:00:00'),
(124, 42, Now(), '2025-04-06 07:00:00', '2025-04-06 15:00:00'),
(125, 42, Now(), '2025-04-07 19:00:00', '2025-04-08 01:00:00'),
(126, 42, Now(), '2025-04-01 18:00:00', '2025-04-02 02:00:00'),
(127, 43, Now(), '2025-04-06 19:00:00', '2025-04-07 01:00:00'),
(128, 43, Now(), '2025-04-04 07:00:00', '2025-04-04 15:00:00'),
(129, 43, Now(), '2025-04-01 18:00:00', '2025-04-02 02:00:00'),
(130, 44, Now(), '2025-04-05 07:00:00', '2025-04-05 15:00:00'),
(131, 44, Now(), '2025-04-07 19:00:00', '2025-04-08 01:00:00'),
(132, 44, Now(), '2025-04-06 19:00:00', '2025-04-07 01:00:00'),
(133, 45, Now(), '2025-04-06 19:00:00', '2025-04-07 01:00:00'),
(134, 45, Now(), '2025-04-06 19:00:00', '2025-04-07 01:00:00'),
(135, 45, Now(), '2025-04-05 07:00:00', '2025-04-05 15:00:00'),
(136, 46, Now(), '2025-04-05 18:00:00', '2025-04-06 02:00:00'),
(137, 46, Now(), '2025-04-07 07:00:00', '2025-04-07 15:00:00'),
(138, 46, Now(), '2025-04-07 07:00:00', '2025-04-07 15:00:00'),
(139, 47, Now(), '2025-04-07 07:00:00', '2025-04-07 15:00:00'),
(140, 47, Now(), '2025-04-03 18:00:00', '2025-04-04 02:00:00'),
(141, 47, Now(), '2025-04-06 19:00:00', '2025-04-07 01:00:00'),
(142, 48, Now(), '2025-04-04 07:00:00', '2025-04-04 15:00:00'),
(143, 48, Now(), '2025-04-04 07:00:00', '2025-04-04 15:00:00'),
(144, 48, Now(), '2025-04-08 07:00:00', '2025-04-08 15:00:00'),
(145, 49, Now(), '2025-04-03 18:00:00', '2025-04-04 02:00:00'),
(146, 49, Now(), '2025-04-04 07:00:00', '2025-04-04 15:00:00'),
(147, 49, Now(), '2025-04-05 07:00:00', '2025-04-05 15:00:00'),
(148, 50, Now(), '2025-04-07 19:00:00', '2025-04-08 01:00:00'),
(149, 50, Now(), '2025-04-04 07:00:00', '2025-04-04 15:00:00'),
(150, 50, Now(), '2025-04-03 07:00:00', '2025-04-03 15:00:00'),
(151, 61, Now(), '2025-04-04 18:00:00', '2025-04-05 02:00:00'),
(152, 61, Now(), '2025-04-05 07:00:00', '2025-04-05 15:00:00'),
(153, 61, Now(), '2025-04-07 07:00:00', '2025-04-07 15:00:00'),
(154, 62, Now(), '2025-04-05 18:00:00', '2025-04-06 02:00:00'),
(155, 62, Now(), '2025-04-04 07:00:00', '2025-04-04 15:00:00'),
(156, 62, Now(), '2025-04-06 19:00:00', '2025-04-07 01:00:00'),
(157, 63, Now(), '2025-04-07 19:00:00', '2025-04-08 01:00:00'),
(158, 63, Now(), '2025-04-04 18:00:00', '2025-04-05 02:00:00'),
(159, 63, Now(), '2025-04-06 07:00:00', '2025-04-06 15:00:00'),
(160, 64, Now(), '2025-04-04 07:00:00', '2025-04-04 15:00:00'),
(161, 64, Now(), '2025-04-07 19:00:00', '2025-04-08 01:00:00'),
(162, 64, Now(), '2025-04-06 19:00:00', '2025-04-07 01:00:00'),
(163, 65, Now(), '2025-04-05 07:00:00', '2025-04-05 15:00:00'),
(164, 65, Now(), '2025-04-03 07:00:00', '2025-04-03 15:00:00'),
(165, 65, Now(), '2025-04-02 07:00:00', '2025-04-02 15:00:00');
-- 14 store_stock(재고 관리) 데이터

-- stock_status 정의

-- 1: 정상
-- 2: 유통기한 임박
-- 3: 유통기한 경과
-- 4: 재고부족
-- 5: 입고예정
-- 6: 폐기대기

INSERT INTO store_stock (stock_id, store_id, product_id, quantity, last_in_date, stock_status) VALUES
(1, 1, 37, 67, '2025-04-23 00:56:29', 1),
(2, 1, 29, 57, '2025-03-29 00:56:29', 3),
(3, 1, 21, 19, '2025-04-04 00:56:29', 1),
(4, 1, 36, 88, '2025-04-05 00:56:29', 5),
(5, 1, 10, 59, '2025-04-10 00:56:29', 5),
(6, 1, 38, 80, '2025-03-30 00:56:29', 7),
(7, 1, 5, 15, '2025-04-10 00:56:29', 5),
(8, 1, 16, 93, '2025-04-18 00:56:29', 3),
(9, 1, 15, 87, '2025-04-09 00:56:29', 5),
(10, 1, 35, 29, '2025-04-23 00:56:29', 4),
(11, 1, 34, 23, '2025-03-30 00:56:29', 3),
(12, 1, 26, 20, '2025-04-08 00:56:29', 7),
(13, 1, 9, 32, '2025-04-23 00:56:29', 2),
(14, 1, 19, 100, '2025-04-10 00:56:29', 4),
(15, 1, 2, 77, '2025-04-08 00:56:29', 5),
(16, 1, 12, 30, '2025-04-13 00:56:29', 3),
(17, 1, 17, 46, '2025-04-12 00:56:29', 4),
(18, 1, 3, 53, '2025-04-03 00:56:29', 5),
(19, 1, 28, 16, '2025-03-30 00:56:29', 7),
(20, 1, 30, 92, '2025-04-14 00:56:29', 1),
(21, 2, 22, 49, '2025-04-07 00:56:29', 4),
(22, 2, 7, 92, '2025-03-30 00:56:29', 3),
(23, 2, 36, 26, '2025-04-03 00:56:29', 7),
(24, 2, 25, 97, '2025-03-26 00:56:29', 5),
(25, 2, 19, 21, '2025-04-04 00:56:29', 7),
(26, 2, 17, 64, '2025-04-08 00:56:29', 3),
(27, 2, 10, 12, '2025-04-13 00:56:29', 3),
(28, 2, 11, 33, '2025-04-18 00:56:29', 3),
(29, 2, 3, 72, '2025-04-18 00:56:29', 2),
(30, 2, 34, 27, '2025-04-20 00:56:29', 1),
(31, 2, 38, 47, '2025-03-28 00:56:29', 1),
(32, 2, 5, 74, '2025-03-31 00:56:29', 5),
(33, 2, 12, 77, '2025-04-23 00:56:29', 7),
(34, 2, 32, 53, '2025-03-27 00:56:29', 5),
(35, 2, 21, 26, '2025-04-05 00:56:29', 4),
(36, 2, 23, 29, '2025-04-19 00:56:29', 2),
(37, 2, 28, 98, '2025-03-31 00:56:29', 5),
(38, 2, 13, 31, '2025-04-01 00:56:29', 4),
(39, 2, 27, 15, '2025-04-11 00:56:29', 3),
(40, 2, 30, 96, '2025-04-01 00:56:29', 2),
(41, 3, 29, 30, '2025-03-29 00:56:29', 2),
(42, 3, 19, 87, '2025-04-20 00:56:29', 3),
(43, 3, 38, 16, '2025-04-04 00:56:29', 4),
(44, 3, 15, 57, '2025-04-07 00:56:29', 1),
(45, 3, 16, 76, '2025-03-28 00:56:29', 1),
(46, 3, 20, 46, '2025-04-22 00:56:29', 2),
(47, 3, 31, 44, '2025-04-10 00:56:29', 5),
(48, 3, 36, 28, '2025-03-29 00:56:29', 4),
(49, 3, 27, 21, '2025-03-26 00:56:29', 2),
(50, 3, 7, 67, '2025-03-27 00:56:29', 3),
(51, 3, 12, 13, '2025-04-11 00:56:29', 1),
(52, 3, 22, 60, '2025-04-08 00:56:29', 3),
(53, 3, 37, 40, '2025-04-12 00:56:29', 1),
(54, 3, 35, 57, '2025-04-17 00:56:29', 1),
(55, 3, 25, 50, '2025-03-26 00:56:29', 1),
(56, 3, 10, 93, '2025-04-14 00:56:29', 2),
(57, 3, 13, 27, '2025-04-23 00:56:29', 3),
(58, 3, 17, 70, '2025-04-02 00:56:29', 2),
(59, 3, 21, 100, '2025-04-09 00:56:29', 4),
(60, 3, 14, 88, '2025-04-24 00:56:29', 1),
(61, 4, 2, 73, '2025-04-05 00:56:29', 5),
(62, 4, 17, 12, '2025-04-04 00:56:29', 5),
(63, 4, 14, 83, '2025-04-17 00:56:29', 7),
(64, 4, 10, 28, '2025-04-15 00:56:29', 4),
(65, 4, 34, 10, '2025-04-05 00:56:29', 3),
(66, 4, 28, 40, '2025-04-06 00:56:29', 4),
(67, 4, 8, 33, '2025-04-03 00:56:29', 7),
(68, 4, 25, 20, '2025-04-08 00:56:29', 3),
(69, 4, 35, 18, '2025-04-08 00:56:29', 5),
(70, 4, 32, 74, '2025-03-30 00:56:29', 5),
(71, 4, 30, 80, '2025-04-24 00:56:29', 4),
(72, 4, 4, 70, '2025-04-23 00:56:29', 7),
(73, 4, 38, 59, '2025-04-13 00:56:29', 3),
(74, 4, 29, 12, '2025-04-13 00:56:29', 1),
(75, 4, 36, 54, '2025-04-17 00:56:29', 7),
(76, 4, 21, 94, '2025-04-04 00:56:29', 1),
(77, 4, 20, 84, '2025-04-01 00:56:29', 3),
(78, 4, 15, 27, '2025-04-23 00:56:29', 3),
(79, 4, 3, 79, '2025-04-14 00:56:29', 7),
(80, 4, 27, 32, '2025-03-29 00:56:29', 7),
(81, 5, 30, 14, '2025-03-31 00:56:29', 7),
(82, 5, 31, 34, '2025-04-15 00:56:29', 3),
(83, 5, 12, 16, '2025-03-28 00:56:29', 7),
(84, 5, 9, 52, '2025-04-16 00:56:29', 1),
(85, 5, 5, 57, '2025-04-11 00:56:29', 4),
(86, 5, 38, 66, '2025-03-27 00:56:29', 4),
(87, 5, 3, 53, '2025-04-19 00:56:29', 4),
(88, 5, 10, 98, '2025-04-09 00:56:29', 3),
(89, 5, 7, 76, '2025-04-16 00:56:29', 1),
(90, 5, 2, 64, '2025-04-22 00:56:29', 4),
(91, 5, 26, 87, '2025-03-29 00:56:29', 2),
(92, 5, 33, 79, '2025-04-15 00:56:29', 3),
(93, 5, 29, 23, '2025-04-22 00:56:29', 3),
(94, 5, 11, 94, '2025-04-15 00:56:29', 3),
(95, 5, 37, 67, '2025-04-05 00:56:29', 7),
(96, 5, 17, 64, '2025-04-19 00:56:29', 7),
(97, 5, 13, 66, '2025-04-13 00:56:29', 4),
(98, 5, 18, 15, '2025-04-01 00:56:29', 3),
(99, 5, 16, 88, '2025-04-11 00:56:29', 3),
(100, 5, 35, 91, '2025-03-30 00:56:29', 1),
(101, 6, 5, 82, '2025-04-23 00:56:29', 5),
(102, 6, 26, 29, '2025-04-03 00:56:29', 4),
(103, 6, 24, 57, '2025-04-13 00:56:29', 4),
(104, 6, 33, 19, '2025-04-06 00:56:29', 2),
(105, 6, 11, 77, '2025-04-13 00:56:29', 4),
(106, 6, 2, 50, '2025-04-04 00:56:29', 3),
(107, 6, 10, 41, '2025-04-21 00:56:29', 1),
(108, 6, 28, 33, '2025-04-09 00:56:29', 5),
(109, 6, 20, 59, '2025-03-26 00:56:29', 5),
(110, 6, 22, 25, '2025-04-16 00:56:29', 3),
(111, 6, 37, 100, '2025-04-10 00:56:29', 2),
(112, 6, 15, 88, '2025-04-15 00:56:29', 7),
(113, 6, 35, 72, '2025-04-18 00:56:29', 1),
(114, 6, 38, 27, '2025-03-28 00:56:29', 1),
(115, 6, 3, 67, '2025-04-19 00:56:29', 7),
(116, 6, 8, 66, '2025-04-22 00:56:29', 7),
(117, 6, 21, 50, '2025-04-03 00:56:29', 3),
(118, 6, 12, 100, '2025-04-22 00:56:29', 5),
(119, 6, 29, 79, '2025-04-15 00:56:29', 3),
(120, 6, 13, 30, '2025-04-02 00:56:29', 7),
(121, 7, 12, 18, '2025-04-15 00:56:29', 4),
(122, 7, 24, 71, '2025-04-08 00:56:29', 4),
(123, 7, 33, 62, '2025-03-29 00:56:29', 5),
(124, 7, 15, 19, '2025-04-20 00:56:29', 3),
(125, 7, 8, 92, '2025-04-22 00:56:29', 4),
(126, 7, 13, 69, '2025-04-03 00:56:29', 5),
(127, 7, 9, 54, '2025-04-20 00:56:29', 5),
(128, 7, 34, 91, '2025-04-06 00:56:29', 2),
(129, 7, 26, 26, '2025-04-11 00:56:29', 5),
(130, 7, 16, 17, '2025-03-29 00:56:29', 1),
(131, 7, 1, 76, '2025-04-20 00:56:29', 3),
(132, 7, 38, 31, '2025-04-19 00:56:29', 3),
(133, 7, 18, 100, '2025-04-17 00:56:29', 3),
(134, 7, 19, 76, '2025-03-27 00:56:29', 3),
(135, 7, 27, 20, '2025-04-16 00:56:29', 2),
(136, 7, 35, 91, '2025-04-07 00:56:29', 3),
(137, 7, 30, 26, '2025-04-04 00:56:29', 3),
(138, 7, 5, 88, '2025-04-07 00:56:29', 1),
(139, 7, 20, 74, '2025-04-04 00:56:29', 2),
(140, 7, 3, 85, '2025-04-06 00:56:29', 2),
(141, 8, 11, 71, '2025-04-17 00:56:29', 7),
(142, 8, 22, 61, '2025-04-15 00:56:29', 4),
(143, 8, 3, 19, '2025-04-02 00:56:29', 1),
(144, 8, 2, 30, '2025-04-10 00:56:29', 4),
(145, 8, 6, 71, '2025-04-10 00:56:29', 2),
(146, 8, 36, 53, '2025-04-05 00:56:29', 2),
(147, 8, 17, 50, '2025-03-28 00:56:29', 7),
(148, 8, 21, 50, '2025-04-01 00:56:29', 3),
(149, 8, 7, 61, '2025-04-20 00:56:29', 3),
(150, 8, 25, 75, '2025-04-07 00:56:29', 1),
(151, 8, 19, 50, '2025-04-17 00:56:29', 4),
(152, 8, 14, 25, '2025-04-16 00:56:29', 4),
(153, 8, 20, 41, '2025-04-20 00:56:29', 1),
(154, 8, 31, 16, '2025-04-15 00:56:29', 4),
(155, 8, 1, 88, '2025-04-11 00:56:29', 2),
(156, 8, 16, 30, '2025-03-29 00:56:29', 3),
(157, 8, 29, 83, '2025-04-01 00:56:29', 3),
(158, 8, 18, 34, '2025-03-31 00:56:29', 2),
(159, 8, 10, 73, '2025-04-08 00:56:29', 4),
(160, 8, 26, 73, '2025-03-27 00:56:29', 3),
(161, 9, 32, 11, '2025-03-28 00:56:29', 1),
(162, 9, 2, 65, '2025-04-20 00:56:29', 3),
(163, 9, 6, 56, '2025-03-31 00:56:29', 4),
(164, 9, 26, 56, '2025-04-23 00:56:29', 4),
(165, 9, 33, 16, '2025-04-06 00:56:29', 5),
(166, 9, 30, 34, '2025-04-13 00:56:29', 5),
(167, 9, 16, 46, '2025-04-22 00:56:29', 4),
(168, 9, 7, 74, '2025-04-10 00:56:29', 5),
(169, 9, 19, 45, '2025-03-29 00:56:29', 5),
(170, 9, 12, 97, '2025-04-05 00:56:29', 1),
(171, 9, 37, 26, '2025-04-21 00:56:29', 4),
(172, 9, 28, 57, '2025-03-30 00:56:29', 3),
(173, 9, 10, 81, '2025-04-13 00:56:29', 2),
(174, 9, 38, 35, '2025-04-05 00:56:29', 5),
(175, 9, 20, 61, '2025-04-08 00:56:29', 1),
(176, 9, 21, 15, '2025-04-23 00:56:29', 2),
(177, 9, 22, 52, '2025-03-30 00:56:29', 4),
(178, 9, 25, 76, '2025-04-10 00:56:29', 2),
(179, 9, 35, 87, '2025-03-27 00:56:29', 5),
(180, 9, 18, 27, '2025-04-14 00:56:29', 5),
(181, 10, 21, 98, '2025-04-04 00:56:29', 1),
(182, 10, 11, 86, '2025-04-09 00:56:29', 3),
(183, 10, 26, 93, '2025-03-30 00:56:29', 5),
(184, 10, 20, 83, '2025-04-17 00:56:29', 7),
(185, 10, 22, 16, '2025-04-06 00:56:29', 4),
(186, 10, 33, 31, '2025-04-08 00:56:29', 7),
(187, 10, 32, 89, '2025-03-31 00:56:29', 4),
(188, 10, 23, 28, '2025-03-29 00:56:29', 7),
(189, 10, 19, 41, '2025-04-23 00:56:29', 5),
(190, 10, 10, 99, '2025-04-21 00:56:29', 2),
(191, 10, 16, 12, '2025-04-10 00:56:29', 3),
(192, 10, 27, 63, '2025-04-20 00:56:29', 4),
(193, 10, 1, 98, '2025-04-18 00:56:29', 4),
(194, 10, 12, 74, '2025-03-31 00:56:29', 5),
(195, 10, 37, 70, '2025-03-28 00:56:29', 7),
(196, 10, 34, 17, '2025-04-02 00:56:29', 2),
(197, 10, 4, 76, '2025-04-18 00:56:29', 5),
(198, 10, 14, 51, '2025-04-03 00:56:29', 4),
(199, 10, 30, 77, '2025-04-12 00:56:29', 3),
(200, 10, 29, 32, '2025-04-10 00:56:29', 5);
-- 15 purchase_order(발주) 데이터

-- order_status 정의

-- 1: 발주 완료
-- 2: 발주 취소
-- 3: 입고 대기
-- 4: 입고완료

INSERT INTO purchase_order (order_id, store_id, order_date, oreder_status, total_amount, total_quantity) VALUES
(1, 1, '2025-04-04 00:58:52', 2, 42912, 32),
(2, 1, '2025-03-17 00:58:52', 1, 28688, 22),
(3, 1, '2025-04-08 00:58:52', 2, 36540, 29),
(4, 2, '2025-02-24 00:58:52', 1, 34272, 28),
(5, 2, '2025-03-12 00:58:52', 2, 59409, 41),
(6, 2, '2025-03-26 00:58:52', 1, 61200, 45),
(7, 3, '2025-04-07 00:58:52', 3, 87952, 46),
(8, 3, '2025-04-01 00:58:52', 1, 35168, 32),
(9, 3, '2025-04-07 00:58:52', 4, 26908, 28),
(10, 4, '2025-04-03 00:58:52', 1, 46306, 26),
(11, 4, '2025-04-12 00:58:52', 2, 59620, 44),
(12, 4, '2025-02-25 00:58:52', 3, 29187, 27),
(13, 5, '2025-04-19 00:58:52', 3, 60630, 47),
(14, 5, '2025-04-10 00:58:52', 3, 54266, 43),
(15, 5, '2025-03-16 00:58:52', 2, 13065, 13),
(16, 6, '2025-03-30 00:58:52', 1, 40200, 40),
(17, 6, '2025-03-13 00:58:52', 3, 19270, 10),
(18, 6, '2025-02-25 00:58:52', 3, 63864, 36),
(19, 7, '2025-03-26 00:58:52', 2, 30536, 22),
(20, 7, '2025-04-05 00:58:52', 1, 12779, 13),
(21, 7, '2025-03-15 00:58:52', 2, 45480, 24),
(22, 8, '2025-03-09 00:58:52', 2, 13896, 12),
(23, 8, '2025-03-30 00:58:52', 3, 19356, 12),
(24, 8, '2025-03-06 00:58:52', 1, 29232, 21),
(25, 9, '2025-02-28 00:58:52', 4, 14110, 10),
(26, 9, '2025-03-20 00:58:52', 2, 23776, 16),
(27, 9, '2025-04-07 00:58:52', 1, 82412, 44),
(28, 10, '2025-03-25 00:58:52', 1, 73836, 42),
(29, 10, '2025-04-08 00:58:52', 1, 25109, 17),
(30, 10, '2025-04-15 00:58:52', 2, 51714, 39);

-- 16 purchase_order_item(발주 항목) 데이터
INSERT INTO purchase_order_item (item_id, order_id, product_id, order_quantity, unit_price, total_price, order_state, is_abnormal, is_fully_received, received_quantity) VALUES
(1, 1, 12, 7, 2381, 16667, 3, true, false, NULL),
(2, 1, 38, 7, 968, 6776, 3, true, false, NULL),
(3, 1, 25, 17, 2257, 38369, 2, false, false, NULL),
(4, 2, 24, 5, 1431, 7155, 4, false, true, 5),
(5, 2, 7, 13, 1009, 13117, 2, true, false, NULL),
(6, 2, 6, 10, 1682, 16820, 4, false, true, 10),
(7, 3, 2, 16, 1935, 30960, 1, false, false, NULL),
(8, 3, 6, 17, 825, 14025, 3, false, false, NULL),
(9, 4, 6, 10, 2203, 22030, 4, true, true, 10),
(10, 4, 36, 9, 1350, 12150, 3, false, false, NULL),
(11, 4, 16, 20, 1098, 21960, 1, true, false, NULL),
(12, 5, 18, 20, 2402, 48040, 1, false, false, NULL),
(13, 5, 27, 13, 1305, 16965, 4, true, true, 13),
(14, 5, 20, 19, 1019, 19361, 2, false, false, NULL),
(15, 6, 26, 17, 2446, 41582, 3, false, false, NULL),
(16, 6, 22, 15, 1681, 25215, 2, false, false, NULL),
(17, 7, 13, 10, 1615, 16150, 3, false, false, NULL),
(18, 7, 31, 20, 1979, 39580, 2, false, false, NULL),
(19, 7, 21, 17, 1374, 23358, 4, false, true, 17),
(20, 8, 37, 10, 2196, 21960, 1, false, false, NULL),
(21, 8, 13, 11, 1697, 18667, 3, true, false, NULL),
(22, 9, 32, 12, 1317, 15804, 2, false, false, NULL),
(23, 9, 9, 17, 951, 16167, 4, false, true, 17),
(24, 9, 20, 17, 1894, 32198, 4, true, true, 17),
(25, 10, 35, 12, 2146, 25752, 3, true, false, NULL),
(26, 10, 6, 6, 1953, 11718, 4, false, true, 6),
(27, 10, 7, 18, 1016, 18288, 1, true, false, NULL),
(28, 11, 15, 12, 1712, 20544, 3, false, false, NULL),
(29, 11, 33, 19, 2381, 45239, 2, false, false, NULL),
(30, 11, 34, 5, 1788, 8940, 1, false, false, NULL),
(31, 12, 6, 16, 1438, 23008, 3, false, false, NULL),
(32, 12, 8, 11, 1867, 20537, 4, false, true, 11),
(33, 12, 10, 20, 999, 19980, 4, false, true, 20),
(34, 13, 5, 8, 846, 6768, 3, true, false, NULL),
(35, 13, 20, 10, 2316, 23160, 2, true, false, NULL),
(36, 13, 3, 10, 1477, 14770, 4, false, true, 10),
(37, 14, 26, 10, 2111, 21110, 4, false, true, 10),
(38, 14, 12, 5, 2310, 11550, 2, false, false, NULL),
(39, 15, 28, 11, 1370, 15070, 1, true, false, NULL),
(40, 15, 25, 10, 1549, 15490, 3, true, false, NULL),
(41, 15, 1, 19, 1033, 19627, 3, false, false, NULL),
(42, 15, 14, 15, 2022, 30330, 4, false, true, 15),
(43, 16, 8, 14, 2058, 28812, 1, true, false, NULL),
(44, 16, 23, 15, 1041, 15615, 2, false, false, NULL),
(45, 16, 30, 8, 1174, 9392, 3, true, false, NULL),
(46, 16, 12, 17, 1656, 28152, 2, false, false, NULL),
(47, 17, 12, 10, 1936, 19360, 2, false, false, NULL),
(48, 17, 32, 14, 1087, 15218, 2, false, false, NULL),
(49, 17, 35, 19, 2068, 39292, 1, false, false, NULL),
(50, 18, 32, 11, 2469, 27159, 4, false, true, 11),
(51, 18, 9, 18, 2202, 39636, 4, false, true, 18),
(52, 19, 29, 5, 2429, 12145, 2, false, false, NULL),
(53, 19, 32, 6, 1362, 8172, 2, false, false, NULL),
(54, 19, 11, 10, 2398, 23980, 4, false, true, 10),
(55, 19, 6, 8, 1972, 15776, 1, false, false, NULL),
(56, 20, 24, 11, 1670, 18370, 1, true, false, NULL),
(57, 20, 35, 14, 866, 12124, 4, false, true, 14),
(58, 20, 3, 16, 2472, 39552, 1, false, false, NULL),
(59, 20, 29, 8, 2388, 19104, 2, true, false, NULL),
(60, 21, 38, 9, 2407, 21663, 2, true, false, NULL),
(61, 21, 23, 6, 1967, 11802, 3, false, false, NULL),
(62, 21, 28, 10, 1462, 14620, 3, false, false, NULL),
(63, 21, 11, 13, 1853, 24089, 1, true, false, NULL),
(64, 22, 4, 9, 1311, 11799, 2, false, false, NULL),
(65, 22, 18, 12, 2359, 28308, 4, false, true, 12),
(66, 22, 9, 9, 1982, 17838, 3, false, false, NULL),
(67, 23, 29, 17, 1855, 31535, 3, false, false, NULL),
(68, 23, 5, 19, 1799, 34181, 3, true, false, NULL),
(69, 23, 6, 7, 2296, 16072, 4, false, true, 7),
(70, 24, 35, 11, 1679, 18469, 2, false, false, NULL),
(71, 24, 26, 13, 1461, 18993, 3, false, false, NULL),
(72, 25, 37, 6, 894, 5364, 1, false, false, NULL),
(73, 25, 9, 5, 1054, 5270, 2, false, false, NULL),
(74, 25, 32, 19, 801, 15219, 4, true, true, 19),
(75, 25, 22, 9, 2131, 19179, 3, true, false, NULL),
(76, 26, 6, 7, 1561, 10927, 2, true, false, NULL),
(77, 26, 24, 17, 2081, 35377, 3, true, false, NULL),
(78, 26, 17, 18, 2142, 38556, 1, true, false, NULL),
(79, 27, 14, 7, 1071, 7497, 2, false, false, NULL),
(80, 27, 31, 5, 816, 4080, 3, true, false, NULL),
(81, 28, 9, 12, 1584, 19008, 1, true, false, NULL),
(82, 28, 31, 8, 1441, 11528, 3, false, false, NULL),
(83, 28, 5, 9, 1583, 14247, 2, true, false, NULL),
(84, 29, 34, 5, 2049, 10245, 2, false, false, NULL),
(85, 29, 37, 16, 2279, 36464, 2, true, false, NULL),
(86, 30, 29, 8, 1086, 8688, 1, false, false, NULL),
(87, 30, 14, 16, 1679, 26864, 3, true, false, NULL),
(88, 30, 6, 12, 1367, 16404, 1, true, false, NULL),
(89, 28, 36, 14, 1800, 25200, 4, false, true, 14),
(90, 25, 19, 5, 1800, 9000, 3, false, false, NULL),
(100, 13, 20, 8, 1800, 14400, 2, false, false, NULL),
(101, 17, 33, 8, 1800, 14400, 1, true, false, NULL),
(102, 19, 26, 9, 1800, 16200, 4, true, true, 9);

-- 17 stock_in_history(재고 기록) 데이터



-- history_status 정의

-- 1: 입고 대기
-- 2: 입고 완료
-- 3: 부분 입고
-- 4: 오입고
-- 5: 폐기
-- 6: 반품

INSERT INTO stock_in_history (history_id, store_id, part_timer_id, product_id, order_id, in_quantity, in_date, expire_date, history_status) VALUES
(1, 2, 4, 18, 8, 8, '2025-04-23 02:52:21', '2025-06-18', 6),
(2, 9, 12, 38, 14, 2, '2025-04-25 02:52:21', '2025-06-17', 2),
(3, 4, 65, 2, 18, 7, '2025-04-15 02:52:21', '2025-10-01', 4),
(4, 4, 58, 38, 9, 1, '2025-04-23 02:52:21', '2025-09-08', 3),
(5, 5, 20, 14, 25, 11, '2025-04-24 02:52:21', '2025-06-16', 4),
(6, 2, 46, 23, 20, 9, '2025-04-25 02:52:21', '2025-09-19', 5),
(7, 2, 49, 6, 18, 10, '2025-04-15 02:52:21', '2025-08-15', 5),
(8, 4, 9, 3, 22, 8, '2025-04-21 02:52:21', '2025-06-10', 2),
(9, 2, 49, 18, 15, 12, '2025-04-23 02:52:21', '2025-08-25', 3),
(10, 4, 35, 5, 20, 6, '2025-04-17 02:52:21', '2025-07-18', 2),
(11, 8, 49, 18, 30, 18, '2025-04-22 02:52:21', '2025-08-13', 1),
(12, 4, 5, 21, 13, 9, '2025-04-24 02:52:21', '2025-07-17', 5),
(13, 6, 28, 32, 13, 15, '2025-04-23 02:52:21', '2025-07-29', 2),
(14, 4, 34, 38, 14, 19, '2025-04-19 02:52:21', '2025-08-19', 2),
(15, 3, 64, 6, 25, 2, '2025-04-24 02:52:21', '2025-07-02', 6),
(16, 3, 55, 5, 13, 13, '2025-04-16 02:52:21', '2025-09-12', 5),
(17, 5, 2, 8, 22, 18, '2025-04-21 02:52:21', '2025-08-16', 1),
(18, 5, 56, 11, 15, 1, '2025-04-21 02:52:21', '2025-09-26', 2),
(19, 9, 14, 20, 27, 17, '2025-04-16 02:52:21', '2025-07-05', 2),
(20, 6, 21, 35, 25, 17, '2025-04-25 02:52:21', '2025-08-15', 4),
(21, 1, 15, 24, 29, 10, '2025-04-22 02:52:21', '2025-06-05', 2),
(22, 10, 11, 6, 24, 16, '2025-04-24 02:52:21', '2025-10-07', 2),
(23, 3, 61, 36, 6, 9, '2025-04-17 02:52:21', '2025-09-02', 2),
(24, 9, 26, 20, 13, 12, '2025-04-18 02:52:21', '2025-09-27', 4),
(25, 2, 32, 15, 3, 11, '2025-04-25 02:52:21', '2025-10-22', 5),
(26, 4, 29, 1, 3, 2, '2025-04-22 02:52:21', '2025-06-08', 1),
(27, 6, 10, 33, 8, 9, '2025-04-15 02:52:21', '2025-09-16', 2),
(28, 9, 17, 37, 19, 16, '2025-04-22 02:52:21', '2025-09-20', 4),
(29, 4, 13, 7, 22, 14, '2025-04-20 02:52:21', '2025-09-05', 4),
(30, 8, 7, 7, 2, 13, '2025-04-20 02:52:21', '2025-06-16', 2),
(31, 4, 25, 35, 15, 5, '2025-04-19 02:52:21', '2025-07-04', 3),
(32, 8, 32, 5, 15, 18, '2025-04-24 02:52:21', '2025-06-05', 6),
(33, 9, 2, 6, 30, 8, '2025-04-23 02:52:21', '2025-09-04', 4),
(34, 8, 28, 26, 29, 2, '2025-04-23 02:52:21', '2025-08-28', 1),
(35, 7, 34, 30, 10, 14, '2025-04-17 02:52:21', '2025-09-18', 2),
(36, 4, 38, 14, 2, 19, '2025-04-17 02:52:21', '2025-06-01', 6),
(37, 6, 8, 4, 19, 16, '2025-04-17 02:52:21', '2025-09-29', 2),
(38, 1, 11, 12, 3, 20, '2025-04-24 02:52:21', '2025-07-23', 4),
(39, 2, 32, 38, 20, 2, '2025-04-16 02:52:21', '2025-06-05', 4),
(40, 10, 41, 17, 7, 11, '2025-04-22 02:52:21', '2025-07-28', 4),
(41, 3, 39, 30, 11, 3, '2025-04-25 02:52:21', '2025-09-19', 5),
(42, 10, 13, 5, 18, 7, '2025-04-17 02:52:21', '2025-07-23', 2),
(43, 6, 9, 16, 12, 10, '2025-04-23 02:52:21', '2025-09-12', 5),
(44, 5, 2, 36, 10, 4, '2025-04-23 02:52:21', '2025-07-29', 1),
(45, 2, 20, 18, 10, 20, '2025-04-22 02:52:21', '2025-08-17', 2),
(46, 5, 65, 32, 9, 2, '2025-04-24 02:52:21', '2025-09-09', 3),
(47, 1, 1, 22, 25, 5, '2025-04-15 02:52:21', '2025-07-21', 2),
(48, 8, 55, 36, 1, 4, '2025-04-24 02:52:21', '2025-07-01', 5),
(49, 1, 48, 38, 18, 5, '2025-04-19 02:52:21', '2025-06-20', 1),
(50, 5, 47, 3, 29, 12, '2025-04-22 02:52:21', '2025-07-24', 6),
(51, 2, 46, 36, 29, 14, '2025-04-16 02:52:21', '2025-06-24', 2),
(52, 3, 23, 27, 1, 6, '2025-04-20 02:52:21', '2025-09-02', 6),
(53, 4, 35, 11, 26, 4, '2025-04-19 02:52:21', '2025-05-28', 4),
(54, 4, 26, 30, 12, 10, '2025-04-22 02:52:21', '2025-07-18', 1),
(55, 4, 52, 22, 9, 3, '2025-04-21 02:52:21', '2025-08-18', 6),
(56, 9, 52, 35, 11, 1, '2025-04-24 02:52:21', '2025-07-29', 2),
(57, 10, 34, 3, 4, 20, '2025-04-19 02:52:21', '2025-08-15', 6),
(58, 6, 56, 33, 4, 13, '2025-04-16 02:52:21', '2025-07-03', 3),
(59, 1, 56, 1, 17, 18, '2025-04-15 02:52:21', '2025-07-04', 3),
(60, 7, 9, 22, 20, 11, '2025-04-15 02:52:21', '2025-06-15', 6),
(61, 5, 65, 20, 22, 14, '2025-04-20 02:52:21', '2025-08-31', 6),
(62, 5, 17, 13, 14, 13, '2025-04-15 02:52:21', '2025-06-28', 5),
(63, 10, 39, 26, 18, 1, '2025-04-21 02:52:21', '2025-08-02', 2),
(64, 7, 42, 30, 15, 15, '2025-04-15 02:52:21', '2025-07-08', 5),
(65, 8, 22, 6, 10, 17, '2025-04-15 02:52:21', '2025-08-08', 1),
(66, 4, 40, 15, 26, 7, '2025-04-23 02:52:21', '2025-05-29', 1),
(67, 4, 61, 5, 15, 14, '2025-04-15 02:52:21', '2025-10-09', 2),
(68, 7, 64, 26, 8, 5, '2025-04-15 02:52:21', '2025-05-16', 1),
(69, 7, 29, 12, 26, 17, '2025-04-18 02:52:21', '2025-05-30', 5),
(70, 4, 16, 30, 5, 15, '2025-04-15 02:52:21', '2025-09-27', 5),
(71, 10, 41, 29, 20, 17, '2025-04-19 02:52:21', '2025-10-06', 4),
(72, 3, 61, 29, 9, 8, '2025-04-15 02:52:21', '2025-07-24', 5),
(73, 8, 31, 18, 15, 3, '2025-04-21 02:52:21', '2025-07-20', 3),
(74, 6, 41, 35, 3, 5, '2025-04-23 02:52:21', '2025-07-21', 4),
(75, 3, 28, 5, 14, 14, '2025-04-20 02:52:21', '2025-10-05', 4),
(76, 7, 8, 14, 27, 14, '2025-04-19 02:52:21', '2025-10-15', 6),
(77, 1, 49, 31, 1, 12, '2025-04-21 02:52:21', '2025-08-28', 4),
(78, 9, 29, 32, 8, 9, '2025-04-19 02:52:21', '2025-09-20', 1),
(79, 7, 44, 26, 24, 6, '2025-04-18 02:52:21', '2025-06-19', 5),
(80, 9, 4, 26, 19, 19, '2025-04-15 02:52:21', '2025-05-21', 1),
(81, 7, 18, 30, 6, 2, '2025-04-21 02:52:21', '2025-08-26', 3),
(82, 4, 59, 21, 11, 13, '2025-04-21 02:52:21', '2025-09-05', 3),
(83, 2, 61, 2, 24, 18, '2025-04-25 02:52:21', '2025-08-22', 2),
(84, 2, 6, 2, 8, 7, '2025-04-25 02:52:21', '2025-07-03', 2),
(85, 3, 61, 8, 19, 7, '2025-04-18 02:52:21', '2025-07-22', 3),
(86, 3, 15, 11, 10, 4, '2025-04-16 02:52:21', '2025-05-22', 3),
(87, 10, 49, 26, 23, 7, '2025-04-24 02:52:21', '2025-07-25', 1),
(88, 5, 16, 37, 26, 2, '2025-04-20 02:52:21', '2025-10-03', 4),
(89, 6, 9, 33, 21, 11, '2025-04-25 02:52:21', '2025-09-09', 4),
(90, 2, 56, 24, 21, 15, '2025-04-23 02:52:21', '2025-09-11', 2),
(91, 9, 35, 35, 25, 16, '2025-04-18 02:52:21', '2025-09-06', 6),
(92, 10, 35, 21, 28, 8, '2025-04-24 02:52:21', '2025-08-03', 4),
(93, 4, 60, 37, 20, 13, '2025-04-20 02:52:21', '2025-05-27', 4);
-- 18 disposal(폐기) 데이터
INSERT INTO disposal (disposal_id, stock_id, disposal_date, quantity, processed_by, total_loss_amount, reason) VALUES
(1, 180, '2025-04-16 01:20:32', 9, '최영일', 11601, '유통기한만료'),
(2, 19, '2025-04-24 01:20:32', 1, '김영호', 2172, '기타'),
(3, 92, '2025-04-16 01:20:32', 9, '안채원', 26451, '유통기한만료'),
(4, 129, '2025-04-20 01:20:32', 4, '이종수', 10128, '보관불량'),
(5, 28, '2025-04-21 01:20:32', 7, '최혜진', 19978, '파손'),
(6, 75, '2025-04-22 01:20:32', 3, '박정수', 4356, '보관불량'),
(7, 176, '2025-04-21 01:20:32', 2, '이서준', 2742, '유통기한만료'),
(8, 78, '2025-04-11 01:20:32', 9, '김서준', 17496, '유통기한만료'),
(9, 156, '2025-04-20 01:20:32', 2, '황성호', 3026, '유통기한만료'),
(10, 23, '2025-04-21 01:20:32', 10, '오예진', 19970, '보관불량'),
(11, 73, '2025-04-19 01:20:32', 3, '박미정', 7122, '파손'),
(12, 113, '2025-04-23 01:20:32', 5, '이준혁', 11340, '유통기한만료'),
(13, 98, '2025-04-10 01:20:32', 4, '문시우', 6600, '기타'),
(14, 102, '2025-04-17 01:20:32', 6, '류재호', 13572, '보관불량'),
(15, 170, '2025-04-13 01:20:32', 10, '이은영', 13120, '보관불량'),
(16, 8, '2025-04-12 01:20:32', 6, '박보람', 17778, '기타'),
(17, 122, '2025-04-22 01:20:32', 1, '이정호', 1641, '파손'),
(18, 41, '2025-04-12 01:20:32', 4, '주지영', 9832, '기타'),
(19, 137, '2025-04-20 01:20:32', 6, '이주원', 7650, '보관불량'),
(20, 57, '2025-04-10 01:20:32', 8, '남상철', 15576, '기타'),
(21, 35, '2025-04-19 01:20:32', 5, '김지연', 9985, '유통기한만료'),
(22, 101, '2025-04-22 01:20:32', 10, '서진우', 11670, '보관불량'),
(23, 140, '2025-04-11 01:20:32', 3, '안준영', 8475, '파손'),
(24, 76, '2025-04-20 01:20:32', 2, '홍주원', 4978, '유통기한만료'),
(25, 163, '2025-04-10 01:20:32', 1, '김수진', 2739, '유통기한만료'),
(26, 37, '2025-04-11 01:20:32', 10, '김승현', 21850, '기타'),
(27, 77, '2025-04-12 01:20:32', 10, '박예준', 14350, '유통기한만료'),
(28, 166, '2025-04-16 01:20:32', 5, '박현숙', 10565, '기타'),
(29, 96, '2025-04-14 01:20:32', 3, '이경희', 5247, '기타'),
(30, 3, '2025-04-21 01:20:32', 10, '한지원', 25010, '보관불량');


-- 본사 인사 더미 데이터

-- 19. department (부서) 데이터
INSERT INTO department (dept_id,dept_name) VALUES
(1, '인사팀'),
(2, '재무팀'),
(3, '영업팀'),
(4, '운영팀'),
(5, 'IT팀'),
(6, '마케팅팀'),
(7, '고객서비스팀'),
(8, '물류팀'),
(9, '구매팀'),
(10, '개발팀'),
(11, '미승인점주'),
(12, '미승인본사'),
(13, '승인점주');

-- 24. employee (사원) 데이터
INSERT INTO employee (emp_id,emp_role, store_id ,depart_id, emp_name, emp_gender, emp_phone, emp_addr, emp_birth, login_id, login_pwd, emp_img, emp_bank, emp_acount, emp_status, hire_date, work_type, email_auth, emp_ext) VALUES
(1,'ROLE_HR',1, 1, '김인사', 1, '010-1234-5678', '서울시 강남구', '1990-01-01', 'hr1', 'password123', null, '국민', '111-222-333444', '1', '2022-01-01', 1, true, null),
(2,'ROLE_FINANCE',1, 2, '이재무', 2, '010-2345-6789', '서울시 서초구', '1991-02-02', 'finance1', 'password123', null, '신한', '222-333-444555', '1', '2022-02-01', 1, true, null),
(3,'ROLE_SALES',2, 3, '박영업', 1, '010-3456-7890', '서울시 송파구', '1992-03-03', 'sales1', 'password123', null, '우리', '333-444-555666', '1', '2022-03-01', 1, true, null),
(4,'ROLE_OPERATIONS',2, 4, '최운영', 2, '010-4567-8901', '서울시 강동구', '1993-04-04', 'op1', 'password123', null, '농협', '444-555-666777', '2', '2022-04-01', 2, true, null),
(5,'ROLE_IT',3, 5, '정아이', 1, '010-5678-9012', '서울시 마포구', '1994-05-05', 'it1', 'password123', null, '국민', '555-666-777888', '1', '2022-05-01', 2, true, null),
(6,'ROLE_MARKETING',3, 6, '한마케', 2, '010-6789-0123', '서울시 영등포구', '1995-06-06', 'marketing1', 'password123', null, '신한', '666-777-888999', '1', '2022-06-01', 1, true, null),
(7,'ROLE_CS',1, 7, '곽서비스', 1, '010-7890-1234', '서울시 용산구', '1996-07-07', 'cs1', 'password123', null, '우리', '777-888-999000', '3', '2022-07-01', 1, true, null),
(8,'ROLE_LOGISTICS',2, 8, '송물류', 2, '010-8901-2345', '서울시 성동구', '1997-08-08', 'logistics1', 'password123', null, '농협', '888-999-000111', '1', '2022-08-01', 2, true, null),
(9,'ROLE_OWNER_PENDING',3, 9, '유구매', 1, '010-9012-3456', '서울시 광진구', '1998-09-09', 'purchase1', 'password123', null, '국민', '999-000-111222', '1', '2022-09-01', 1, true, null),
(10,'ROLE_HQ_PENDING',1, 10, '조개발', 2, '010-0123-4567', '서울시 중구', '1999-10-10', 'dev1', 'password123', null, '신한', '000-111-222333', '1', '2022-10-01', 1, true, null),
(11,'ROLE_OWNER',1, 13, '김강남', 1, '010-1111-2222', '서울시 강남구', '1980-01-01', 'owner_gangnam', 'password123', null, '국민', '100-200-300400', '1', '2023-01-01', 3, true, null),
(12,'ROLE_PURCHASING',2, 13, '박홍대', 2, '010-2222-3333', '서울시 마포구', '1982-02-02', 'owner_hongdae', 'password123', null, '신한', '200-300-400500', '1', '2023-02-15', 3, true, null),
(13,'ROLE_DEV',3, 13, '최부산', 1, '010-3333-4444', '부산시 해운대구', '1984-03-03', 'owner_busan', 'password123', null, '우리', '300-400-500600', '1', '2023-03-20', 3, true, null);

-- 20. annual_leave (연차) 데이터
INSERT INTO annual_leave (leave_id, emp_id, year, total_days, used_days, rem_days, uadate_at) VALUES
(1, 1, 2023, 15, 5, 10, '2023-12-01'),
(2, 2, 2023, 15, 3, 12, '2023-12-01'),
(3, 3, 2023, 15, 7, 8, '2023-12-01'),
(4, 4, 2023, 15, 2, 13, '2023-12-01'),
(5, 5, 2023, 15, 4, 11, '2023-12-01'),
(6, 6, 2023, 15, 6, 9, '2023-12-01'),
(7, 7, 2023, 15, 8, 7, '2023-12-01'),
(8, 8, 2023, 15, 1, 14, '2023-12-01'),
(9, 9, 2023, 15, 9, 6, '2023-12-01'),
(10, 10, 2023, 15, 0, 15, '2023-12-01');

-- 21. leave_req (연차 신청) 데이터

-- req_status 정의

-- 1: 승인
-- 2: 반려
-- 3: 대기


INSERT INTO leave_req (req_id, emp_id, req_date, req_reason, req_status, created_at) VALUES
(1, 1, '2023-12-25', '연말 휴가', '1', '2023-12-01 10:00:00'),
(2, 2, '2023-12-26', '가족 행사', '2', '2023-12-02 11:00:00'),
(3, 3, '2023-12-27', '개인 사유', '3', '2023-12-03 09:00:00'),
(4, 4, '2023-12-28', '병원 방문', '1', '2023-12-04 14:00:00'),
(5, 5, '2023-12-29', '연말 정산', '2', '2023-12-05 16:00:00'),
(6, 6, '2023-12-30', '이사', '1', '2023-12-06 10:30:00'),
(7, 7, '2024-01-02', '신년 행사', '3', '2023-12-07 11:30:00'),
(8, 8, '2024-01-03', '개인 용무', '1', '2023-12-08 09:30:00'),
(9, 9, '2024-01-04', '휴식', '2', '2023-12-09 13:30:00'),
(10, 10, '2024-01-05', '가족 여행', '3', '2023-12-10 15:30:00');

-- 22. appr_line (결재선) 데이터
INSERT INTO appr_line (line_id, emp_id, req_id, appr_order, is_delegate) VALUES
(1, 1, 1, 1, false),
(2, 2, 2, 1, false),
(3, 3, 3, 1, false),
(4, 4, 4, 1, false),
(5, 5, 5, 1, false),
(6, 6, 6, 1, false),
(7, 7, 7, 1, true),
(8, 8, 8, 1, false),
(9, 9, 9, 1, false),
(10, 10, 10, 1, true);

-- 23. appr_log (연차 결재 로그) 데이터

-- appr_status 정의
-- 1: 승인
-- 2: 반려
-- 3: 대기

INSERT INTO appr_log (log_id, req_id, emp_id, appr_status, appr_at, note) VALUES
(1, 1, 1, 1, '2023-12-01 11:00:00', '승인합니다'),
(2, 2, 2, 2, '2023-12-02 12:00:00', '인원 부족으로 반려'),
(3, 3, 3, 3, '2023-12-03 10:00:00', '검토중'),
(4, 4, 4, 1, '2023-12-04 15:00:00', '승인합니다'),
(5, 5, 5, 2, '2023-12-05 17:00:00', '업무 일정으로 반려'),
(6, 6, 6, 1, '2023-12-06 11:00:00', '승인합니다'),
(7, 7, 7, 3, '2023-12-07 12:00:00', '검토중'),
(8, 8, 8, 1, '2023-12-08 10:00:00', '승인합니다'),
(9, 9, 9, 2, '2023-12-09 14:00:00', '일정 중복으로 반려'),
(10, 10, 10, 3, '2023-12-10 16:00:00', '검토중');

-- 25. Salary (급여) 데이터

-- pay_status 정의
-- 1: 지급대기
-- 2: 지급완료

INSERT INTO Salary (salary_id, emp_id, calculated_at, base_salary, bonus, deduct_total, deduct_extra, net_salary, pay_date, pay_status) VALUES
(1, 1, '2023-11-30', 3000000, 300000, 300000, null, 3000000, '2023-12-05', '2'),
(2, 2, '2023-11-30', 2800000, 280000, 280000, null, 2800000, '2023-12-05', '2'),
(3, 3, '2023-11-30', 2600000, 260000, 260000, null, 2600000, '2023-12-05', '2'),
(4, 4, '2023-11-30', 2400000, 240000, 240000, null, 2400000, '2023-12-05', '2'),
(5, 5, '2023-11-30', 2200000, 220000, 220000, null, 2200000, '2023-12-05', '2'),
(6, 6, '2023-11-30', 3200000, 320000, 320000, null, 3200000, '2023-12-05', '1'),
(7, 7, '2023-11-30', 2900000, 290000, 290000, null, 2900000, '2023-12-05', '1'),
(8, 8, '2023-11-30', 2700000, 270000, 270000, null, 2700000, '2023-12-05', '2'),
(9, 9, '2023-11-30', 2500000, 250000, 250000, null, 2500000, '2023-12-05', '2'),
(10, 10, '2023-11-30', 3500000, 350000, 350000, null, 3500000, '2023-12-05', '1');

INSERT INTO Salary (salary_id, emp_id, part_timer_id,store_id, calculated_at, base_salary, bonus, deduct_total, deduct_extra, net_salary, pay_date, pay_status) VALUES
(11, NULL, 1, 1, '2025-04-22', 1487274, 100000, 116900, 0, 1470374, '2025-04-22', '보류'),
(12, NULL, 2, 1, '2025-04-16', 1011106, 100000, 81310, 30000, 999796, '2025-04-20', '지급완료'),
(13, NULL, 3, 1, '2025-04-16', 1147189, 50000, 70869, 0, 1126320, '2025-04-21', '지급완료'),
(14, NULL, 4, 1, '2025-04-17', 1376224, 0, 78681, 20000, 1277543, '2025-04-24', '지급완료'),
(15, NULL, 5, 1, '2025-04-20', 1387380, 0, 55610, 30000, 1301770, '2025-04-24', '보류'),
(16, NULL, 6, 2, '2025-04-18', 1492489, 50000, 56086, 0, 1486403, '2025-04-20', '보류'),
(17, NULL, 7, 2, '2025-04-23', 1546699, 100000, 85847, 30000, 1530852, '2025-04-23', '지급완료'),
(18, NULL, 8, 2, '2025-04-18', 1396905, 50000, 127028, 30000, 1289877, '2025-04-25', '보류'),
(19, NULL, 9, 2, '2025-04-18', 1233726, 100000, 103194, 20000, 1210532, '2025-04-23', '보류'),
(20, NULL, 10, 2, '2025-04-17', 1006918, 100000, 68214, 20000, 1018704, '2025-04-24', '지급완료'),
(21, NULL, 11, 3, '2025-04-23', 1539535, 100000, 86806, 0, 1552729, '2025-04-24', '지급완료'),
(22, NULL, 12, 3, '2025-04-22', 1379818, 100000, 144018, 0, 1335800, '2025-04-20', '지급완료'),
(23, NULL, 13, 3, '2025-04-18', 1346265, 100000, 64855, 20000, 1361410, '2025-04-20', '보류'),
(24, NULL, 14, 3, '2025-04-17', 1220939, 100000, 71134, 30000, 1219805, '2025-04-22', '지급완료'),
(25, NULL, 15, 3, '2025-04-21', 1045240, 0, 125168, 30000, 890072, '2025-04-24', '지급완료'),
(26, NULL, 16, 4, '2025-04-16', 1041094, 100000, 69249, 0, 1071845, '2025-04-24', '보류'),
(27, NULL, 17, 4, '2025-04-22', 1541737, 50000, 128558, 30000, 1433179, '2025-04-20', '지급완료'),
(28, NULL, 18, 4, '2025-04-20', 1089913, 0, 108877, 30000, 951036, '2025-04-22', '보류'),
(29, NULL, 19, 4, '2025-04-22', 1230019, 50000, 128753, 0, 1151266, '2025-04-21', '지급완료'),
(30, NULL, 20, 4, '2025-04-15', 1535617, 50000, 71983, 30000, 1483634, '2025-04-20', '보류'),
(31, NULL, 21, 5, '2025-04-17', 1072187, 0, 99572, 20000, 952615, '2025-04-24', '지급완료'),
(32, NULL, 22, 5, '2025-04-24', 1212177, 100000, 116107, 30000, 1166070, '2025-04-22', '지급완료'),
(33, NULL, 23, 5, '2025-04-15', 1100976, 0, 112373, 30000, 958603, '2025-04-21', '지급완료'),
(34, NULL, 24, 5, '2025-04-16', 1527778, 0, 62214, 20000, 1445564, '2025-04-20', '지급완료'),
(35, NULL, 25, 5, '2025-04-15', 1565482, 0, 138940, 30000, 1396542, '2025-04-22', '보류'),
(36, NULL, 26, 6, '2025-04-19', 1045548, 100000, 119444, 20000, 1006104, '2025-04-24', '보류'),
(37, NULL, 27, 6, '2025-04-18', 1367544, 100000, 147175, 30000, 1290369, '2025-04-21', '지급완료'),
(38, NULL, 28, 6, '2025-04-18', 1140386, 50000, 112539, 0, 1077847, '2025-04-25', '보류'),
(39, NULL, 29, 6, '2025-04-15', 1570143, 50000, 83791, 0, 1536352, '2025-04-25', '지급완료'),
(40, NULL, 30, 6, '2025-04-15', 1547923, 0, 118126, 0, 1429797, '2025-04-22', '지급완료'),
(41, NULL, 31, 7, '2025-04-19', 1428705, 50000, 63970, 0, 1414735, '2025-04-22', '보류'),
(42, NULL, 32, 7, '2025-04-20', 1562146, 50000, 124012, 20000, 1468134, '2025-04-21', '보류'),
(43, NULL, 33, 7, '2025-04-18', 1213588, 50000, 122365, 30000, 1111223, '2025-04-22', '지급완료'),
(44, NULL, 34, 7, '2025-04-19', 1586252, 100000, 113407, 20000, 1552845, '2025-04-23', '보류'),
(45, NULL, 35, 7, '2025-04-18', 1144775, 100000, 65608, 30000, 1149167, '2025-04-24', '보류'),
(46, NULL, 36, 8, '2025-04-22', 1105149, 0, 116629, 20000, 968520, '2025-04-23', '지급완료'),
(47, NULL, 37, 8, '2025-04-22', 1408004, 100000, 50693, 0, 1457311, '2025-04-24', '보류'),
(48, NULL, 38, 8, '2025-04-15', 1456526, 0, 58399, 20000, 1378127, '2025-04-24', '보류'),
(49, NULL, 39, 8, '2025-04-23', 1039589, 100000, 100374, 20000, 1019215, '2025-04-21', '보류'),
(50, NULL, 40, 8, '2025-04-15', 1060254, 0, 133924, 20000, 906330, '2025-04-22', '지급완료'),
(51, NULL, 41, 9, '2025-04-21', 1543323, 50000, 75525, 0, 1517798, '2025-04-21', '지급완료'),
(52, NULL, 42, 9, '2025-04-15', 1177715, 100000, 54726, 20000, 1202989, '2025-04-24', '지급완료'),
(53, NULL, 43, 9, '2025-04-22', 1091061, 50000, 102354, 20000, 1018707, '2025-04-20', '보류'),
(54, NULL, 44, 9, '2025-04-18', 1210040, 100000, 52014, 30000, 1228026, '2025-04-20', '지급완료'),
(55, NULL, 45, 9, '2025-04-23', 1576289, 50000, 145176, 30000, 1451113, '2025-04-21', '보류'),
(56, NULL, 46, 10, '2025-04-19', 1289939, 0, 129477, 0, 1160462, '2025-04-22', '보류'),
(57, NULL, 47, 10, '2025-04-15', 1004877, 50000, 72942, 20000, 961935, '2025-04-21', '지급완료'),
(58, NULL, 48, 10, '2025-04-16', 1075902, 100000, 88568, 20000, 1067334, '2025-04-25', '보류'),
(59, NULL, 49, 10, '2025-04-16', 1262292, 100000, 108034, 20000, 1234258, '2025-04-21', '보류'),
(60, NULL, 50, 10, '2025-04-21', 1356160, 50000, 139337, 20000, 1246823, '2025-04-21', '지급완료');


-- 26. attendance (근태 기록) 데이터

-- attend_status 정의
-- 1: 출근
-- 2: 지각
-- 3: 조퇴
-- 4: 결근
-- 5: 연차
-- 6: 병가


INSERT INTO attendance (attend_id, emp_id, work_date, leave_id, in_time, out_time, attend_status) VALUES
(1, 1,'2023-12-01', NULL, '2023-12-01 09:00:00', '2023-12-01 18:00:00', 1),
(2, 2, '2023-12-01', NULL, '2023-12-01 09:30:00', '2023-12-01 18:00:00', 2),
(3, 3, '2023-12-01', NULL, '2023-12-01 09:00:00', '2023-12-01 17:30:00', 3),
(4, 4, '2023-12-01', NULL, '2023-12-01 09:00:00', '2023-12-01 18:00:00', 1),
(5, 5, '2023-12-01', NULL, '2023-12-01 00:00:00', '2023-12-01 00:00:00', 4),
(6, 6, '2023-12-02', NULL, '2023-12-02 09:00:00', '2023-12-02 18:00:00', 1),
(7, 7, '2023-12-02', NULL, '2023-12-02 00:00:00', '2023-12-02 00:00:00', 5),
(8, 8, '2023-12-02', NULL, '2023-12-02 09:00:00', '2023-12-02 18:00:00', 1),
(9, 9, '2023-12-02', NULL, '2023-12-02 00:00:00', '2023-12-02 00:00:00', 6),
(10, 10, '2023-12-02', NULL, '2023-12-02 09:00:00', '2023-12-02 18:00:00', 1);

INSERT INTO attendance (attend_id, emp_id,store_id, part_timer_id, work_date, leave_id, in_time, out_time, attend_status) VALUES
(11, NULL, 1,1, '2024-04-01 08:00:00', NULL, '2024-04-01 08:00:00', '2024-04-01 14:00:00', 1),
(12, NULL, 2,2, '2024-04-01 10:00:00', NULL, '2024-04-01 10:00:00', '2024-04-01 16:00:00', 1),
(13, NULL, 3,3, '2024-04-01 12:00:00', NULL, '2024-04-01 12:00:00', '2024-04-01 18:00:00', 1),
(14, NULL, 2,4, '2024-04-01 14:00:00', NULL, '2024-04-01 14:00:00', '2024-04-01 20:00:00', 2),
(15, NULL, 1,5, '2024-04-01 16:00:00', NULL, '2024-04-01 16:00:00', '2024-04-01 22:00:00', 3);

-- 게시판 관련 더미 데이터

-- board_type 코드 정의:
-- 1: 공지사항 (본사→점주)
-- 2: 건의사항 (점주→본사, 큰 규모의 개선 요청)
-- 3: 점포문의 (점주→본사, 긴급하거나 작은 문제)



-- 27 tbl_board_posts(게시글) 데이터
INSERT INTO `tbl_board_posts` (`post_id`, `emp_id`, `board_type`, `title`, `content`, `created_at`) VALUES
-- 공지사항 (board_type = 1)
(1, 1, 1, '2024년 2분기 신상품 출시 안내', '안녕하세요. 2024년 2분기 신규 상품 10종이 출시되었습니다. 첨부된 가이드라인에 따라 매장 진열을 변경해주시기 바랍니다.', '2024-04-01 09:30:00'),
(2, 1, 1, '하절기 위생 관리 지침 안내', '식품 안전을 위한 하절기 위생 관리 지침이 개정되었습니다. 모든 점포는 변경된 지침에 따라 냉장/냉동 상품 관리에 각별히 주의해주시기 바랍니다.', '2024-05-15 11:00:00'),
(3, 2, 1, '시스템 정기 점검 일정 안내', '2024년 6월 2일 새벽 2시부터 4시까지 POS 시스템 정기 점검이 있을 예정입니다. 해당 시간에는 시스템 사용이 제한되오니 업무에 참고하시기 바랍니다.', '2024-05-28 14:15:00'),
(4, 2, 1, '여름 휴가철 영업시간 조정 안내', '7월 중순부터 8월 말까지 휴가철 특별 영업시간을 적용할 수 있습니다. 영업시간 조정을 원하시는 점포는 6월 20일까지 지역 담당자에게 신청해주세요.', '2024-06-05 10:45:00'),
(5, 3, 1, '2024년 추석 상품 예약 판매 안내', '2024년 추석 선물세트 예약 판매가 7월 15일부터 시작됩니다. 예약 주문 접수 방법과 정산 절차는 첨부된 매뉴얼을 참고해주세요.', '2024-06-20 09:00:00'),

-- 건의사항 (board_type = 2, 규모가 큰 건의)
(6, 4, 2, '강남점 인테리어 리모델링 요청', '강남점 인테리어가 5년 이상 경과하여 노후화가 심각합니다. 고객 만족도 향상을 위해 내년 1분기 중 리모델링을 요청드립니다.', '2024-04-10 16:20:00'),
(7, 5, 2, '재고 관리 시스템 개선 요청', '현재 사용 중인 재고 관리 시스템의 바코드 인식률이 저하되어 업무 효율성이 떨어지고 있습니다. 바코드 리더기 업그레이드 또는 시스템 개선을 건의합니다.', '2024-04-22 13:50:00'),
(8, 6, 2, '홍대점 주차장 확장 제안', '주차 공간 부족으로 고객 불만이 증가하고 있습니다. 인근 건물 주차장과의 제휴 또는 주차 공간 확보 방안을 검토해주시기 바랍니다.', '2024-05-03 11:30:00'),
(9, 4, 2, '직원 휴게 공간 개선 요청', '현재 직원 휴게실이 너무 협소하여 교대 근무자들이 적절한 휴식을 취하기 어렵습니다. 휴게 공간 확장 또는 시설 개선을 요청드립니다.', '2024-05-18 17:45:00'),
(10, 7, 2, '친환경 포장재 도입 제안', '일회용 비닐봉투 사용을 줄이기 위해 친환경 종이봉투 및 재사용 가능한 쇼핑백 도입을 제안합니다. 초기 비용은 발생하나 장기적으로 환경 보호와 브랜드 이미지 향상에 기여할 것입니다.', '2024-06-01 14:10:00'),

-- 점포문의 (board_type = 3, 긴급하거나 빠른 처리가 필요한 문의)
(11, 5, 3, '냉장고 고장으로 긴급 수리 요청', '2번 냉장고가 갑자기 작동을 멈춰 냉장 상품이 손상될 위험이 있습니다. 긴급 수리 기사 파견을 요청드립니다.', '2024-04-05 08:15:00'),
(12, 6, 3, 'POS 시스템 결제 오류 발생', '오늘 오전부터 POS 시스템에서 신용카드 결제 시 간헐적으로 오류가 발생하고 있습니다. 빠른 확인 및 조치 부탁드립니다.', '2024-04-18 10:30:00'),
(13, 7, 3, '와이파이 접속 불량 문의', '매장 내 와이파이 접속이 불안정하여 고객 불만이 제기되고 있습니다. 네트워크 장비 점검 및 조치 요청드립니다.', '2024-05-02 13:25:00'),
(14, 8, 3, '보안 카메라 고장 신고', '매장 입구 보안 카메라가 작동하지 않습니다. 보안 문제가 우려되니 빠른 수리 또는 교체 부탁드립니다.', '2024-05-20 09:50:00'),
(15, 9, 3, '전기 누전 의심 신고', '창고 구역에서 전기 누전이 의심되는 상황이 발생했습니다. 안전을 위해 긴급 전기 안전 점검을 요청합니다.', '2024-06-10 16:40:00');

-- 28 tbl_board_comments(댓글/답변) 데이터
INSERT INTO `tbl_board_comments` (`comment_id`, `post_id`, `content`, `created_at`) VALUES
-- 공지사항에 대한 답변/댓글
(1, 1, '신상품 가이드라인 확인했습니다. 진열 변경은 언제까지 완료해야 하나요?', '2024-04-01 11:20:00'),
(2, 1, '4월 5일까지 진열 변경을 완료해주시기 바랍니다. 문의사항은 담당MD에게 연락 바랍니다.', '2024-04-01 13:45:00'),
(3, 3, '시스템 점검 일정 확인했습니다. 해당 시간 이후 장애 발생 시 비상연락처를 공유해주세요.', '2024-05-28 15:30:00'),
(4, 3, '시스템 비상연락처는 02-555-7890입니다. 매뉴얼에도 업데이트 하겠습니다.', '2024-05-28 16:05:00'),

-- 건의사항에 대한 답변
(5, 6, '강남점 리모델링 요청 검토 중입니다. 현장 실사를 위해 다음 주 중 방문 예정이오니 협조 부탁드립니다.', '2024-04-12 10:30:00'),
(6, 7, '재고 관리 시스템 개선 건의 접수되었습니다. IT 부서에서 현재 시스템 진단 후 조치 방안을 마련할 예정입니다.', '2024-04-23 09:15:00'),
(7, 8, '주차장 확장 제안 감사합니다. 인근 건물과의 제휴 가능성을 검토 중이며, 추가 협의 필요시 연락드리겠습니다.', '2024-05-04 14:20:00'),
(8, 10, '친환경 포장재 도입 제안은 현재 본사에서 검토 중인 사안입니다. 7월 중으로 시범 운영 매장을 선정할 예정이니 참고 바랍니다.', '2024-06-03 11:50:00'),

-- 점포문의에 대한 긴급 답변
(9, 11, '긴급 수리기사 오늘 오후 2시 방문 예정입니다. 임시 조치로 냉장 상품은 다른 냉장고로 이동 부탁드립니다.', '2024-04-05 08:40:00'),
(10, 12, 'POS 시스템 원격 점검 완료했습니다. 결제모듈 업데이트가 필요하며 담당자가 원격으로 조치 예정입니다.', '2024-04-18 11:15:00'),
(11, 13, '네트워크 엔지니어 내일 오전 10시 방문 예정입니다. 방문 전 통신사에 점검 요청도 병행할 예정입니다.', '2024-05-02 14:00:00'),
(12, 14, '보안 업체에 수리 요청 접수 완료했습니다. 내일 오전 중으로 방문 예정이며, 임시 조치로 추가 순찰을 실시해주세요.', '2024-05-20 10:30:00'),
(13, 15, '전기안전공사에 긴급 점검 요청을 접수했습니다. 오늘 오후 5시까지 방문할 예정이니 담당자 대기 부탁드립니다.', '2024-06-10 17:00:00');


-- 29. dashboard_layout(대시보드) 데이터
INSERT INTO `dashboard_layout` (`layout_id`, `emp_id`, `widget_code`, `grid_positions`, `created_at`, `updated_at`) VALUES
-- 인사팀장 (emp_id: 1)
(1, 1, 'HR_ATTENDANCE', '1,2,3,4', '2024-01-01 09:00:00', '2024-01-01 09:00:00'),
(2, 1, 'HR_LEAVE', '5,6,7,8', '2024-01-01 09:00:00', '2024-01-01 09:00:00'),
(3, 1, 'HR_SALARY', '9,10,11,12', '2024-01-01 09:00:00', '2024-01-01 09:00:00'),
(4, 1, 'HR_STAFF_STATUS', '13,14,15,16', '2024-01-01 09:00:00', '2024-01-01 09:00:00'),

-- 재무팀장 (emp_id: 2)
(5, 2, 'FINANCE_DAILY_SALES', '1,2,3,4', '2024-01-01 09:00:00', '2024-01-01 09:00:00'),
(6, 2, 'FINANCE_MONTHLY_SALES', '5,6,7,8', '2024-01-01 09:00:00', '2024-01-01 09:00:00'),
(7, 2, 'FINANCE_EXPENSE', '9,10,11,12', '2024-01-01 09:00:00', '2024-01-01 09:00:00'),
(8, 2, 'FINANCE_PROFIT', '13,14,15,16', '2024-01-01 09:00:00', '2024-01-01 09:00:00'),

-- 영업팀장 (emp_id: 3)
(9, 3, 'SALES_DAILY', '1,2,3,4', '2024-01-01 09:00:00', '2024-01-01 09:00:00'),
(10, 3, 'SALES_HOURLY', '5,6,7,8', '2024-01-01 09:00:00', '2024-01-01 09:00:00'),
(11, 3, 'SALES_PRODUCT_RANK', '9,10,11,12', '2024-01-01 09:00:00', '2024-01-01 09:00:00'),
(12, 3, 'SALES_CATEGORY', '13,14,15,16', '2024-01-01 09:00:00', '2024-01-01 09:00:00'),

-- 운영팀장 (emp_id: 4)
(13, 4, 'OPERATION_INVENTORY', '1,2,3,4', '2024-01-01 09:00:00', '2024-01-01 09:00:00'),
(14, 4, 'OPERATION_ORDER', '5,6,7,8', '2024-01-01 09:00:00', '2024-01-01 09:00:00'),
(15, 4, 'OPERATION_STOCK_ALERT', '9,10,11,12', '2024-01-01 09:00:00', '2024-01-01 09:00:00'),
(16, 4, 'OPERATION_EXPIRY_ALERT', '13,14,15,16', '2024-01-01 09:00:00', '2024-01-01 09:00:00'),

-- IT팀장 (emp_id: 5)
(17, 5, 'IT_SYSTEM_STATUS', '1,2,3,4', '2024-01-01 09:00:00', '2024-01-01 09:00:00'),
(18, 5, 'IT_ISSUE_TRACKER', '5,6,7,8', '2024-01-01 09:00:00', '2024-01-01 09:00:00'),
(19, 5, 'IT_PERFORMANCE', '9,10,11,12', '2024-01-01 09:00:00', '2024-01-01 09:00:00'),
(20, 5, 'IT_MAINTENANCE', '13,14,15,16', '2024-01-01 09:00:00', '2024-01-01 09:00:00'),

-- 마케팅팀장 (emp_id: 6)
(21, 6, 'MARKETING_CAMPAIGN', '1,2,3,4', '2024-01-01 09:00:00', '2024-01-01 09:00:00'),
(22, 6, 'MARKETING_PROMOTION', '5,6,7,8', '2024-01-01 09:00:00', '2024-01-01 09:00:00'),
(23, 6, 'MARKETING_CUSTOMER', '9,10,11,12', '2024-01-01 09:00:00', '2024-01-01 09:00:00'),
(24, 6, 'MARKETING_SOCIAL', '13,14,15,16', '2024-01-01 09:00:00', '2024-01-01 09:00:00'),

-- 고객서비스팀장 (emp_id: 7)
(25, 7, 'CS_COMPLAINT', '1,2,3,4', '2024-01-01 09:00:00', '2024-01-01 09:00:00'),
(26, 7, 'CS_SATISFACTION', '5,6,7,8', '2024-01-01 09:00:00', '2024-01-01 09:00:00'),
(27, 7, 'CS_FEEDBACK', '9,10,11,12', '2024-01-01 09:00:00', '2024-01-01 09:00:00'),
(28, 7, 'CS_RESPONSE_TIME', '13,14,15,16', '2024-01-01 09:00:00', '2024-01-01 09:00:00'),

-- 물류팀장 (emp_id: 8)
(29, 8, 'LOGISTICS_DELIVERY', '1,2,3,4', '2024-01-01 09:00:00', '2024-01-01 09:00:00'),
(30, 8, 'LOGISTICS_INVENTORY', '5,6,7,8', '2024-01-01 09:00:00', '2024-01-01 09:00:00'),
(31, 8, 'LOGISTICS_SHIPMENT', '9,10,11,12', '2024-01-01 09:00:00', '2024-01-01 09:00:00'),
(32, 8, 'LOGISTICS_WAREHOUSE', '13,14,15,16', '2024-01-01 09:00:00', '2024-01-01 09:00:00'),

-- 구매팀장 (emp_id: 9)
(33, 9, 'PURCHASE_ORDER', '1,2,3,4', '2024-01-01 09:00:00', '2024-01-01 09:00:00'),
(34, 9, 'PURCHASE_SUPPLIER', '5,6,7,8', '2024-01-01 09:00:00', '2024-01-01 09:00:00'),
(35, 9, 'PURCHASE_COST', '9,10,11,12', '2024-01-01 09:00:00', '2024-01-01 09:00:00'),
(36, 9, 'PURCHASE_NEGOTIATION', '13,14,15,16', '2024-01-01 09:00:00', '2024-01-01 09:00:00'),

-- 개발팀장 (emp_id: 10)
(37, 10, 'DEV_TASK', '1,2,3,4', '2024-01-01 09:00:00', '2024-01-01 09:00:00'),
(38, 10, 'DEV_BUG', '5,6,7,8', '2024-01-01 09:00:00', '2024-01-01 09:00:00'),
(39, 10, 'DEV_DEPLOYMENT', '9,10,11,12', '2024-01-01 09:00:00', '2024-01-01 09:00:00'),
(40, 10, 'DEV_PERFORMANCE', '13,14,15,16', '2024-01-01 09:00:00', '2024-01-01 09:00:00');


-- 30. sales_stats (상품별 매출 통계) 데이터
INSERT INTO `sales_stats` (`sales_stats_id`, `store_id`, `product_id`, `sale_date`, `quantity`, `total_sales`, `created_at`) VALUES
(1, 1, 1, '2023-10-01', 25, 30000, '2023-10-01 23:59:00'),
(2, 1, 2, '2023-10-01', 18, 23400, '2023-10-01 23:59:00'),
(3, 1, 3, '2023-10-01', 10, 15000, '2023-10-01 23:59:00'),
(4, 2, 4, '2023-10-01', 12, 18000, '2023-10-01 23:59:00'),
(5, 3, 5, '2023-10-01', 8, 14400, '2023-10-01 23:59:00'),
(6, 1, 6, '2023-10-02', 15, 19500, '2023-10-02 23:59:00'),
(7, 2, 7, '2023-10-02', 11, 26400, '2023-10-02 23:59:00');

-- 31. sales_hourly (시간대별 매출 통계) 데이터
INSERT INTO `sales_hourly` (`sales_hourly_id`, `store_id`, `sale_date`, `hour`, `quantity`, `total_sales`, `created_at`) VALUES
(1, 1, '2023-10-01', 9, 15, 18000, '2023-10-01 09:59:00'),
(2, 1, '2023-10-01', 10, 12, 15000, '2023-10-01 10:59:00'),
(3, 1, '2023-10-01', 11, 20, 23000, '2023-10-01 11:59:00'),
(4, 2, '2023-10-01', 9, 18, 19000, '2023-10-01 09:59:00'),
(5, 2, '2023-10-01', 10, 22, 24000, '2023-10-01 10:59:00'),
(6, 3, '2023-10-01', 11, 14, 17500, '2023-10-01 11:59:00'),
(7, 1, '2023-10-02', 12, 10, 12000, '2023-10-02 12:59:00');



-- sales (POS 매출 기록) 데이터 - 1번부터 29번까지 전체
INSERT INTO `sales` (`sales_id`, `store_id`, `emp_id`, `product_id`, `total_sales`, `payment_method`,
                     `sale_time`, `quantity`, `is_refunded`, `discount_price`, `created_at`,
                     `final_amount`, `cost_price`, `real_income`, `is_settled`) VALUES
(1, 1, 11, 1, 1200, '카드', '2024-04-01 09:15:00', 1, false, 0, '2024-04-01 09:15:00', 1200, 450, 750, true),
(2, 1, 11, 2, 1300, '현금', '2024-04-01 09:30:00', 1, false, 100, '2024-04-01 09:30:00', 1200, 500, 700, true),
(3, 2, 12, 3, 1500, '카카오페이', '2024-04-01 10:00:00', 1, false, 0, '2024-04-01 10:00:00', 1500, 700, 800, true),
(4, 3, 13, 5, 1800, '카드', '2024-04-01 12:00:00', 1, true, 0, '2024-04-01 12:00:00', 0, 850, 0, false),
(5, 1, 11, 12, 6500, '카드', '2024-04-01 14:00:00', 1, false, 500, '2024-04-01 14:00:00', 6000, 3500, 2500, true),
(6, 2, 12, 4, 2700, '현금', '2024-04-01 11:00:00', 2, false, 300, '2024-04-01 11:00:00', 2400, 1300, 1100, true),
(7, 1, 11, 14, 4500, '현금', '2024-04-01 15:00:00', 1, false, 0, '2024-04-01 15:00:00', 4500, 2500, 2000, true),
(8, 1, 11, 15, 3000, '카드', '2024-04-02 09:00:00', 2, false, 0, '2024-04-02 09:00:00', 3000, 1000, 2000, true),
(9, 2, 12, 13, 2400, '현금', '2024-04-02 10:30:00', 1, false, 100, '2024-04-02 10:30:00', 2300, 800, 1500, true),
(10, 3, 13, 9, 2700, '카드', '2024-04-02 12:30:00', 2, false, 0, '2024-04-02 12:30:00', 2700, 1200, 1500, true),
(11, 1, 11, 16, 4000, '현금', '2024-04-02 14:30:00', 2, false, 200, '2024-04-02 14:30:00', 3800, 1500, 2300, true),
(12, 2, 12, 11, 2200, '카드', '2024-04-02 16:00:00', 1, false, 50, '2024-04-02 16:00:00', 2150, 900, 1250, true),
(13, 3, 13, 18, 5400, '카카오페이', '2024-04-02 17:00:00', 1, false, 0, '2024-04-02 17:00:00', 5400, 2500, 2900, true),
(14, 1, 11, 17, 5200, '카드', '2024-04-03 09:30:00', 2, false, 100, '2024-04-03 09:30:00', 5100, 1800, 3300, true),
(15, 2, 12, 19, 3800, '현금', '2024-04-03 11:00:00', 1, false, 0, '2024-04-03 11:00:00', 3800, 1700, 2100, true),
(16, 3, 13, 20, 6000, '카드', '2024-04-03 13:00:00', 2, false, 150, '2024-04-03 13:00:00', 5850, 2500, 3350, true),
(17, 1, 11, 21, 6300, '현금', '2024-04-03 14:30:00', 1, false, 100, '2024-04-03 14:30:00', 6200, 1800, 4400, true),
(18, 2, 12, 22, 6600, '카드', '2024-04-03 16:00:00', 1, false, 0, '2024-04-03 16:00:00', 6600, 2500, 4100, true),
(19, 3, 13, 23, 6900, '카카오페이', '2024-04-03 17:30:00', 2, false, 0, '2024-04-03 17:30:00', 6900, 2800, 4100, true),
(20, 2, 12, 5, 2100, '카드', '2024-04-02 16:00:00', 1, false, 0, '2024-04-02 16:00:00', 2100, 700, 1400, true),
-- 오늘(2025-04-24)
(21, 1, 11, 31, 5000, '카드', '2025-04-24 09:10:00', 1, false, 0, '2025-04-24 09:10:00', 5000, 2000, 3000, true),
(22, 1, 11, 32, 7200, '현금', '2025-04-24 13:30:00', 2, false, 200, '2025-04-24 13:30:00', 7000, 3000, 4000, true),
(23, 1, 11, 33, 6500, '카카오페이', '2025-04-24 17:00:00', 1, false, 0, '2025-04-24 17:00:00', 6500, 2700, 3800, true),
(24, 2, 12, 34, 4100, '카드', '2025-04-24 10:20:00', 1, false, 100, '2025-04-24 10:20:00', 4000, 1500, 2500, true),
(25, 2, 12, 35, 7800, '현금', '2025-04-24 15:00:00', 2, false, 300, '2025-04-24 15:00:00', 7500, 3500, 4000, true),
(26, 2, 12, 36, 9000, '카카오페이', '2025-04-24 18:10:00', 1, false, 0, '2025-04-24 18:10:00', 9000, 4000, 5000, true),
(27, 3, 13, 37, 3200, '현금', '2025-04-24 11:00:00', 1, false, 0, '2025-04-24 11:00:00', 3200, 1200, 2000, true),
(28, 3, 13, 38, 8600, '카드', '2025-04-24 14:45:00', 2, false, 200, '2025-04-24 14:45:00', 8400, 3000, 5400, true),
(29, 3, 13, 35, 9900, '카카오페이', '2025-04-24 19:30:00', 1, false, 0, '2025-04-24 19:30:00', 9900, 4000, 5900, true);


-- 32. issue_log (최근 이슈) 데이터 삽입
INSERT INTO `issue_log` (`issue_id`, `store_id`, `issue_title`, `issue_desc`, `issue_type`, `created_at`) VALUES
(1, 1, '재고 급감', '삼각김밥 참치 제품의 재고가 급격히 감소', '재고', '2024-04-23 14:30:00'),
(2, 2, 'POS 시스템 오류', 'POS 시스템에서 결제 오류가 발생', '시스템', '2024-04-23 10:00:00'),
(3, 3, '상품 손상', '냉장식품 일부가 손상되어 판매 불가 상태', '상품', '2024-04-23 13:00:00');
