-- 기본 테이블(독립 테이블) 데이터 먼저 삽입


-- 1. store(매장) 데이터

INSERT INTO `store` (`store_id`, `store_name`, `store_addr`, `store_tel`, `store_created_at`, `store_cert`, `store_acc`) VALUES
(1, '강남점', '서울특별시 강남구 테헤란로 152', '02-555-1234', '2023-01-01 09:00:00', 'https://example.com/cert/gangnam.jpg', 'https://example.com/accounts/gangnam.jpg'),
(2, '홍대점', '서울특별시 마포구 와우산로 94', '02-336-5678', '2023-02-15 10:30:00', 'https://example.com/cert/hongdae.jpg', 'https://example.com/accounts/hongdae.jpg'),
(3, '부산점', '부산광역시 해운대구 해운대해변로 264', '051-747-9012', '2023-03-20 11:15:00', 'https://example.com/cert/busan.jpg', 'https://example.com/accounts/busan.jpg');

-- 2. category(카테고리) 데이터
INSERT INTO `category` (`category_id`, `category_name`, `category_filter`, `parent_category_id`) VALUES
-- 대분류 (최상위 카테고리)
(1, '식품', 1, NULL),
(2, '음료', 1, NULL),
(3, '생활용품', 1, NULL),

-- 중분류 (식품의 하위 카테고리)
(4, '과자/스낵', 2, 1),
(7, '냉장식품', 2, 1),
(8, '냉동식품', 2, 1),

-- 중분류 (음료의 하위 카테고리)
(5, '아이스크림', 2, 2),
(6, '주류', 2, 2),
(11, '커피/차', 2, 2),
(12, '주스', 2, 2),
(13, '탄산음료', 2, 2),

-- 중분류 (생활용품의 하위 카테고리)
(14, '세제류', 2, 3),
(15, '화장지/물티슈', 2, 3),

-- 소분류 (과자/스낵의 하위 카테고리)
(16, '초콜릿', 3, 4),
(17, '비스킷/쿠키', 3, 4),

-- 소분류 (냉장식품의 하위 카테고리)
(9, '샌드위치', 3, 7),

-- 소분류 (냉동식품의 하위 카테고리)
(10, '도시락', 3, 8),

-- 소분류 (커피/차의 하위 카테고리)
(18, '아메리카노', 3, 11),
(19, '라떼', 3, 11),
(20, '녹차/홍차', 3, 11),

-- 소분류 (아이스크림의 하위 카테고리)
(23, '바', 3, 5),
(24, '콘', 3, 5),
(25, '캔디바', 3, 5),

-- 소분류 (주류의 하위 카테고리)
(26, '소주', 3, 6),
(27, '맥주', 3, 6),
(28, '전통주', 3, 6),

-- 소분류 (주스의 하위 카테고리)
(29, '과일주스', 3, 12),
(30, '야채주스', 3, 12),
(31, '혼합주스', 3, 12),

-- 소분류 (탄산음료의 하위 카테고리)
(32, '콜라', 3, 13),
(33, '사이다', 3, 13);

-- 3. ai_model(AI 모델) 데이터
INSERT INTO `ai_model` (`model_id`, `name`, `type`, `version`, `parameters`, `accuracy`, `training_date`, `is_active`, `created_at`, `updated_at`) VALUES
(1, '재고예측모델', '시계열예측', '1.0.0', '{"learning_rate": 0.01, "layers": 3, "hidden_units": 64}', 87.5, '2023-05-15 00:00:00', TRUE, '2023-05-15 12:30:00', '2023-05-15 12:30:00'),
(2, '판매량예측모델', '회귀분석', '2.1.0', '{"algorithm": "random_forest", "max_depth": 10, "n_estimators": 100}', 92.3, '2023-06-20 00:00:00', TRUE, '2023-06-20 14:45:00', '2023-07-15 09:30:00'),
(3, '이상감지모델', '이상탐지', '1.5.0', '{"threshold": 0.85, "window_size": 24, "feature_count": 12}', 78.6, '2023-07-01 00:00:00', TRUE, '2023-07-01 10:15:00', '2023-09-01 16:20:00'),
(4, '고객행동예측', '분류', '0.9.5', '{"algorithm": "svm", "kernel": "rbf", "C": 1.0}', 81.2, '2023-08-10 00:00:00', FALSE, '2023-08-10 11:00:00', '2023-08-10 11:00:00'),
(5, '가격최적화모델', '강화학습', '0.7.0', '{"discount_factor": 0.95, "epochs": 500, "batch_size": 32}', 75.8, '2023-09-05 00:00:00', TRUE, '2023-09-05 15:30:00', '2023-10-01 13:45:00');

-- 4. weather_data(날씨) 데이터
INSERT INTO `weather_data` (`weather_id`, `location`, `date`, `temperature`, `condition`, `humidity`, `precipitation`, `created_at`) VALUES
(1, '서울', '2023-10-01', 22.5, '맑음', 45, 0.0, '2023-10-01 00:10:00'),
(2, '서울', '2023-10-02', 23.1, '구름조금', 50, 0.0, '2023-10-02 00:10:00'),
(3, '서울', '2023-10-03', 20.8, '흐림', 65, 5.2, '2023-10-03 00:10:00'),
(4, '서울', '2023-10-04', 18.5, '비', 80, 15.7, '2023-10-04 00:10:00'),
(5, '서울', '2023-10-05', 19.2, '비', 75, 8.3, '2023-10-05 00:10:00'),
(6, '부산', '2023-10-01', 24.7, '맑음', 50, 0.0, '2023-10-01 00:10:00'),
(7, '부산', '2023-10-02', 25.3, '맑음', 55, 0.0, '2023-10-02 00:10:00'),
(8, '부산', '2023-10-03', 24.9, '구름조금', 60, 0.0, '2023-10-03 00:10:00'),
(9, '부산', '2023-10-04', 22.1, '흐림', 70, 2.5, '2023-10-04 00:10:00'),
(10, '부산', '2023-10-05', 21.5, '비', 85, 12.3, '2023-10-05 00:10:00');

-- 5. product(상품) 데이터 추가 (카테고리 체계 변경에 맞게 수정)
INSERT INTO `product` (`product_id`, `category_id`, `pro_name`, `pro_barcode`, `pro_cost`, `pro_sell_cost`, `pro_created_at`, `pro_update_at`, `pro_image`, `is_promo`) VALUES
-- 냉장식품(7) 카테고리의 상품들
(1, 7,  '삼각김밥 참치', 8801234567890, 450, 1200, '2023-01-15 08:00:00', '2023-01-15 08:00:00', 'https://example.com/images/samgak_tuna.jpg', 0),
(2, 7, '삼각김밥 불고기', 8801234567891, 500, 1300, '2023-01-15 08:10:00', '2023-01-15 08:10:00', 'https://example.com/images/samgak_bulgogi.jpg', 0),

-- 탄산음료(13) 카테고리의 상품들
(3, 13,  '콜라 500ml', 8801234567892, 700, 1500, '2023-01-15 09:00:00', '2023-01-15 09:00:00', 'https://example.com/images/cola_500.jpg', 0),
(4, 13,  '사이다 500ml', 8801234567893, 650, 1500, '2023-01-15 09:05:00', '2023-01-15 09:05:00', 'https://example.com/images/cider_500.jpg', 0),

-- 화장지/물티슈(15) 카테고리의 상품
(5, 15,  '물티슈 60매', 8801234567894, 850, 1800, '2023-01-16 10:00:00', '2023-01-16 10:00:00', 'https://example.com/images/wipes_60.jpg', 0),

-- 과자/스낵(4) 카테고리의 상품
(6, 4, '포테이토칩 오리지널', 8801234567895, 600, 1500, '2023-01-16 10:30:00', '2023-01-16 10:30:00', 'https://example.com/images/potato_org.jpg', 0),

-- 초콜릿(16) 카테고리의 상품
(7, 16,  '초코파이 12개입', 8801234567896, 2400, 3800, '2023-01-16 11:00:00', '2023-01-16 11:00:00', 'https://example.com/images/choco_pie.jpg', 0),

-- 아이스크림(5) 카테고리의 상품들
(8, 5,  '메로나', 8801234567897, 350, 1000, '2023-01-17 09:00:00', '2023-01-17 09:00:00', 'https://example.com/images/melona.jpg', 1),
(9, 5,  '비비빅', 8801234567898, 400, 1200, '2023-01-17 09:10:00', '2023-01-17 09:10:00', 'https://example.com/images/bbibig.jpg', 1),

-- 주류(6) 카테고리의 상품
(10, 6, '참이슬 후레쉬 360ml', 8801234567899, 950, 1700, '2023-01-18 10:00:00', '2023-01-18 10:00:00', 'https://example.com/images/soju_fresh.jpg', 0),

-- 냉장식품(7) 카테고리의 상품
(11, 7, '요구르트 4입', 8801234567900, 1800, 3200, '2023-01-19 08:00:00', '2023-01-19 08:00:00', 'https://example.com/images/yogurt_4.jpg', 0),

-- 냉동식품(8) 카테고리의 상품
(12, 8, '냉동만두 420g', 8801234567901, 3500, 6500, '2023-01-19 08:30:00', '2023-01-19 08:30:00', 'https://example.com/images/frozen_mandu.jpg', 0),

-- 샌드위치(9) 카테고리의 상품
(13, 9,  '햄치즈 샌드위치', 8801234567902, 1800, 3500, '2023-01-20 07:00:00', '2023-01-20 07:00:00', 'https://example.com/images/ham_cheese_sandwich.jpg', 0),

-- 도시락(10) 카테고리의 상품들
(14, 10,  '김치볶음밥 도시락', 8801234567903, 2500, 4500, '2023-01-20 07:30:00', '2023-01-20 07:30:00', 'https://example.com/images/kimchi_dosirak.jpg', 0),
(15, 10, '제육볶음 도시락', 8801234567904, 2700, 4800, '2023-01-20 07:35:00', '2023-01-20 07:35:00', 'https://example.com/images/jeyuk_dosirak.jpg', 0),

-- 추가 상품들: 다양한 카테고리에 맞게 추가
-- 커피/차(11) 카테고리의 상품들
(16, 18, '아메리카노 250ml', 8801234567905, 800, 1800, '2023-01-21 08:00:00', '2023-01-21 08:00:00', 'https://example.com/images/americano.jpg', 0),
(17, 19, '카페라떼 250ml', 8801234567906, 900, 2000, '2023-01-21 08:10:00', '2023-01-21 08:10:00', 'https://example.com/images/latte.jpg', 0),
(18, 20, '녹차 500ml', 8801234567907, 750, 1600, '2023-01-21 08:20:00', '2023-01-21 08:20:00', 'https://example.com/images/green_tea.jpg', 0),

-- 주스(12) 카테고리의 상품들
(19, 12, '오렌지주스 500ml', 8801234567908, 900, 1900, '2023-01-22 09:00:00', '2023-01-22 09:00:00', 'https://example.com/images/orange_juice.jpg', 0),
(20, 12, '사과주스 500ml', 8801234567909, 850, 1800, '2023-01-22 09:10:00', '2023-01-22 09:10:00', 'https://example.com/images/apple_juice.jpg', 0),

-- 비스킷/쿠키(17) 카테고리의 상품
(21, 17, '초코칩쿠키 8개입', 8801234567910, 1800, 3500, '2023-01-23 10:00:00', '2023-01-23 10:00:00', 'https://example.com/images/choco_cookies.jpg', 0),

-- 세제류(14) 카테고리의 상품
(22, 14, '주방세제 500ml', 8801234567911, 1500, 3000, '2023-01-24 11:00:00', '2023-01-24 11:00:00', 'https://example.com/images/dish_soap.jpg', 0),

-- 아이스크림 바(23) 카테고리의 상품들
(23, 23, '월드콘', 8801234567912, 800, 2000, '2024-01-25 09:00:00', '2024-01-25 09:00:00', 'https://example.com/images/worldcone.jpg', 0),
(24, 23, '구구콘', 8801234567913, 700, 1800, '2024-01-25 09:05:00', '2024-01-25 09:05:00', 'https://example.com/images/gugucone.jpg', 0),

-- 아이스크림 콘(24) 카테고리의 상품들
(25, 24, '설레임', 8801234567914, 900, 2200, '2024-01-25 09:10:00', '2024-01-25 09:10:00', 'https://example.com/images/seolleim.jpg', 0),
(26, 24, '쌍쌍바', 8801234567915, 600, 1500, '2024-01-25 09:15:00', '2024-01-25 09:15:00', 'https://example.com/images/ssangbar.jpg', 0),

-- 소주(26) 카테고리의 상품들
(27, 26, '처음처럼', 8801234567916, 1200, 2500, '2024-01-26 10:00:00', '2024-01-26 10:00:00', 'https://example.com/images/cheoeum.jpg', 0),
(28, 26, '진로', 8801234567917, 1100, 2400, '2024-01-26 10:05:00', '2024-01-26 10:05:00', 'https://example.com/images/jinro.jpg', 0),

-- 맥주(27) 카테고리의 상품들
(29, 27, '카스', 8801234567918, 1500, 3000, '2024-01-26 10:10:00', '2024-01-26 10:10:00', 'https://example.com/images/cass.jpg', 0),
(30, 27, '하이트', 8801234567919, 1400, 2900, '2024-01-26 10:15:00', '2024-01-26 10:15:00', 'https://example.com/images/hite.jpg', 0),

-- 과일주스(29) 카테고리의 상품들
(31, 29, '델몬트 오렌지', 8801234567920, 1200, 2500, '2024-01-27 11:00:00', '2024-01-27 11:00:00', 'https://example.com/images/delmonte_orange.jpg', 0),
(32, 29, '델몬트 포도', 8801234567921, 1200, 2500, '2024-01-27 11:05:00', '2024-01-27 11:05:00', 'https://example.com/images/delmonte_grape.jpg', 0),

-- 야채주스(30) 카테고리의 상품들
(33, 30, '토마토주스', 8801234567922, 1300, 2700, '2024-01-27 11:10:00', '2024-01-27 11:10:00', 'https://example.com/images/tomato_juice.jpg', 0),
(34, 30, '당근주스', 8801234567923, 1300, 2700, '2024-01-27 11:15:00', '2024-01-27 11:15:00', 'https://example.com/images/carrot_juice.jpg', 0),

-- 콜라(32) 카테고리의 상품들
(35, 32, '코카콜라 제로', 8801234567924, 800, 1800, '2024-01-28 12:00:00', '2024-01-28 12:00:00', 'https://example.com/images/coke_zero.jpg', 0),
(36, 32, '펩시', 8801234567925, 750, 1700, '2024-01-28 12:05:00', '2024-01-28 12:05:00', 'https://example.com/images/pepsi.jpg', 0),

-- 사이다(33) 카테고리의 상품들
(37, 33, '칠성사이다 제로', 8801234567926, 800, 1800, '2024-01-28 12:10:00', '2024-01-28 12:10:00', 'https://example.com/images/cider_zero.jpg', 0),
(38, 33, '스프라이트', 8801234567927, 750, 1700, '2024-01-28 12:15:00', '2024-01-28 12:15:00', 'https://example.com/images/sprite.jpg', 0);

-- 상품 세부항목(product_details) 데이터
INSERT INTO `product_details` (`pro_detail_id`, `product_id`, `manufacturer`, `manu_num`, `shelf_life`, `allergens`, `storage_method`) VALUES
(1, 1, '삼각김밥 주식회사', '02-123-4567', '제조일로부터 1일', '쌀, 참치(대두,밀 함유)', '냉장보관'),
(2, 2, '삼각김밥 주식회사', '02-123-4567', '제조일로부터 1일', '쌀, 불고기(대두,밀 함유)', '냉장보관'),
(3, 3, '코카콜라', '02-456-7890', '제조일로부터 12개월', NULL, '직사광선을 피해 서늘한 곳에 보관'),
(4, 4, '칠성사이다', '02-567-8901', '제조일로부터 12개월', NULL, '직사광선을 피해 서늘한 곳에 보관'),
(5, 5, '크리넥스', '02-678-9012', NULL, NULL, '직사광선을 피해 건조한 곳에 보관'),
(6, 6, '롯데제과', '02-789-0123', '제조일로부터 6개월', '밀, 대두', '직사광선을 피해 서늘한 곳에 보관'),
(7, 7, '오리온', '02-890-1234', '제조일로부터 6개월', '밀, 대두, 계란', '직사광선을 피해 서늘한 곳에 보관'),
(8, 8, '빙그레', '02-901-2345', '제조일로부터 12개월', '우유', '냉동보관'),
(9, 9, '롯데제과', '02-789-0123', '제조일로부터 12개월', '우유', '냉동보관'),
(10, 10, '하이트진로', '02-012-3456', '제조일로부터 12개월', NULL, '직사광선을 피해 서늘한 곳에 보관'),
(11, 11, '남양유업', '02-123-4567', '제조일로부터 30일', '우유', '냉장보관'),
(12, 12, 'CJ제일제당', '02-234-5678', '제조일로부터 12개월', '밀, 대두, 돼지고기', '냉동보관'),
(13, 13, '편의점샌드위치', '02-345-6789', '제조일로부터 1일', '밀, 계란, 우유', '냉장보관'),
(14, 14, '한국도시락', '02-456-7890', '제조일로부터 2일', '쌀, 김치(고춧가루)', '냉장보관'),
(15, 15, '한국도시락', '02-456-7890', '제조일로부터 2일', '쌀, 돼지고기, 대두', '냉장보관'),
(16, 16, '스타벅스', '02-567-8901', '제조일로부터 180일', NULL, '직사광선을 피해 서늘한 곳에 보관'),
(17, 17, '스타벅스', '02-567-8901', '제조일로부터 180일', '우유', '직사광선을 피해 서늘한 곳에 보관'),
(18, 18, '동서식품', '02-678-9012', '제조일로부터 365일', NULL, '직사광선을 피해 서늘한 곳에 보관'),
(19, 19, '델몬트', '02-789-0123', '제조일로부터 180일', NULL, '직사광선을 피해 서늘한 곳에 보관'),
(20, 20, '해태음료', '02-890-1234', '제조일로부터 180일', NULL, '직사광선을 피해 서늘한 곳에 보관'),
(21, 21, '롯데제과', '02-901-2345', '제조일로부터 180일', '밀, 대두, 계란', '직사광선을 피해 서늘한 곳에 보관'),
(22, 22, '애경', '02-012-3456', '제조일로부터 730일', NULL, '직사광선을 피해 서늘한 곳에 보관'),
(23, 23, '빙그레', '02-901-2345', '제조일로부터 12개월', '우유', '냉동보관'),
(24, 24, '롯데제과', '02-789-0123', '제조일로부터 12개월', '우유', '냉동보관'),
(25, 25, '빙그레', '02-901-2345', '제조일로부터 12개월', '우유', '냉동보관'),
(26, 26, '롯데제과', '02-789-0123', '제조일로부터 12개월', '우유', '냉동보관'),
(27, 27, '롯데주류', '02-345-6789', '제조일로부터 12개월', NULL, '직사광선을 피해 서늘한 곳에 보관'),
(28, 28, '진로', '02-456-7890', '제조일로부터 12개월', NULL, '직사광선을 피해 서늘한 곳에 보관'),
(29, 29, '오비맥주', '02-567-8901', '제조일로부터 12개월', NULL, '직사광선을 피해 서늘한 곳에 보관'),
(30, 30, '하이트맥주', '02-678-9012', '제조일로부터 12개월', NULL, '직사광선을 피해 서늘한 곳에 보관'),
(31, 31, '델몬트', '02-789-0123', '제조일로부터 180일', NULL, '직사광선을 피해 서늘한 곳에 보관'),
(32, 32, '델몬트', '02-789-0123', '제조일로부터 180일', NULL, '직사광선을 피해 서늘한 곳에 보관'),
(33, 33, '해태음료', '02-890-1234', '제조일로부터 180일', NULL, '직사광선을 피해 서늘한 곳에 보관'),
(34, 34, '해태음료', '02-890-1234', '제조일로부터 180일', NULL, '직사광선을 피해 서늘한 곳에 보관'),
(35, 35, '코카콜라', '02-456-7890', '제조일로부터 12개월', NULL, '직사광선을 피해 서늘한 곳에 보관'),
(36, 36, '롯데칠성', '02-567-8901', '제조일로부터 12개월', NULL, '직사광선을 피해 서늘한 곳에 보관'),
(37, 37, '롯데칠성', '02-567-8901', '제조일로부터 12개월', NULL, '직사광선을 피해 서늘한 곳에 보관'),
(38, 38, '코카콜라', '02-456-7890', '제조일로부터 12개월', NULL, '직사광선을 피해 서늘한 곳에 보관');

-- 7. sales_statistics(판매 통계) 데이터
INSERT INTO `sales_statistics` (`stats_id`, `store_id`, `category_id`, `date`, `hour`, `total_sales`, `transaction_count`, `avg_transaction`, `created_at`) VALUES
(1, 1, 1, '2023-10-01', '2023-10-01 12:00:00', 58500.00, 45, 1300.00, '2023-10-01 23:59:00'),
(2, 1, 2, '2023-10-01', '2023-10-01 12:00:00', 42000.00, 28, 1500.00, '2023-10-01 23:59:00'),
(3, 1, 4, '2023-10-01', '2023-10-01 12:00:00', 35250.00, 22, 1602.27, '2023-10-01 23:59:00'),
(4, 2, 1, '2023-10-01', '2023-10-01 12:00:00', 63750.00, 50, 1275.00, '2023-10-01 23:59:00'),
(5, 2, 2, '2023-10-01', '2023-10-01 12:00:00', 51000.00, 34, 1500.00, '2023-10-01 23:59:00'),
(6, 3, 1, '2023-10-01', '2023-10-01 12:00:00', 48750.00, 38, 1282.89, '2023-10-01 23:59:00'),
(7, 1, 1, '2023-10-02', '2023-10-02 12:00:00', 62400.00, 48, 1300.00, '2023-10-02 23:59:00'),
(8, 1, 2, '2023-10-02', '2023-10-02 12:00:00', 43500.00, 29, 1500.00, '2023-10-02 23:59:00'),
(9, 2, 1, '2023-10-02', '2023-10-02 12:00:00', 59800.00, 47, 1272.34, '2023-10-02 23:59:00'),
(10, 3, 2, '2023-10-02', '2023-10-02 12:00:00', 54000.00, 36, 1500.00, '2023-10-02 23:59:00');

-- 8. inventory_statistics(재고 통계) 데이터
INSERT INTO `inventory_statistics` (`stats_id`, `store_id`, `category_id`, `date`, `turnover_rate`, `stock_value`, `low_stock_count`, `excess_stock_count`, `expired_soon_count`, `created_at`) VALUES
(1, 1, 1, '2023-10-01', 3.75, 125000.00, 2, 1, 3, '2023-10-01 23:59:00'),
(2, 1, 2, '2023-10-01', 2.50, 87500.00, 1, 2, 0, '2023-10-01 23:59:00'),
(3, 1, 4, '2023-10-01', 1.85, 65000.00, 0, 3, 0, '2023-10-01 23:59:00'),
(4, 2, 1, '2023-10-01', 4.10, 135000.00, 3, 0, 2, '2023-10-01 23:59:00'),
(5, 2, 2, '2023-10-01', 3.25, 95000.00, 2, 1, 0, '2023-10-01 23:59:00'),
(6, 3, 1, '2023-10-01', 3.50, 110000.00, 1, 1, 1, '2023-10-01 23:59:00'),
(7, 1, 1, '2023-10-02', 3.90, 130000.00, 1, 1, 4, '2023-10-02 23:59:00'),
(8, 1, 2, '2023-10-02', 2.70, 90000.00, 2, 1, 0, '2023-10-02 23:59:00'),
(9, 2, 1, '2023-10-02', 4.25, 140000.00, 2, 0, 3, '2023-10-02 23:59:00'),
(10, 3, 2, '2023-10-02', 3.50, 105000.00, 1, 2, 0, '2023-10-02 23:59:00');

-- 9. order_stats(발주 통계) 데이터
INSERT INTO `order_stats` (`ostats_id`, `store_id`, `product_id`, `order_date`, `quantity`, `total_price`, `created_at`) VALUES
(1, 1, 1, '2023-10-01', 50, 22500, '2023-10-01 09:00:00'),
(2, 1, 2, '2023-10-01', 40, 20000, '2023-10-01 09:05:00'),
(3, 1, 3, '2023-10-01', 60, 42000, '2023-10-01 09:10:00'),
(4, 2, 1, '2023-10-01', 60, 27000, '2023-10-01 10:00:00'),
(5, 2, 4, '2023-10-01', 45, 29250, '2023-10-01 10:05:00'),
(6, 3, 5, '2023-10-01', 30, 25500, '2023-10-01 11:00:00'),
(7, 1, 6, '2023-10-02', 35, 21000, '2023-10-02 09:00:00'),
(8, 2, 7, '2023-10-02', 25, 60000, '2023-10-02 10:00:00'),
(9, 3, 8, '2023-10-02', 40, 14000, '2023-10-02 11:00:00'),
(10, 1, 9, '2023-10-02', 30, 12000, '2023-10-02 09:10:00');

-- 10. demand_prediction(수요 예측) 데이터
INSERT INTO `demand_prediction` (`prediction_id`, `store_id`, `product_id`, `date`, `predicted_quantity`, `confidence_level`, `weather_factor`, `seasonal_factor`, `created_at`) VALUES
(1, 1, 1, '2023-10-06', 55, 0.85, 0.75, 0.90, '2023-10-05 00:00:00'),
(2, 1, 2, '2023-10-06', 45, 0.82, 0.70, 0.85, '2023-10-05 00:00:00'),
(3, 1, 3, '2023-10-06', 65, 0.88, 0.80, 0.95, '2023-10-05 00:00:00'),
(4, 2, 1, '2023-10-06', 60, 0.87, 0.78, 0.93, '2023-10-05 00:00:00'),
(5, 2, 4, '2023-10-06', 50, 0.84, 0.72, 0.88, '2023-10-05 00:00:00'),
(6, 3, 5, '2023-10-06', 35, 0.80, 0.65, 0.85, '2023-10-05 00:00:00'),
(7, 1, 6, '2023-10-06', 40, 0.83, 0.70, 0.90, '2023-10-05 00:00:00'),
(8, 2, 7, '2023-10-06', 30, 0.81, 0.68, 0.85, '2023-10-05 00:00:00'),
(9, 3, 8, '2023-10-06', 45, 0.85, 0.75, 0.92, '2023-10-05 00:00:00'),
(10, 1, 9, '2023-10-06', 35, 0.82, 0.70, 0.87, '2023-10-05 00:00:00');

-- 11. anomaly_detection(이상 탐지) 데이터
INSERT INTO `anomaly_detection` (`anomaly_id`, `store_id`, `type`, `detection_time`, `severity`, `description`, `is_resolved`, `resolution_notes`, `created_at`, `updated_at`) VALUES
(1, 1, '재고 급감', '2023-10-01 14:23:15', 4, '삼각김밥 참치 제품의 재고가 1시간 내에 30개 이상 감소했습니다.', TRUE, '특별 할인 행사로 인한 정상적인 판매량 증가', '2023-10-01 14:23:15', '2023-10-01 16:45:00');



-- 본사 인사 더미 데이터

-- department (부서) 데이터
INSERT INTO department (dept_id, dept_name, emp_role) VALUES
(1, '인사팀', 'ROLE_HR'),
(2, '재무팀', 'ROLE_FINANCE'),
(3, '영업팀', 'ROLE_SALES'),
(4, '운영팀', 'ROLE_OPERATIONS'),
(5, 'IT팀', 'ROLE_IT'),
(6, '마케팅팀', 'ROLE_MARKETING'),
(7, '고객서비스팀', 'ROLE_CS'),
(8, '물류팀', 'ROLE_LOGISTICS'),
(9, '구매팀', 'ROLE_PURCHASING'),
(10, '개발팀', 'ROLE_DEV');

-- employee (사원) 데이터
INSERT INTO employee (emp_id, store_id, depart_id, emp_name, emp_gender, emp_phone, emp_addr, emp_birth, login_id, login_pwd, emp_img, emp_bank, emp_acount, emp_status, hire_date, work_type, email_auth, emp_ext) VALUES
(1, 1, 1, '김인사', 1, '010-1234-5678', '서울시 강남구', '1990-01-01', 'hr1', 'password123', null, '국민', '111-222-333444', '1', '2022-01-01', '정규직', true, null),
(2, 1, 2, '이재무', 2, '010-2345-6789', '서울시 서초구', '1991-02-02', 'finance1', 'password123', null, '신한', '222-333-444555', '1', '2022-02-01', '정규직', true, null),
(3, 2, 3, '박영업', 1, '010-3456-7890', '서울시 송파구', '1992-03-03', 'sales1', 'password123', null, '우리', '333-444-555666', '1', '2022-03-01', '정규직', true, null),
(4, 2, 4, '최운영', 2, '010-4567-8901', '서울시 강동구', '1993-04-04', 'op1', 'password123', null, '농협', '444-555-666777', '2', '2022-04-01', '계약직', true, null),
(5, 3, 5, '정아이', 1, '010-5678-9012', '서울시 마포구', '1994-05-05', 'it1', 'password123', null, '국민', '555-666-777888', '1', '2022-05-01', '계약직', true, null),
(6, 3, 6, '한마케', 2, '010-6789-0123', '서울시 영등포구', '1995-06-06', 'marketing1', 'password123', null, '신한', '666-777-888999', '1', '2022-06-01', '정규직', true, null),
(7, 1, 7, '곽서비스', 1, '010-7890-1234', '서울시 용산구', '1996-07-07', 'cs1', 'password123', null, '우리', '777-888-999000', '3', '2022-07-01', '정규직', true, null),
(8, 2, 8, '송물류', 2, '010-8901-2345', '서울시 성동구', '1997-08-08', 'logistics1', 'password123', null, '농협', '888-999-000111', '1', '2022-08-01', '계약직', true, null),
(9, 3, 9, '유구매', 1, '010-9012-3456', '서울시 광진구', '1998-09-09', 'purchase1', 'password123', null, '국민', '999-000-111222', '1', '2022-09-01', '정규직', true, null),
(10, 1, 10, '조개발', 2, '010-0123-4567', '서울시 중구', '1999-10-10', 'dev1', 'password123', null, '신한', '000-111-222333', '1', '2022-10-01', '정규직', true, null);

-- annual_leave (연차) 데이터
INSERT INTO annual_leave (leave_id, emp_id, year, total_days, used_days, rem_days, uadate_at) VALUES
(1, 1, 2023, 15, 5, 10, '2023-12-01'),
(2, 2, 2023, 15, 3, 12, '2023-12-01'),
(3, 3, 2023, 15, 7, 8, '2023-12-01'),
(4, 4, 2023, 15, 2, 13, '2023-12-01'),
(5, 5, 2023, 15, 4, 11, '2023-12-01'),
(6, 6, 2023, 15, 6, 9, '2023-12-01'),
(7, 7, 2023, 15, 8, 7, '2023-12-01'),
(8, 8, 2023, 15, 1, 14, '2023-12-01'),
(9, 9, 2023, 15, 9, 6, '2023-12-01'),
(10, 10, 2023, 15, 0, 15, '2023-12-01');

-- leave_req (연차 신청) 데이터
INSERT INTO leave_req (req_id, emp_id, req_date, req_reason, req_status, created_at) VALUES
(1, 1, '2023-12-25', '연말 휴가', '1', '2023-12-01 10:00:00'),
(2, 2, '2023-12-26', '가족 행사', '2', '2023-12-02 11:00:00'),
(3, 3, '2023-12-27', '개인 사유', '3', '2023-12-03 09:00:00'),
(4, 4, '2023-12-28', '병원 방문', '1', '2023-12-04 14:00:00'),
(5, 5, '2023-12-29', '연말 정산', '2', '2023-12-05 16:00:00'),
(6, 6, '2023-12-30', '이사', '1', '2023-12-06 10:30:00'),
(7, 7, '2024-01-02', '신년 행사', '3', '2023-12-07 11:30:00'),
(8, 8, '2024-01-03', '개인 용무', '1', '2023-12-08 09:30:00'),
(9, 9, '2024-01-04', '휴식', '2', '2023-12-09 13:30:00'),
(10, 10, '2024-01-05', '가족 여행', '3', '2023-12-10 15:30:00');

-- appr_line (결재선) 데이터
INSERT INTO appr_line (line_id, emp_id, req_id, appr_order, is_delegate) VALUES
(1, 1, 1, 1, false),
(2, 2, 2, 1, false),
(3, 3, 3, 1, false),
(4, 4, 4, 1, false),
(5, 5, 5, 1, false),
(6, 6, 6, 1, false),
(7, 7, 7, 1, true),
(8, 8, 8, 1, false),
(9, 9, 9, 1, false),
(10, 10, 10, 1, true);

-- appr_log (연차 결재 로그) 데이터

-- appr_status 정의
-- 1: 승인
-- 2: 반려
-- 3: 대기

INSERT INTO appr_log (log_id, req_id, emp_id, appr_status, appr_at, note) VALUES
(1, 1, 1, 1, '2023-12-01 11:00:00', '승인합니다'),
(2, 2, 2, 2, '2023-12-02 12:00:00', '인원 부족으로 반려'),
(3, 3, 3, 3, '2023-12-03 10:00:00', '검토중'),
(4, 4, 4, 1, '2023-12-04 15:00:00', '승인합니다'),
(5, 5, 5, 2, '2023-12-05 17:00:00', '업무 일정으로 반려'),
(6, 6, 6, 1, '2023-12-06 11:00:00', '승인합니다'),
(7, 7, 7, 3, '2023-12-07 12:00:00', '검토중'),
(8, 8, 8, 1, '2023-12-08 10:00:00', '승인합니다'),
(9, 9, 9, 2, '2023-12-09 14:00:00', '일정 중복으로 반려'),
(10, 10, 10, 3, '2023-12-10 16:00:00', '검토중');

-- Salary (급여) 데이터
INSERT INTO Salary (salary_id, emp_id, calculated_at, base_salary, bonus, deduct_total, deduct_extra, net_salary, pay_date, pay_status) VALUES
(1, 1, '2023-11-30', 3000000, 300000, 300000, null, 3000000, '2023-12-05', '2'),
(2, 2, '2023-11-30', 2800000, 280000, 280000, null, 2800000, '2023-12-05', '2'),
(3, 3, '2023-11-30', 2600000, 260000, 260000, null, 2600000, '2023-12-05', '2'),
(4, 4, '2023-11-30', 2400000, 240000, 240000, null, 2400000, '2023-12-05', '2'),
(5, 5, '2023-11-30', 2200000, 220000, 220000, null, 2200000, '2023-12-05', '2'),
(6, 6, '2023-11-30', 3200000, 320000, 320000, null, 3200000, '2023-12-05', '1'),
(7, 7, '2023-11-30', 2900000, 290000, 290000, null, 2900000, '2023-12-05', '1'),
(8, 8, '2023-11-30', 2700000, 270000, 270000, null, 2700000, '2023-12-05', '2'),
(9, 9, '2023-11-30', 2500000, 250000, 250000, null, 2500000, '2023-12-05', '2'),
(10, 10, '2023-11-30', 3500000, 350000, 350000, null, 3500000, '2023-12-05', '1');

-- attendance (근태 기록) 데이터
INSERT INTO attendance (attend_id, emp_id, work_date, Field, in_time, out_time, attend_status) VALUES
(1, 1, '2023-12-01', 15, '2023-12-01 09:00:00', '2023-12-01 18:00:00', 1),
(2, 2, '2023-12-01', 15, '2023-12-01 09:30:00', '2023-12-01 18:00:00', 2),
(3, 3, '2023-12-01', 15, '2023-12-01 09:00:00', '2023-12-01 17:30:00', 3),
(4, 4, '2023-12-01', 15, '2023-12-01 09:00:00', '2023-12-01 18:00:00', 1),
(5, 5, '2023-12-01', 15, '2023-12-01 00:00:00', '2023-12-01 00:00:00', 4),
(6, 6, '2023-12-02', 15, '2023-12-02 09:00:00', '2023-12-02 18:00:00', 1),
(7, 7, '2023-12-02', 15, '2023-12-02 00:00:00', '2023-12-02 00:00:00', 5),
(8, 8, '2023-12-02', 15, '2023-12-02 09:00:00', '2023-12-02 18:00:00', 1),
(9, 9, '2023-12-02', 15, '2023-12-02 00:00:00', '2023-12-02 00:00:00', 6),
(10, 10, '2023-12-02', 15, '2023-12-02 09:00:00', '2023-12-02 18:00:00', 1);


-- 게시판 관련 더미 데이터

-- board_type 코드 정의:
-- 1: 공지사항 (본사→점주)
-- 2: 건의사항 (점주→본사, 큰 규모의 개선 요청)
-- 3: 점포문의 (점주→본사, 긴급하거나 작은 문제)

-- tbl_board_posts(게시글) 데이터
INSERT INTO `tbl_board_posts` (`post_id`, `emp_id`, `board_type`, `title`, `content`, `created_at`) VALUES
-- 공지사항 (board_type = 1)
(1, 1, 1, '2024년 2분기 신상품 출시 안내', '안녕하세요. 2024년 2분기 신규 상품 10종이 출시되었습니다. 첨부된 가이드라인에 따라 매장 진열을 변경해주시기 바랍니다.', '2024-04-01 09:30:00'),
(2, 1, 1, '하절기 위생 관리 지침 안내', '식품 안전을 위한 하절기 위생 관리 지침이 개정되었습니다. 모든 점포는 변경된 지침에 따라 냉장/냉동 상품 관리에 각별히 주의해주시기 바랍니다.', '2024-05-15 11:00:00'),
(3, 2, 1, '시스템 정기 점검 일정 안내', '2024년 6월 2일 새벽 2시부터 4시까지 POS 시스템 정기 점검이 있을 예정입니다. 해당 시간에는 시스템 사용이 제한되오니 업무에 참고하시기 바랍니다.', '2024-05-28 14:15:00'),
(4, 2, 1, '여름 휴가철 영업시간 조정 안내', '7월 중순부터 8월 말까지 휴가철 특별 영업시간을 적용할 수 있습니다. 영업시간 조정을 원하시는 점포는 6월 20일까지 지역 담당자에게 신청해주세요.', '2024-06-05 10:45:00'),
(5, 3, 1, '2024년 추석 상품 예약 판매 안내', '2024년 추석 선물세트 예약 판매가 7월 15일부터 시작됩니다. 예약 주문 접수 방법과 정산 절차는 첨부된 매뉴얼을 참고해주세요.', '2024-06-20 09:00:00'),

-- 건의사항 (board_type = 2, 규모가 큰 건의)
(6, 4, 2, '강남점 인테리어 리모델링 요청', '강남점 인테리어가 5년 이상 경과하여 노후화가 심각합니다. 고객 만족도 향상을 위해 내년 1분기 중 리모델링을 요청드립니다.', '2024-04-10 16:20:00'),
(7, 5, 2, '재고 관리 시스템 개선 요청', '현재 사용 중인 재고 관리 시스템의 바코드 인식률이 저하되어 업무 효율성이 떨어지고 있습니다. 바코드 리더기 업그레이드 또는 시스템 개선을 건의합니다.', '2024-04-22 13:50:00'),
(8, 6, 2, '홍대점 주차장 확장 제안', '주차 공간 부족으로 고객 불만이 증가하고 있습니다. 인근 건물 주차장과의 제휴 또는 주차 공간 확보 방안을 검토해주시기 바랍니다.', '2024-05-03 11:30:00'),
(9, 4, 2, '직원 휴게 공간 개선 요청', '현재 직원 휴게실이 너무 협소하여 교대 근무자들이 적절한 휴식을 취하기 어렵습니다. 휴게 공간 확장 또는 시설 개선을 요청드립니다.', '2024-05-18 17:45:00'),
(10, 7, 2, '친환경 포장재 도입 제안', '일회용 비닐봉투 사용을 줄이기 위해 친환경 종이봉투 및 재사용 가능한 쇼핑백 도입을 제안합니다. 초기 비용은 발생하나 장기적으로 환경 보호와 브랜드 이미지 향상에 기여할 것입니다.', '2024-06-01 14:10:00'),

-- 점포문의 (board_type = 3, 긴급하거나 빠른 처리가 필요한 문의)
(11, 5, 3, '냉장고 고장으로 긴급 수리 요청', '2번 냉장고가 갑자기 작동을 멈춰 냉장 상품이 손상될 위험이 있습니다. 긴급 수리 기사 파견을 요청드립니다.', '2024-04-05 08:15:00'),
(12, 6, 3, 'POS 시스템 결제 오류 발생', '오늘 오전부터 POS 시스템에서 신용카드 결제 시 간헐적으로 오류가 발생하고 있습니다. 빠른 확인 및 조치 부탁드립니다.', '2024-04-18 10:30:00'),
(13, 7, 3, '와이파이 접속 불량 문의', '매장 내 와이파이 접속이 불안정하여 고객 불만이 제기되고 있습니다. 네트워크 장비 점검 및 조치 요청드립니다.', '2024-05-02 13:25:00'),
(14, 8, 3, '보안 카메라 고장 신고', '매장 입구 보안 카메라가 작동하지 않습니다. 보안 문제가 우려되니 빠른 수리 또는 교체 부탁드립니다.', '2024-05-20 09:50:00'),
(15, 9, 3, '전기 누전 의심 신고', '창고 구역에서 전기 누전이 의심되는 상황이 발생했습니다. 안전을 위해 긴급 전기 안전 점검을 요청합니다.', '2024-06-10 16:40:00');

-- tbl_board_comments(댓글/답변) 데이터
INSERT INTO `tbl_board_comments` (`comment_id`, `post_id`, `content`, `created_at`) VALUES
-- 공지사항에 대한 답변/댓글
(1, 1, '신상품 가이드라인 확인했습니다. 진열 변경은 언제까지 완료해야 하나요?', '2024-04-01 11:20:00'),
(2, 1, '4월 5일까지 진열 변경을 완료해주시기 바랍니다. 문의사항은 담당MD에게 연락 바랍니다.', '2024-04-01 13:45:00'),
(3, 3, '시스템 점검 일정 확인했습니다. 해당 시간 이후 장애 발생 시 비상연락처를 공유해주세요.', '2024-05-28 15:30:00'),
(4, 3, '시스템 비상연락처는 02-555-7890입니다. 매뉴얼에도 업데이트 하겠습니다.', '2024-05-28 16:05:00'),

-- 건의사항에 대한 답변
(5, 6, '강남점 리모델링 요청 검토 중입니다. 현장 실사를 위해 다음 주 중 방문 예정이오니 협조 부탁드립니다.', '2024-04-12 10:30:00'),
(6, 7, '재고 관리 시스템 개선 건의 접수되었습니다. IT 부서에서 현재 시스템 진단 후 조치 방안을 마련할 예정입니다.', '2024-04-23 09:15:00'),
(7, 8, '주차장 확장 제안 감사합니다. 인근 건물과의 제휴 가능성을 검토 중이며, 추가 협의 필요시 연락드리겠습니다.', '2024-05-04 14:20:00'),
(8, 10, '친환경 포장재 도입 제안은 현재 본사에서 검토 중인 사안입니다. 7월 중으로 시범 운영 매장을 선정할 예정이니 참고 바랍니다.', '2024-06-03 11:50:00'),

-- 점포문의에 대한 긴급 답변
(9, 11, '긴급 수리기사 오늘 오후 2시 방문 예정입니다. 임시 조치로 냉장 상품은 다른 냉장고로 이동 부탁드립니다.', '2024-04-05 08:40:00'),
(10, 12, 'POS 시스템 원격 점검 완료했습니다. 결제모듈 업데이트가 필요하며 담당자가 원격으로 조치 예정입니다.', '2024-04-18 11:15:00'),
(11, 13, '네트워크 엔지니어 내일 오전 10시 방문 예정입니다. 방문 전 통신사에 점검 요청도 병행할 예정입니다.', '2024-05-02 14:00:00'),
(12, 14, '보안 업체에 수리 요청 접수 완료했습니다. 내일 오전 중으로 방문 예정이며, 임시 조치로 추가 순찰을 실시해주세요.', '2024-05-20 10:30:00'),
(13, 15, '전기안전공사에 긴급 점검 요청을 접수했습니다. 오늘 오후 5시까지 방문할 예정이니 담당자 대기 부탁드립니다.', '2024-06-10 17:00:00');


-- dashboard_layout 데이터 추가
INSERT INTO `dashboard_layout` (`layout_id`, `emp_id`, `widget_code`, `grid_positions`, `created_at`, `updated_at`) VALUES
-- 인사팀장 (emp_id: 1)
(1, 1, 'HR_ATTENDANCE', '1,2,3,4', '2024-01-01 09:00:00', '2024-01-01 09:00:00'),
(2, 1, 'HR_LEAVE', '5,6,7,8', '2024-01-01 09:00:00', '2024-01-01 09:00:00'),
(3, 1, 'HR_SALARY', '9,10,11,12', '2024-01-01 09:00:00', '2024-01-01 09:00:00'),
(4, 1, 'HR_STAFF_STATUS', '13,14,15,16', '2024-01-01 09:00:00', '2024-01-01 09:00:00'),

-- 재무팀장 (emp_id: 2)
(5, 2, 'FINANCE_DAILY_SALES', '1,2,3,4', '2024-01-01 09:00:00', '2024-01-01 09:00:00'),
(6, 2, 'FINANCE_MONTHLY_SALES', '5,6,7,8', '2024-01-01 09:00:00', '2024-01-01 09:00:00'),
(7, 2, 'FINANCE_EXPENSE', '9,10,11,12', '2024-01-01 09:00:00', '2024-01-01 09:00:00'),
(8, 2, 'FINANCE_PROFIT', '13,14,15,16', '2024-01-01 09:00:00', '2024-01-01 09:00:00'),

-- 영업팀장 (emp_id: 3)
(9, 3, 'SALES_DAILY', '1,2,3,4', '2024-01-01 09:00:00', '2024-01-01 09:00:00'),
(10, 3, 'SALES_HOURLY', '5,6,7,8', '2024-01-01 09:00:00', '2024-01-01 09:00:00'),
(11, 3, 'SALES_PRODUCT_RANK', '9,10,11,12', '2024-01-01 09:00:00', '2024-01-01 09:00:00'),
(12, 3, 'SALES_CATEGORY', '13,14,15,16', '2024-01-01 09:00:00', '2024-01-01 09:00:00'),

-- 운영팀장 (emp_id: 4)
(13, 4, 'OPERATION_INVENTORY', '1,2,3,4', '2024-01-01 09:00:00', '2024-01-01 09:00:00'),
(14, 4, 'OPERATION_ORDER', '5,6,7,8', '2024-01-01 09:00:00', '2024-01-01 09:00:00'),
(15, 4, 'OPERATION_STOCK_ALERT', '9,10,11,12', '2024-01-01 09:00:00', '2024-01-01 09:00:00'),
(16, 4, 'OPERATION_EXPIRY_ALERT', '13,14,15,16', '2024-01-01 09:00:00', '2024-01-01 09:00:00'),

-- IT팀장 (emp_id: 5)
(17, 5, 'IT_SYSTEM_STATUS', '1,2,3,4', '2024-01-01 09:00:00', '2024-01-01 09:00:00'),
(18, 5, 'IT_ISSUE_TRACKER', '5,6,7,8', '2024-01-01 09:00:00', '2024-01-01 09:00:00'),
(19, 5, 'IT_PERFORMANCE', '9,10,11,12', '2024-01-01 09:00:00', '2024-01-01 09:00:00'),
(20, 5, 'IT_MAINTENANCE', '13,14,15,16', '2024-01-01 09:00:00', '2024-01-01 09:00:00'),

-- 마케팅팀장 (emp_id: 6)
(21, 6, 'MARKETING_CAMPAIGN', '1,2,3,4', '2024-01-01 09:00:00', '2024-01-01 09:00:00'),
(22, 6, 'MARKETING_PROMOTION', '5,6,7,8', '2024-01-01 09:00:00', '2024-01-01 09:00:00'),
(23, 6, 'MARKETING_CUSTOMER', '9,10,11,12', '2024-01-01 09:00:00', '2024-01-01 09:00:00'),
(24, 6, 'MARKETING_SOCIAL', '13,14,15,16', '2024-01-01 09:00:00', '2024-01-01 09:00:00'),

-- 고객서비스팀장 (emp_id: 7)
(25, 7, 'CS_COMPLAINT', '1,2,3,4', '2024-01-01 09:00:00', '2024-01-01 09:00:00'),
(26, 7, 'CS_SATISFACTION', '5,6,7,8', '2024-01-01 09:00:00', '2024-01-01 09:00:00'),
(27, 7, 'CS_FEEDBACK', '9,10,11,12', '2024-01-01 09:00:00', '2024-01-01 09:00:00'),
(28, 7, 'CS_RESPONSE_TIME', '13,14,15,16', '2024-01-01 09:00:00', '2024-01-01 09:00:00'),

-- 물류팀장 (emp_id: 8)
(29, 8, 'LOGISTICS_DELIVERY', '1,2,3,4', '2024-01-01 09:00:00', '2024-01-01 09:00:00'),
(30, 8, 'LOGISTICS_INVENTORY', '5,6,7,8', '2024-01-01 09:00:00', '2024-01-01 09:00:00'),
(31, 8, 'LOGISTICS_SHIPMENT', '9,10,11,12', '2024-01-01 09:00:00', '2024-01-01 09:00:00'),
(32, 8, 'LOGISTICS_WAREHOUSE', '13,14,15,16', '2024-01-01 09:00:00', '2024-01-01 09:00:00'),

-- 구매팀장 (emp_id: 9)
(33, 9, 'PURCHASE_ORDER', '1,2,3,4', '2024-01-01 09:00:00', '2024-01-01 09:00:00'),
(34, 9, 'PURCHASE_SUPPLIER', '5,6,7,8', '2024-01-01 09:00:00', '2024-01-01 09:00:00'),
(35, 9, 'PURCHASE_COST', '9,10,11,12', '2024-01-01 09:00:00', '2024-01-01 09:00:00'),
(36, 9, 'PURCHASE_NEGOTIATION', '13,14,15,16', '2024-01-01 09:00:00', '2024-01-01 09:00:00'),

-- 개발팀장 (emp_id: 10)
(37, 10, 'DEV_TASK', '1,2,3,4', '2024-01-01 09:00:00', '2024-01-01 09:00:00'),
(38, 10, 'DEV_BUG', '5,6,7,8', '2024-01-01 09:00:00', '2024-01-01 09:00:00'),
(39, 10, 'DEV_DEPLOYMENT', '9,10,11,12', '2024-01-01 09:00:00', '2024-01-01 09:00:00'),
(40, 10, 'DEV_PERFORMANCE', '13,14,15,16', '2024-01-01 09:00:00', '2024-01-01 09:00:00');

-- 데이터베이스 조회 쿼리 예시

-- 1. 카테고리 계층 구조 조회
SELECT 
    c1.category_name AS '대분류',
    c2.category_name AS '중분류',
    c3.category_name AS '소분류'
FROM category c1
LEFT JOIN category c2 ON c2.parent_category_id = c1.category_id
LEFT JOIN category c3 ON c3.parent_category_id = c2.category_id
WHERE c1.parent_category_id IS NULL
ORDER BY c1.category_id, c2.category_id, c3.category_id;

-- 2. 상품별 상세 정보 조회
SELECT 
    p.product_id,
    p.pro_name,
    c.category_name,
    pd.manufacturer,
    pd.shelf_life,
    pd.storage_method,
    p.pro_cost,
    p.pro_sell_cost
FROM product p
JOIN category c ON p.category_id = c.category_id
JOIN product_details pd ON p.product_id = pd.product_id
ORDER BY p.product_id;

-- 3. 카테고리별 상품 수 및 평균 가격
SELECT 
    c.category_name,
    COUNT(p.product_id) AS '상품 수',
    AVG(p.pro_sell_cost) AS '평균 판매가',
    MIN(p.pro_sell_cost) AS '최저가',
    MAX(p.pro_sell_cost) AS '최고가'
FROM category c
LEFT JOIN product p ON c.category_id = p.category_id
GROUP BY c.category_id, c.category_name
ORDER BY COUNT(p.product_id) DESC;

-- 4. 유통기한 임박 상품 조회
SELECT 
    p.product_id,
    p.pro_name,
    pd.shelf_life,
    pd.storage_method
FROM product p
JOIN product_details pd ON p.product_id = pd.product_id
WHERE pd.shelf_life IS NOT NULL
ORDER BY pd.shelf_life;

-- 5. 알레르기 정보가 있는 상품 조회
SELECT 
    p.product_id,
    p.pro_name,
    pd.allergens
FROM product p
JOIN product_details pd ON p.product_id = pd.product_id
WHERE pd.allergens IS NOT NULL
ORDER BY p.product_id;

-- 6. 보관방법별 상품 수
SELECT 
    pd.storage_method,
    COUNT(p.product_id) AS '상품 수'
FROM product p
JOIN product_details pd ON p.product_id = pd.product_id
GROUP BY pd.storage_method
ORDER BY COUNT(p.product_id) DESC;

-- 7. 제조사별 상품 현황
SELECT 
    pd.manufacturer,
    COUNT(p.product_id) AS '상품 수',
    GROUP_CONCAT(p.pro_name) AS '상품 목록'
FROM product p
JOIN product_details pd ON p.product_id = pd.product_id
GROUP BY pd.manufacturer
ORDER BY COUNT(p.product_id) DESC;

-- 8. 판매가 대비 원가 비율이 높은 상품
SELECT 
    product_id,
    pro_name,
    pro_cost,
    pro_sell_cost,
    ROUND((pro_sell_cost - pro_cost) / pro_cost * 100, 2) AS '마진율(%)'
FROM product
ORDER BY (pro_sell_cost - pro_cost) / pro_cost DESC;

-- 9. 카테고리별 재고 현황 (재고 통계와 연계)
SELECT 
    c.category_name,
    SUM(ist.stock_value) AS '총 재고 가치',
    AVG(ist.turnover_rate) AS '평균 회전율',
    SUM(ist.low_stock_count) AS '재고 부족 상품 수'
FROM category c
JOIN product p ON c.category_id = p.category_id
JOIN inventory_statistics ist ON p.category_id = ist.category_id
GROUP BY c.category_id, c.category_name
ORDER BY SUM(ist.stock_value) DESC;

-- 10. 시간대별 판매 현황 (판매 통계와 연계)
SELECT 
    DATE_FORMAT(ss.hour, '%H:00') AS '시간대',
    SUM(ss.total_sales) AS '총 매출',
    AVG(ss.avg_transaction) AS '평균 거래액',
    SUM(ss.transaction_count) AS '총 거래 건수'
FROM sales_statistics ss
GROUP BY DATE_FORMAT(ss.hour, '%H:00')
ORDER BY DATE_FORMAT(ss.hour, '%H:00');