-- 기본 테이블(독립 테이블) 데이터 먼저 삽입


-- 1. store(매장) 데이터
-- 매장 데이터 추가
INSERT INTO store (store_id, store_name, store_addr, store_tel, store_created_at,store_status)
VALUES
-- 서울특별시 종로구 매장 (3개)
(1, '종로점', '서울특별시 종로구 종로 1길 10', '02-1234-5678', '2023-01-01 09:00:00',1),
(2, '광화문점', '서울특별시 종로구 세종대로 21', '02-2345-6789', '2023-01-22 09:00:00',1),
(3, '인사동점', '서울특별시 종로구 인사동길 12', '02-3456-7890', '2023-04-16 09:00:00',1),

-- 서울특별시 강북구 매장 (3개)
(4, '수유점', '서울특별시 강북구 도봉로 71', '02-4567-8901', '1997-12-20 09:00:00',1),
(5, '미아점', '서울특별시 강북구 삼양로 153', '02-5678-9012', '2025-01-01 09:00:00',1),
(6, '번동점', '서울특별시 강북구 번동로 45', '02-6789-0123', '2023-01-07 09:00:00',1),

-- 서울특별시 강남구 매장 (4개)
(7, '강남점', '서울특별시 강남구 강남대로 123', '02-7890-1234', '2024-02-01 09:00:00',1),
(8, '신사점', '서울특별시 강남구 압구정로 45', '02-8901-2345', '2022-03-12 09:00:00',1),
(9, '논현점', '서울특별시 강남구 논현로 67', '02-9012-3456', '2021-01-01 09:00:00',1),
(10, '삼성점', '서울특별시 강남구 테헤란로 89', '02-0123-4567', '2023-12-22 09:00:00',1);

-- 2. store_inquiry(매장 문의) 데이터 삽입
INSERT INTO store_inquiry (inquiry_id, store_id, inq_phone, inq_content, inq_type, inq_status, inq_created_at)
VALUES
    (1, 1, '010-1111-2222', '매장 내 에어컨이 너무 춥게 설정되어 있습니다.', 1, 1, '2023-04-12 14:30:00'),
    (2, 1, '010-2222-3333', '오늘 구매한 샌드위치가 정말 맛있었습니다!', 2, 1, '2023-04-15 11:20:00'),
    (3, 2, '010-3333-4444', '재활용 쓰레기통이 넘쳐서 분리수거가 어렵습니다.', 1, 2, '2023-04-18 09:45:00'),
    (4, 3, '010-4444-5555', '직원분들이 항상 친절하게 응대해주셔서 감사합니다.', 2, 1, '2023-04-20 16:10:00'),
    (5, 4, '010-5555-6666', '매장 앞 주차 공간에 대한 안내가 필요합니다.', 3, 2, '2023-04-22 13:25:00'),
    (6, 5, '010-6666-7777', '화장실이 매우 불결합니다. 청소가 필요합니다.', 1, 1, '2023-04-25 10:05:00'),
    (7, 6, '010-7777-8888', '오늘 방문한 매장의 분위기가 매우 좋았습니다.', 2, 2, '2023-04-28 12:40:00'),
    (8, 7, '010-8888-9999', '유통기한이 지난 우유를 판매하고 있습니다.', 1, 1, '2023-05-01 08:15:00'),
    (9, 8, '010-9999-0000', '신제품 출시 일정이 궁금합니다.', 3, 3, '2023-05-03 17:50:00'),
    (10, 9, '010-0000-1111', '직원분이 매우 불친절했습니다.', 1, 2, '2023-05-05 15:30:00'),
    (11, 10, '010-1234-5678', '24시간 운영으로 변경해주실 수 있나요?', 3, 2, '2023-05-08 19:20:00'),
    (12, 2, '010-2345-6789', '커피 맛이 매우 좋았습니다. 다른 지점도 같은 맛인가요?', 2, 1, '2023-05-10 09:10:00'),
    (13, 3, '010-3456-7890', '화장실 비밀번호를 알려주세요.', 3, 1, '2023-05-12 11:40:00'),
    (14, 5, '010-4567-8901', '계산 시 거스름돈을 잘못 받았습니다.', 1, 3, '2023-05-15 16:20:00'),
    (15, 7, '010-5678-9012', '점장님께 감사의 말씀을 전하고 싶습니다.', 2, 2, '2023-05-18 14:15:00');

-- 3. category(카테고리) 데이터
INSERT INTO `category` (`category_id`, `category_name`, `category_filter`, `parent_category_id`) VALUES
-- 대분류 (최상위 카테고리)
(1, '식품', 1, NULL),
(2, '음료', 1, NULL),
(3, '생활용품', 1, NULL),

-- 중분류 (식품의 하위 카테고리)
(4, '과자/스낵', 2, 1),
(7, '냉장식품', 2, 1),
(8, '냉동식품', 2, 1),

-- 중분류 (음료의 하위 카테고리)
(5, '아이스크림', 2, 2),
(6, '주류', 2, 2),
(11, '커피/차', 2, 2),
(12, '주스', 2, 2),
(13, '탄산음료', 2, 2),

-- 중분류 (생활용품의 하위 카테고리)
(14, '세제류', 2, 3),
(15, '화장지/물티슈', 2, 3),

-- 소분류 (과자/스낵의 하위 카테고리)
(16, '초콜릿', 3, 4),
(17, '비스킷/쿠키', 3, 4),

-- 소분류 (냉장식품의 하위 카테고리)
(9, '샌드위치', 3, 7),

-- 소분류 (냉동식품의 하위 카테고리)
(10, '도시락', 3, 8),

-- 소분류 (커피/차의 하위 카테고리)
(18, '아메리카노', 3, 11),
(19, '라떼', 3, 11),
(20, '녹차/홍차', 3, 11),

-- 소분류 (아이스크림의 하위 카테고리)
(23, '바', 3, 5),
(24, '콘', 3, 5),
(25, '캔디바', 3, 5),

-- 소분류 (주류의 하위 카테고리)
(26, '소주', 3, 6),
(27, '맥주', 3, 6),
(28, '전통주', 3, 6),

-- 소분류 (주스의 하위 카테고리)
(29, '과일주스', 3, 12),
(30, '야채주스', 3, 12),
(31, '혼합주스', 3, 12),

-- 소분류 (탄산음료의 하위 카테고리)
(32, '콜라', 3, 13),
(33, '사이다', 3, 13);

-- 4. ai_model(AI 모델) 데이터
INSERT INTO `ai_model` (`model_id`, `ai_name`, `ai_type`, `ai_version`, `ai_parameters`, `ai_accuracy`, `ai_training_date`, `ai_is_active`, `ai_created_at`, `ai_updated_at`) VALUES
(1, '재고예측모델', '시계열예측', '1.0.0', '{"learning_rate": 0.01, "layers": 3, "hidden_units": 64}', 87.5, '2023-05-15 00:00:00', TRUE, '2023-05-15 12:30:00', '2023-05-15 12:30:00'),
(2, '판매량예측모델', '회귀분석', '2.1.0', '{"algorithm": "random_forest", "max_depth": 10, "n_estimators": 100}', 92.3, '2023-06-20 00:00:00', TRUE, '2023-06-20 14:45:00', '2023-07-15 09:30:00'),
(3, '이상감지모델', '이상탐지', '1.5.0', '{"threshold": 0.85, "window_size": 24, "feature_count": 12}', 78.6, '2023-07-01 00:00:00', TRUE, '2023-07-01 10:15:00', '2023-09-01 16:20:00'),
(4, '고객행동예측', '분류', '0.9.5', '{"algorithm": "svm", "kernel": "rbf", "C": 1.0}', 81.2, '2023-08-10 00:00:00', FALSE, '2023-08-10 11:00:00', '2023-08-10 11:00:00'),
(5, '가격최적화모델', '강화학습', '0.7.0', '{"discount_factor": 0.95, "epochs": 500, "batch_size": 32}', 75.8, '2023-09-05 00:00:00', TRUE, '2023-09-05 15:30:00', '2023-10-01 13:45:00');

-- 5. weather_data(날씨) 데이터
INSERT INTO `weather_data` (`weather_id`, `wt_location`, `wt_date`, `wt_temperature`, `wt_condition`, `wt_humidity`, `wt_precipitation`, `wt_created_at`) VALUES
(1, '서울', '2023-10-01', 22.5, '맑음', 45, 0.0, '2023-10-01 00:10:00'),
(2, '서울', '2023-10-02', 23.1, '구름조금', 50, 0.0, '2023-10-02 00:10:00'),
(3, '서울', '2023-10-03', 20.8, '흐림', 65, 5.2, '2023-10-03 00:10:00'),
(4, '서울', '2023-10-04', 18.5, '비', 80, 15.7, '2023-10-04 00:10:00'),
(5, '서울', '2023-10-05', 19.2, '비', 75, 8.3, '2023-10-05 00:10:00'),
(6, '부산', '2023-10-01', 24.7, '맑음', 50, 0.0, '2023-10-01 00:10:00'),
(7, '부산', '2023-10-02', 25.3, '맑음', 55, 0.0, '2023-10-02 00:10:00'),
(8, '부산', '2023-10-03', 24.9, '구름조금', 60, 0.0, '2023-10-03 00:10:00'),
(9, '부산', '2023-10-04', 22.1, '흐림', 70, 2.5, '2023-10-04 00:10:00'),
(10, '부산', '2023-10-05', 21.5, '비', 85, 12.3, '2023-10-05 00:10:00');

-- 6. product(상품) 데이터 추가 (카테고리 체계 변경에 맞게 수정)
INSERT INTO `product` (`product_id`, `category_id`, `pro_name`, `pro_barcode`, `pro_cost`, `pro_sell_cost`, `pro_created_at`, `pro_update_at`, `pro_image`, `is_promo`, `pro_stock_limit`, `expiration_period`) VALUES
-- 냉장식품(7) 카테고리의 상품들
(1, 7,  '삼각김밥 참치', 8801234567890, 450, 100, '2023-01-15 08:00:00', '2023-01-15 08:00:00', 'https://example.com/images/samgak_tuna.jpg', 0,10, 10),
(2, 7, '삼각김밥 불고기', 8801234567891, 500, 1300, '2023-01-15 08:10:00', '2023-01-15 08:10:00', 'https://example.com/images/samgak_bulgogi.jpg', 0,10, 10),

-- 탄산음료(13) 카테고리의 상품들
(3, 13,  '콜라 500ml', 8801234567892, 700, 100, '2023-01-15 09:00:00', '2023-01-15 09:00:00', 'https://example.com/images/cola_500.jpg', 0,10, 180),
(4, 13,  '사이다 500ml', 8801234567893, 650, 1500, '2023-01-15 09:05:00', '2023-01-15 09:05:00', 'https://example.com/images/cider_500.jpg', 0,10, 180),

-- 화장지/물티슈(15) 카테고리의 상품
(5, 15,  '물티슈 60매', 8801234567894, 850, 1800, '2023-01-16 10:00:00', '2023-01-16 10:00:00', 'https://example.com/images/wipes_60.jpg', 0,10, 730),

-- 과자/스낵(4) 카테고리의 상품
(6, 4, '포테이토칩 오리지널', 8801234567895, 600, 1500, '2023-01-16 10:30:00', '2023-01-16 10:30:00', 'https://example.com/images/potato_org.jpg', 0,10, 180),

-- 초콜릿(16) 카테고리의 상품
(7, 16,  '초코파이 12개입', 8801234567896, 2400, 3800, '2023-01-16 11:00:00', '2023-01-16 11:00:00', 'https://example.com/images/choco_pie.jpg', 0,30, 180),

-- 아이스크림(5) 카테고리의 상품들
(8, 5,  '메로나', 8801104123174, 350, 1000, '2023-01-17 09:00:00', '2023-01-17 09:00:00', '/product8.jpg', 1,30, 365),
(9, 5,  '비비빅', 8801234567898, 400, 1200, '2023-01-17 09:10:00', '2023-01-17 09:10:00', 'https://example.com/images/bbibig.jpg', 1,30, 365),

-- 주류(6) 카테고리의 상품
(10, 6, '참이슬 후레쉬 360ml', 8801234567899, 950, 1700, '2023-01-18 10:00:00', '2023-01-18 10:00:00', 'https://example.com/images/soju_fresh.jpg', 0,30, 10),

-- 냉장식품(7) 카테고리의 상품
(11, 7, '요구르트 4입', 8801234567900, 1800, 3200, '2023-01-19 08:00:00', '2023-01-19 08:00:00', 'https://example.com/images/yogurt_4.jpg', 0,50, 365),

-- 냉동식품(8) 카테고리의 상품
(12, 8, '냉동만두 420g', 8801234567901, 3500, 6500, '2023-01-19 08:30:00', '2023-01-19 08:30:00', 'https://example.com/images/frozen_mandu.jpg', 0,50, 2),

-- 샌드위치(9) 카테고리의 상품
(13, 9,  '햄치즈 샌드위치', 8801234567902, 1800, 3500, '2023-01-20 07:00:00', '2023-01-20 07:00:00', 'https://example.com/images/ham_cheese_sandwich.jpg', 0,50, 1),

-- 도시락(10) 카테고리의 상품들
(14, 10,  '김치볶음밥 도시락', 8801234567903, 2500, 4500, '2023-01-20 07:30:00', '2023-01-20 07:30:00', 'https://example.com/images/kimchi_dosirak.jpg', 0,50, 1),
(15, 10, '제육볶음 도시락', 8801234567904, 2700, 4800, '2023-01-20 07:35:00', '2023-01-20 07:35:00', 'https://example.com/images/jeyuk_dosirak.jpg', 0,50, 1),

-- 추가 상품들: 다양한 카테고리에 맞게 추가
-- 커피/차(11) 카테고리의 상품들
(16, 18, '아메리카노 250ml', 8801234567905, 800, 1800, '2023-01-21 08:00:00', '2023-01-21 08:00:00', 'https://example.com/images/americano.jpg', 0,50, 180),
(17, 19, '카페라떼 250ml', 8801234567906, 900, 2000, '2023-01-21 08:10:00', '2023-01-21 08:10:00', 'https://example.com/images/latte.jpg', 0,50, 180),
(18, 20, '녹차 500ml', 8801234567907, 750, 1600, '2023-01-21 08:20:00', '2023-01-21 08:20:00', 'https://example.com/images/green_tea.jpg', 0,50, 180),

-- 주스(12) 카테고리의 상품들
(19, 12, '오렌지주스 500ml', 8801234567908, 900, 1900, '2023-01-22 09:00:00', '2023-01-22 09:00:00', 'https://example.com/images/orange_juice.jpg', 0,100, 180),
(20, 12, '사과주스 500ml', 8801234567909, 850, 1800, '2023-01-22 09:10:00', '2023-01-22 09:10:00', 'https://example.com/images/apple_juice.jpg', 0,100, 180),

-- 비스킷/쿠키(17) 카테고리의 상품
(21, 17, '초코칩쿠키 8개입', 8801234567910, 1800, 3500, '2023-01-23 10:00:00', '2023-01-23 10:00:00', 'https://example.com/images/choco_cookies.jpg', 0,100, 180),

-- 세제류(14) 카테고리의 상품
(22, 14, '주방세제 500ml', 8801234567911, 1500, 3000, '2023-01-24 11:00:00', '2023-01-24 11:00:00', 'https://example.com/images/dish_soap.jpg', 0,100, 180),

-- 아이스크림 바(23) 카테고리의 상품들
(23, 23, '월드콘', 8801234567912, 800, 2000, '2024-01-25 09:00:00', '2024-01-25 09:00:00', 'https://example.com/images/worldcone.jpg', 0,100, 180),
(24, 23, '구구콘', 8801234567913, 700, 1800, '2024-01-25 09:05:00', '2024-01-25 09:05:00', 'https://example.com/images/gugucone.jpg', 0,100, 180),

-- 아이스크림 콘(24) 카테고리의 상품들
(25, 24, '설레임', 8801234567914, 900, 2200, '2024-01-25 09:10:00', '2024-01-25 09:10:00', 'https://example.com/images/seolleim.jpg', 0,100, 180),
(26, 24, '쌍쌍바', 8801234567915, 600, 1500, '2024-01-25 09:15:00', '2024-01-25 09:15:00', 'https://example.com/images/ssangbar.jpg', 0,100, 180),

-- 소주(26) 카테고리의 상품들
(27, 26, '처음처럼', 8801152233801, 1200, 2500, '2024-01-26 10:00:00', '2024-01-26 10:00:00', 'https://example.com/images/cheoeum.jpg', 0,100, 180),
(28, 26, '진로', 8801234567917, 1100, 2400, '2024-01-26 10:05:00', '2024-01-26 10:05:00', 'https://example.com/images/jinro.jpg', 0,100, 180),

-- 맥주(27) 카테고리의 상품들
(29, 27, '카스', 8801234567918, 1500, 3000, '2024-01-26 10:10:00', '2024-01-26 10:10:00', 'https://example.com/images/cass.jpg', 0,100, 180),
(30, 27, '하이트', 8801234567919, 1400, 2900, '2024-01-26 10:15:00', '2024-01-26 10:15:00', 'https://example.com/images/hite.jpg', 0,100, 730),

-- 과일주스(29) 카테고리의 상품들
(31, 29, '델몬트 오렌지', 8801234567920, 1200, 2500, '2024-01-27 11:00:00', '2024-01-27 11:00:00', 'https://example.com/images/delmonte_orange.jpg', 0,100, 365),
(32, 29, '델몬트 포도', 8801234567921, 1200, 2500, '2024-01-27 11:05:00', '2024-01-27 11:05:00', 'https://example.com/images/delmonte_grape.jpg', 0,100, 365),

-- 야채주스(30) 카테고리의 상품들
(33, 30, '토마토주스', 8801234567922, 1300, 2700, '2024-01-27 11:10:00', '2024-01-27 11:10:00', 'https://example.com/images/tomato_juice.jpg',0,100, 365),
(34, 30, '당근주스', 8801234567923, 1300, 2700, '2024-01-27 11:15:00', '2024-01-27 11:15:00', 'https://example.com/images/carrot_juice.jpg', 0,100, 365),

-- 콜라(32) 카테고리의 상품들
(35, 32, '코카콜라 제로', 8801234567924, 800, 1800, '2024-01-28 12:00:00', '2024-01-28 12:00:00', 'https://example.com/images/coke_zero.jpg', 0,100, 365),
(36, 32, '펩시', 8801234567925, 750, 1700, '2024-01-28 12:05:00', '2024-01-28 12:05:00', 'https://example.com/images/pepsi.jpg', 0,100, 365),

-- 사이다(33) 카테고리의 상품들
(37, 33, '칠성사이다 제로', 8801234567926, 800, 1800, '2024-01-28 12:10:00', '2024-01-28 12:10:00', 'https://example.com/images/cider_zero.jpg', 2,100, 365),
(38, 33, '스프라이트', 8801094203207, 750, 1700, '2024-01-28 12:15:00', '2024-01-28 12:15:00', 'https://example.com/images/sprite.jpg', 3,100 , 365);

-- 7. 상품 세부항목(product_details) 데이터
INSERT INTO `product_details` (`pro_detail_id`, `product_id`, `manufacturer`, `manu_num`, `shelf_life`, `allergens`, `storage_method`) VALUES
(1, 1, '삼각김밥 주식회사', '02-123-4567', '제조일로부터 1일', '쌀, 참치(대두,밀 함유)', '냉장보관'),
(2, 2, '삼각김밥 주식회사', '02-123-4567', '제조일로부터 1일', '쌀, 불고기(대두,밀 함유)', '냉장보관'),
(3, 3, '코카콜라', '02-456-7890', '제조일로부터 12개월', NULL, '직사광선을 피해 서늘한 곳에 보관'),
(4, 4, '칠성사이다', '02-567-8901', '제조일로부터 12개월', NULL, '직사광선을 피해 서늘한 곳에 보관'),
(5, 5, '크리넥스', '02-678-9012', NULL, NULL, '직사광선을 피해 건조한 곳에 보관'),
(6, 6, '롯데제과', '02-789-0123', '제조일로부터 6개월', '밀, 대두', '직사광선을 피해 서늘한 곳에 보관'),
(7, 7, '오리온', '02-890-1234', '제조일로부터 6개월', '밀, 대두, 계란', '직사광선을 피해 서늘한 곳에 보관'),
(8, 8, '빙그레', '02-901-2345', '제조일로부터 12개월', '우유', '냉동보관'),
(9, 9, '롯데제과', '02-789-0123', '제조일로부터 12개월', '우유', '냉동보관'),
(10, 10, '하이트진로', '02-012-3456', '제조일로부터 12개월', NULL, '직사광선을 피해 서늘한 곳에 보관'),
(11, 11, '남양유업', '02-123-4567', '제조일로부터 30일', '우유', '냉장보관'),
(12, 12, 'CJ제일제당', '02-234-5678', '제조일로부터 12개월', '밀, 대두, 돼지고기', '냉동보관'),
(13, 13, '편의점샌드위치', '02-345-6789', '제조일로부터 1일', '밀, 계란, 우유', '냉장보관'),
(14, 14, '한국도시락', '02-456-7890', '제조일로부터 2일', '쌀, 김치(고춧가루)', '냉장보관'),
(15, 15, '한국도시락', '02-456-7890', '제조일로부터 2일', '쌀, 돼지고기, 대두', '냉장보관'),
(16, 16, '스타벅스', '02-567-8901', '제조일로부터 180일', NULL, '직사광선을 피해 서늘한 곳에 보관'),
(17, 17, '스타벅스', '02-567-8901', '제조일로부터 180일', '우유', '직사광선을 피해 서늘한 곳에 보관'),
(18, 18, '동서식품', '02-678-9012', '제조일로부터 365일', NULL, '직사광선을 피해 서늘한 곳에 보관'),
(19, 19, '델몬트', '02-789-0123', '제조일로부터 180일', NULL, '직사광선을 피해 서늘한 곳에 보관'),
(20, 20, '해태음료', '02-890-1234', '제조일로부터 180일', NULL, '직사광선을 피해 서늘한 곳에 보관'),
(21, 21, '롯데제과', '02-901-2345', '제조일로부터 180일', '밀, 대두, 계란', '직사광선을 피해 서늘한 곳에 보관'),
(22, 22, '애경', '02-012-3456', '제조일로부터 730일', NULL, '직사광선을 피해 서늘한 곳에 보관'),
(23, 23, '빙그레', '02-901-2345', '제조일로부터 12개월', '우유', '냉동보관'),
(24, 24, '롯데제과', '02-789-0123', '제조일로부터 12개월', '우유', '냉동보관'),
(25, 25, '빙그레', '02-901-2345', '제조일로부터 12개월', '우유', '냉동보관'),
(26, 26, '롯데제과', '02-789-0123', '제조일로부터 12개월', '우유', '냉동보관'),
(27, 27, '롯데주류', '02-345-6789', '제조일로부터 12개월', NULL, '직사광선을 피해 서늘한 곳에 보관'),
(28, 28, '진로', '02-456-7890', '제조일로부터 12개월', NULL, '직사광선을 피해 서늘한 곳에 보관'),
(29, 29, '오비맥주', '02-567-8901', '제조일로부터 12개월', NULL, '직사광선을 피해 서늘한 곳에 보관'),
(30, 30, '하이트맥주', '02-678-9012', '제조일로부터 12개월', NULL, '직사광선을 피해 서늘한 곳에 보관'),
(31, 31, '델몬트', '02-789-0123', '제조일로부터 180일', NULL, '직사광선을 피해 서늘한 곳에 보관'),
(32, 32, '델몬트', '02-789-0123', '제조일로부터 180일', NULL, '직사광선을 피해 서늘한 곳에 보관'),
(33, 33, '해태음료', '02-890-1234', '제조일로부터 180일', NULL, '직사광선을 피해 서늘한 곳에 보관'),
(34, 34, '해태음료', '02-890-1234', '제조일로부터 180일', NULL, '직사광선을 피해 서늘한 곳에 보관'),
(35, 35, '코카콜라', '02-456-7890', '제조일로부터 12개월', NULL, '직사광선을 피해 서늘한 곳에 보관'),
(36, 36, '롯데칠성', '02-567-8901', '제조일로부터 12개월', NULL, '직사광선을 피해 서늘한 곳에 보관'),
(37, 37, '롯데칠성', '02-567-8901', '제조일로부터 12개월', NULL, '직사광선을 피해 서늘한 곳에 보관'),
(38, 38, '코카콜라', '02-456-7890', '제조일로부터 12개월', NULL, '직사광선을 피해 서늘한 곳에 보관');

-- 8. sales_statistics(판매 통계) 데이터
INSERT INTO `sales_statistics` (`stats_id`, `store_id`, `category_id`, `date`, `hour`, `total_sales`, `transaction_count`, `avg_transaction`, `created_at`) VALUES
(1, 1, 1, '2023-10-01', '2023-10-01 12:00:00', 58500.00, 45, 1300.00, '2023-10-01 23:59:00'),
(2, 1, 2, '2023-10-01', '2023-10-01 12:00:00', 42000.00, 28, 1500.00, '2023-10-01 23:59:00'),
(3, 1, 4, '2023-10-01', '2023-10-01 12:00:00', 35250.00, 22, 1602.27, '2023-10-01 23:59:00'),
(4, 2, 1, '2023-10-01', '2023-10-01 12:00:00', 63750.00, 50, 1275.00, '2023-10-01 23:59:00'),
(5, 2, 2, '2023-10-01', '2023-10-01 12:00:00', 51000.00, 34, 1500.00, '2023-10-01 23:59:00'),
(6, 3, 1, '2023-10-01', '2023-10-01 12:00:00', 48750.00, 38, 1282.89, '2023-10-01 23:59:00'),
(7, 1, 1, '2023-10-02', '2023-10-02 12:00:00', 62400.00, 48, 1300.00, '2023-10-02 23:59:00'),
(8, 1, 2, '2023-10-02', '2023-10-02 12:00:00', 43500.00, 29, 1500.00, '2023-10-02 23:59:00'),
(9, 2, 1, '2023-10-02', '2023-10-02 12:00:00', 59800.00, 47, 1272.34, '2023-10-02 23:59:00'),
(10, 3, 2, '2023-10-02', '2023-10-02 12:00:00', 54000.00, 36, 1500.00, '2023-10-02 23:59:00');

-- 9. inventory_statistics(재고 통계) 데이터
INSERT INTO `inventory_statistics` (`stats_id`, `store_id`, `category_id`, `inven_date`, `inven_turnover_rate`, `inven_stock_value`, `inven_low_stock_count`, `inven_excess_stock_count`, `inven_expired_soon_count`, `inven_created_at`) VALUES
(1, 1, 1, '2023-10-01', 3.75, 125000.00, 2, 1, 3, '2023-10-01 23:59:00'),
(2, 1, 2, '2023-10-01', 2.50, 87500.00, 1, 2, 0, '2023-10-01 23:59:00'),
(3, 1, 4, '2023-10-01', 1.85, 65000.00, 0, 3, 0, '2023-10-01 23:59:00'),
(4, 2, 1, '2023-10-01', 4.10, 135000.00, 3, 0, 2, '2023-10-01 23:59:00'),
(5, 2, 2, '2023-10-01', 3.25, 95000.00, 2, 1, 0, '2023-10-01 23:59:00'),
(6, 3, 1, '2023-10-01', 3.50, 110000.00, 1, 1, 1, '2023-10-01 23:59:00'),
(7, 1, 1, '2023-10-02', 3.90, 130000.00, 1, 1, 4, '2023-10-02 23:59:00'),
(8, 1, 2, '2023-10-02', 2.70, 90000.00, 2, 1, 0, '2023-10-02 23:59:00'),
(9, 2, 1, '2023-10-02', 4.25, 140000.00, 2, 0, 3, '2023-10-02 23:59:00'),
(10, 3, 2, '2023-10-02', 3.50, 105000.00, 1, 2, 0, '2023-10-02 23:59:00');

-- 10. order_stats(발주 통계) 데이터
INSERT INTO `order_stats` (`ostats_id`, `store_id`, `product_id`, `ostats_date`, `ostats_quantity`, `ostats_total`, `created_at`) VALUES
(1, 1, 3, '2025-02-11', 88, 352000, '2025-02-11 08:52:00'),
(2, 1, 7, '2025-01-14', 73, 277400, '2025-01-14 17:17:00'),
(3, 1, 21, '2025-01-16', 37, 155400, '2025-01-16 09:02:00'),
(4, 1, 33, '2025-01-09', 36, 129600, '2025-01-09 14:11:00'),
(5, 1, 5, '2025-03-14', 60, 240000, '2025-03-14 12:06:00'),
(6, 1, 14, '2025-01-03', 39, 140400, '2025-01-03 08:45:00'),
(7, 1, 11, '2025-01-31', 81, 259200, '2025-01-31 13:08:00'),
(8, 1, 26, '2025-02-03', 43, 193500, '2025-02-03 15:59:00'),
(9, 2, 35, '2025-03-14', 51, 183600, '2025-03-14 13:03:00'),
(10, 2, 18, '2025-02-20', 38, 121600, '2025-02-20 12:20:00'),
(11, 3, 31, '2025-02-18', 60, 180000, '2025-02-18 11:11:00'),
(12, 3, 2, '2025-02-24', 55, 192500, '2025-02-24 16:34:00'),
(13, 4, 27, '2025-02-16', 75, 187500, '2025-02-16 09:27:00'),
(14, 4, 37, '2025-02-11', 35, 126000, '2025-02-11 12:21:00'),
(15, 5, 9, '2025-01-10', 91, 218400, '2025-01-10 15:50:00'),
(16, 5, 36, '2025-03-08', 60, 204000, '2025-03-08 09:28:00'),
(17, 5, 10, '2025-03-22', 57, 196650, '2025-03-22 08:45:00'),
(18, 5, 6, '2025-02-14', 77, 277200, '2025-02-14 14:33:00'),
(19, 5, 15, '2025-01-23', 49, 235200, '2025-01-23 10:40:00'),
(20, 5, 29, '2025-01-25', 85, 255000, '2025-01-25 11:07:00'),
(21, 5, 8, '2025-03-13', 55, 110000, '2025-03-13 15:30:00'),
(22, 6, 19, '2025-02-09', 22, 39600, '2025-02-09 14:18:00'),
(23, 6, 17, '2025-01-28', 31, 62000, '2025-01-28 08:55:00'),
(24, 7, 24, '2025-03-09', 99, 178200, '2025-03-09 16:40:00'),
(25, 7, 28, '2025-03-04', 52, 124800, '2025-03-04 14:11:00'),
(26, 7, 1, '2025-01-04', 64, 76800, '2025-01-04 09:02:00'),
(27, 7, 23, '2025-03-25', 36, 72000, '2025-03-25 13:50:00'),
(28, 7, 32, '2025-01-30', 55, 137500, '2025-01-30 11:30:00'),
(29, 7, 20, '2025-02-13', 67, 120600, '2025-02-13 08:44:00'),
(30, 7, 16, '2025-03-11', 41, 73800, '2025-03-11 15:00:00'),
(31, 8, 34, '2025-02-21', 66, 178200, '2025-02-21 12:12:00'),
(32, 8, 13, '2025-01-18', 30, 105000, '2025-01-18 13:22:00'),
(33, 9, 30, '2025-03-03', 78, 226200, '2025-03-03 16:25:00'),
(34, 9, 12, '2025-02-05', 28, 182000, '2025-02-05 09:19:00'),
(35, 10, 4, '2025-03-12', 48, 216000, '2025-03-12 10:58:00'),
(36, 10, 22, '2025-02-27', 33, 99000, '2025-02-27 14:44:00'),
(37, 10, 25, '2025-01-26', 41, 90200, '2025-01-26 17:21:00'),
(38, 10, 19, '2025-01-07', 90, 171000, '2025-01-07 15:10:00');


-- 11. demand_prediction(수요 예측) 데이터
INSERT INTO `demand_prediction` (`prediction_id`, `store_id`, `product_id`, `dmd_date`, `dmd_predicted_quantity`, `dmd_confidence_level`, `dmd_weather_factor`, `dmd_seasonal_factor`, `dmd_created_at`) VALUES
(1, 1, 1, '2023-10-06', 55, 0.85, 0.75, 0.90, '2023-10-05 00:00:00'),
(2, 1, 2, '2023-10-06', 45, 0.82, 0.70, 0.85, '2023-10-05 00:00:00'),
(3, 1, 3, '2023-10-06', 65, 0.88, 0.80, 0.95, '2023-10-05 00:00:00'),
(4, 2, 1, '2023-10-06', 60, 0.87, 0.78, 0.93, '2023-10-05 00:00:00'),
(5, 2, 4, '2023-10-06', 50, 0.84, 0.72, 0.88, '2023-10-05 00:00:00'),
(6, 3, 5, '2023-10-06', 35, 0.80, 0.65, 0.85, '2023-10-05 00:00:00'),
(7, 1, 6, '2023-10-06', 40, 0.83, 0.70, 0.90, '2023-10-05 00:00:00'),
(8, 2, 7, '2023-10-06', 30, 0.81, 0.68, 0.85, '2023-10-05 00:00:00'),
(9, 3, 8, '2023-10-06', 45, 0.85, 0.75, 0.92, '2023-10-05 00:00:00'),
(10, 1, 9, '2023-10-06', 35, 0.82, 0.70, 0.87, '2023-10-05 00:00:00');

-- 12. anomaly_detection(이상 탐지) 데이터
INSERT INTO `anomaly_detection` (`anomaly_id`, `store_id`, `anom_type`, `anom_detection_time`, `anom_severity`, `anom_description`, `anom_is_resolved`, `anom_resolution_notes`, `anom_created_at`, `anom_updated_at`) VALUES
(1, 1, '재고 급감', '2023-10-01 14:23:15', 4, '삼각김밥 참치 제품의 재고가 1시간 내에 30개 이상 감소했습니다.', TRUE, '특별 할인 행사로 인한 정상적인 판매량 증가', '2023-10-01 14:23:15', '2023-10-01 16:45:00');

-- 13. part_timer(아르바이트) 데이터

-- part_status 정의

-- 1: 재직
-- 2: 퇴사
-- 3: 휴직

-- salary_type 정의


-- 1: 시급
-- 2: 월급

INSERT INTO part_timer (part_timer_id, store_id, part_name, part_gender, part_phone, part_addres, birth_date, hire_date, resign_date, salary_type, hourly_wage, account_bank, account_number, part_status, created_at, position, work_type) VALUES
(1, 1, '한예지', 2, '010-5485-3489', '충청북도 부천시 원미구 도산대길 (지후최마을)', '1999-03-23', '2023-09-12', NULL, 1, 9620, 1, 'TMYL90277167014508', 1, '2025-04-22 23:22:44','점장', '평일 주간 아르바이트'),
(2, 1, '김현주', 1, '010-4026-1429', '부산광역시 마포구 서초중앙거리 (성수류손마을)', '1986-03-04', '2023-05-04', NULL, 1, 10500, 2, 'UFQP72175354083866', 1, '2025-02-15 15:10:45','매니저', '평일 야간 아르바이트'),
(3, 1, '박영환', 2, '010-4783-4804', '세종특별자치시 양천구 봉은사01가', '1998-05-06', '2023-05-22', NULL, 1, 9620, 2, 'RRAC99488375503758', 1, '2025-04-02 20:57:45','매니저', '주말 야간 아르바이트'),
(4, 1, '이예원', 1, '010-6886-2302', '인천광역시 종로구 영동대488거리', '1987-12-07', '2023-05-30', NULL, 1, 10500, 1, 'FPEW61493316373516', 1, '2025-01-10 00:42:26','아르바이트', '주말 주간 아르바이트'),
(5, 1, '홍은서', 1, '010-9230-8680', '경상남도 태안군 서초중앙로 (민지이마을)', '2000-09-29', '2025-04-11', NULL, 1, 10500, 2, 'QYFW92216995866934', 1, '2025-03-19 06:12:30','매니저', '주말 야간 아르바이트'),
(6, 2, '주예원', 2, '010-4014-7348', '충청북도 원주시 잠실83길', '1991-06-14', '2024-08-21', NULL, 1, 10000, 1, 'WJVL22885158799684', 1, '2025-03-24 00:27:47','점장', '주말 야간 아르바이트'),
(7, 2, '박경자', 1, '010-3683-4166', '경기도 청주시 상당구 논현거리', '1989-10-16', '2023-12-03', NULL, 1, 9620, 1, 'VIEB43805719838638', 1, '2025-02-25 20:29:35','매니저', '평일 야간 아르바이트'),
(8, 2, '김영미', 2, '010-1245-5421', '전라남도 천안시 서북구 압구정거리 (수진황리)', '1991-12-28', '2025-04-01', NULL, 1, 10000, 1, 'UWWU59893347212281', 1, '2025-03-15 05:52:16','아르바이트', '평일 주간 아르바이트'),
(9, 2, '이상훈', 1, '010-4351-2083', '전라북도 파주시 반포대202거리', '2004-08-15', '2023-06-03', NULL, 1, 9620, 1, 'YUTV47985158328182', 1, '2025-03-22 18:22:48','매니저', '평일 주간 아르바이트'),
(10, 2, '이순자', 2, '010-6323-8496', '전라남도 연천군 양재천9가', '2003-06-01', '2025-01-23', NULL, 1, 9620, 1, 'YUAD57399305616484', 1, '2025-01-05 19:08:13','아르바이트', '주말 야간 아르바이트'),
(11, 3, '류영미', 2, '010-1685-7232', '경상남도 성남시 가락5로 (성호곽마을)', '2002-06-16', '2023-04-30', NULL, 1, 10500, 1, 'UCGV36138612075011', 1, '2025-01-11 12:54:27','점장', '주말 야간 아르바이트'),
(12, 3, '김도윤', 2, '010-9784-9605', '전라북도 원주시 반포대665로', '1997-07-26', '2024-09-28', NULL, 1, 10500, 2, 'DRAU91901581449147', 1, '2025-03-16 01:30:57','매니저', '평일 야간 아르바이트'),
(13, 3, '장영수', 1, '010-9530-2791', '충청북도 진천군 잠실24거리', '1984-09-10', '2024-06-27', NULL, 1, 10000, 1, 'REDB09968814353682', 1, '2025-02-01 06:06:06','아르바이트', '평일 주간 아르바이트'),
(14, 3, '강상훈', 1, '010-5025-9498', '대구광역시 서초구 잠실가', '2003-01-06', '2023-06-20', NULL, 1, 10500, 1, 'JVCI13975523149135', 1, '2025-04-05 08:16:38','매니저', '주말 야간 아르바이트'),
(15, 3, '강성수', 1, '010-7347-9456', '전라남도 용인시 기흥구 역삼5길', '1991-11-08', '2024-10-29', NULL, 1, 10500, 1, 'XUNI52577754781291', 1, '2025-02-24 11:45:54','아르바이트', '주말 주간 아르바이트'),
(16, 4, '김유진', 1, '010-5770-8201', '부산광역시 송파구 압구정로 (은경김김면)', '2002-10-22', '2025-03-19', NULL, 1, 10000, 1, 'RPUY25639427881658', 1, '2025-01-03 01:21:38','점장', '주말 주간 아르바이트'),
(17, 4, '홍지원', 2, '010-8558-3727', '제주특별자치도 광명시 역삼9길', '2000-10-06', '2024-01-28', NULL, 1, 10000, 1, 'BHYP31453038567700', 1, '2025-03-04 22:16:51','아르바이트', '주말 주간 아르바이트'),
(18, 4, '주재현', 1, '010-9470-3330', '광주광역시 영등포구 개포가 (서현배김면)', '1997-02-12', '2025-03-29', NULL, 1, 10000, 2, 'HQML57790827231843', 1, '2025-01-30 04:10:15','아르바이트', '주말 주간 아르바이트'),
(19, 4, '이정웅', 2, '010-2481-9202', '인천광역시 마포구 봉은사77길', '2004-06-01', '2023-08-28', NULL, 1, 9620, 1, 'UNAH02992280920242', 1, '2025-04-11 07:43:12','아르바이트', '주말 야간 아르바이트'),
(20, 4, '조윤서', 1, '010-7440-7775', '광주광역시 용산구 반포대가', '2000-09-13', '2023-09-04', NULL, 1, 10000, 1, 'HNTE92984257991366', 1, '2025-01-26 16:09:29','매니저', '평일 야간 아르바이트'),
(21, 5, '김준호', 1, '010-3930-8433', '충청북도 당진시 역삼가 (지영박동)', '1987-06-27', '2024-05-03', NULL, 1, 10500, 2, 'VETR06865086376599', 1, '2025-01-19 23:23:37','점장', '평일 주간 아르바이트'),
(22, 5, '김정훈', 1, '010-8449-2477', '광주광역시 동작구 강남대0로', '2003-12-24', '2024-06-03', NULL, 1, 10000, 1, 'DQAM35651269448695', 1, '2025-02-23 12:12:18','매니저', '주말 야간 아르바이트'),
(23, 5, '이서영', 1, '010-3024-2494', '충청북도 양주시 강남대95가 (지민윤읍)', '1999-07-06', '2024-12-23', NULL, 1, 9620, 2, 'WFDG86589026012796', 1, '2025-01-18 02:45:55','매니저', '평일 주간 아르바이트'),
(24, 5, '김도현', 2, '010-6946-2397', '울산광역시 서대문구 백제고분2가', '1999-04-02', '2023-05-03', NULL, 1, 10500, 2, 'GVZQ43098839205302', 1, '2025-01-17 20:43:00','아르바이트', '평일 주간 아르바이트'),
(25, 5, '황순자', 2, '010-9383-3619', '경상북도 논산시 서초대로 (지혜최마을)', '2004-02-24', '2024-01-20', NULL, 1, 10000, 2, 'LIHT37690426818184', 1, '2025-03-08 00:21:21','아르바이트', '평일 주간 아르바이트'),
(26, 6, '송현주', 2, '010-1719-3799', '세종특별자치시 서대문구 언주77로 (상훈김강읍)', '1992-02-20', '2025-01-05', NULL, 1, 10000, 2, 'KNLQ80434165182755', 1, '2025-02-12 10:35:31','점장', '주말 주간 아르바이트'),
(27, 6, '이현정', 1, '010-3656-3369', '경상남도 증평군 언주길', '1993-05-06', '2023-10-02', NULL, 1, 9620, 2, 'HGHT52111790807595', 1, '2025-04-06 14:28:20','매니저', '평일 야간 아르바이트'),
(28, 6, '양은경', 1, '010-7874-6047', '세종특별자치시 동대문구 개포9길 (미영이마을)', '1985-06-03', '2024-05-19', NULL, 1, 10000, 2, 'LMVY27187500369155', 1, '2025-02-20 10:17:35','아르바이트', '주말 야간 아르바이트'),
(29, 6, '이서준', 2, '010-5731-3960', '대전광역시 동대문구 선릉6거리 (지민이김읍)', '2003-11-28', '2024-10-08', NULL, 1, 9620, 1, 'HDXI38663227026728', 1, '2025-04-14 16:32:21','매니저', '평일 야간 아르바이트'),
(30, 6, '안수진', 1, '010-1057-5146', '울산광역시 성동구 도산대길', '1992-12-19', '2024-04-29', NULL, 1, 9620, 1, 'UDOX54558845061593', 1, '2025-04-23 00:20:00','아르바이트', '평일 주간 아르바이트'),
(31, 7, '윤보람', 2, '010-9169-9904', '대전광역시 노원구 반포대6거리 (숙자김김면)', '1998-09-01', '2024-08-27', NULL, 1, 9620, 2, 'TSMC12535544964759', 1, '2025-04-12 03:44:10','아르바이트', '평일 야간 아르바이트'),
(32, 7, '이보람', 2, '010-4897-4553', '대구광역시 송파구 오금거리', '1987-01-15', '2023-10-05', NULL, 1, 10500, 2, 'FMDD17800681149216', 1, '2025-03-02 01:46:18','아르바이트', '평일 야간 아르바이트'),
(33, 7, '서시우', 2, '010-8434-7719', '충청북도 고성군 압구정로', '1996-06-15', '2025-02-21', NULL, 1, 10000, 1, 'KPOR48728299796884', 1, '2025-03-09 09:55:17','아르바이트', '평일 야간 아르바이트'),
(34, 7, '김동현', 1, '010-5009-9967', '대전광역시 마포구 테헤란00길 (우진박임리)', '2000-07-18', '2023-12-13', NULL, 1, 10000, 2, 'AYNZ49308536866326', 1, '2025-03-15 11:16:34','아르바이트', '평일 주간 아르바이트'),
(35, 7, '김재현', 1, '010-1801-4028', '광주광역시 관악구 선릉1길 (재현윤마을)', '1999-09-20', '2023-11-22', NULL, 1, 9620, 1, 'WTPG50208021442703', 1, '2025-01-18 12:20:54','점장', '주말 주간 아르바이트'),
(36, 8, '박성현', 2, '010-1601-3381', '세종특별자치시 은평구 도산대12로 (은경김박읍)', '1992-10-27', '2025-01-18', NULL, 1, 9620, 2, 'MADY36730371837645', 1, '2025-01-31 19:10:58','매니저', '주말 주간 아르바이트'),
(37, 8, '김현숙', 2, '010-6424-2436', '광주광역시 강서구 논현03로', '1992-05-05', '2024-08-28', NULL, 1, 9620, 1, 'NKAF49163009792513', 1, '2025-01-31 14:55:41','아르바이트', '평일 야간 아르바이트'),
(38, 8, '임성진', 2, '010-3920-3643', '서울특별시 은평구 잠실로', '1988-08-05', '2024-05-07', NULL, 1, 10500, 1, 'HKRZ57306524077848', 1, '2025-04-06 03:59:39','아르바이트', '주말 야간 아르바이트'),
(39, 8, '김성현', 1, '010-8460-6901', '전라북도 계룡시 학동길 (재현이이동)', '2001-07-12', '2024-02-13', NULL, 1, 9620, 1, 'XFAT59351863878294', 1, '2025-03-04 15:25:30','아르바이트', '주말 야간 아르바이트'),
(40, 8, '이동현', 2, '010-6289-7038', '서울특별시 서구 역삼로', '1991-03-11', '2023-07-17', NULL, 1, 10000, 1, 'PGDB96789940539103', 1, '2025-04-06 10:06:56','점장', '주말 주간 아르바이트'),
(41, 9, '전예은', 2, '010-2063-5797', '대전광역시 금천구 영동대094로', '1986-09-16', '2025-02-01', NULL, 1, 10000, 1, 'JCGQ11386338392886', 1, '2025-01-21 11:43:54','매니저', '평일 야간 아르바이트'),
(42, 9, '최정숙', 1, '010-5496-6393', '강원도 안산시 잠실가 (아름박조면)', '1995-01-14', '2024-06-25', NULL, 1, 10500, 1, 'KLNY65939836845776', 1, '2025-01-01 00:54:42','아르바이트', '평일 주간 아르바이트'),
(43, 9, '나은서', 1, '010-4425-1953', '전라북도 파주시 언주5로', '1993-09-14', '2025-04-07', NULL, 1, 9620, 2, 'RQRS92107522459334', 1, '2025-02-28 07:30:38','아르바이트', '주말 야간 아르바이트'),
(44, 9, '이지훈', 1, '010-8924-5705', '대전광역시 동구 역삼91거리', '1985-08-02', '2024-11-12', NULL, 1, 10000, 2, 'ZSMC05566139060480', 1, '2025-03-04 00:07:22','아르바이트', '평일 야간 아르바이트'),
(45, 9, '김예진', 2, '010-5254-9608', '충청북도 성남시 수정구 반포대981길', '1999-01-04', '2023-12-06', NULL, 1, 10500, 2, 'ZMEE51790864168622', 1, '2025-04-04 09:15:40','점장', '주말 야간 아르바이트'),
(46, 10, '박은지', 2, '010-3125-9132', '제주특별자치도 금산군 언주로', '1993-05-16', '2024-12-18', NULL, 1, 10500, 2, 'NKVS11665535590425', 1, '2025-03-27 20:50:54','아르바이트', '주말 야간 아르바이트'),
(47, 10, '박현숙', 2, '010-9069-3947', '충청남도 청주시 흥덕구 테헤란110길', '1989-05-04', '2025-02-27', NULL, 1, 10500, 1, 'JAKW14770538338848', 1, '2025-04-04 19:03:57','매니저', '주말 주간 아르바이트'),
(48, 10, '진정자', 2, '010-4171-1025', '울산광역시 영등포구 강남대길', '1986-05-12', '2023-12-01', NULL, 1, 9620, 1, 'GZWT40701645104636', 1, '2025-04-09 17:58:10','아르바이트', '주말 야간 아르바이트'),
(49, 10, '김숙자', 2, '010-2932-4396', '대구광역시 중랑구 잠실003거리', '1995-08-31', '2024-05-09', NULL, 1, 10500, 1, 'MXFA55543840460843', 1, '2025-01-30 11:00:40','매니저', '평일 야간 아르바이트'),
(50, 10, '이민수', 2, '010-1745-6468', '제주특별자치도 청주시 서원구 선릉길 (지훈이마을)', '1995-07-09', '2024-04-07', NULL, 1, 10000, 2, 'REGU29832482629251', 1, '2025-04-19 05:23:38','아르바이트', '주말 주간 아르바이트'),
(51, 1, '오보람', 1, '010-1185-4296', '경기도 음성군 선릉47거리', '1989-06-26', '2024-12-20', '2025-01-25', 1, 10500, 1, 'DEFA99499939330517', 2, '2025-01-27 00:53:20','매니저', '주말 야간 아르바이트'),
(52, 2, '조정희', 2, '010-2111-6042', '대구광역시 남구 서초중앙22길 (도윤권동)', '1993-06-30', '2024-03-10', '2024-08-29', 1, 10000, 2, 'XVGY31279757366096', 2, '2025-03-02 18:12:28','아르바이트', '평일 주간 아르바이트'),
(53, 3, '심영환', 2, '010-1100-2865', '부산광역시 양천구 도산대8가', '1985-08-25', '2024-07-01', '2024-11-28', 1, 10500, 1, 'QYUB34764472649082', 2, '2025-04-01 00:26:04','아르바이트', '평일 주간 아르바이트'),
(54, 4, '박정희', 2, '010-7488-1477', '대구광역시 강동구 개포가', '1995-04-27', '2024-04-09', '2024-04-18', 1, 9620, 1, 'FOSW37145211175186', 2, '2025-04-10 08:32:18','매니저', '주말 야간 아르바이트'),
(55, 5, '김유진', 2, '010-6536-8849', '대구광역시 노원구 역삼길', '1990-05-26', '2024-12-12', '2024-12-21', 1, 10000, 1, 'NJJX74212309407778', 2, '2025-01-02 02:47:58','아르바이트', '주말 야간 아르바이트'),
(56, 6, '박서윤', 1, '010-8888-3545', '경상남도 원주시 학동903거리 (동현김면)', '1985-07-25', '2023-08-15', '2023-09-09', 1, 10500, 1, 'VSTJ51016224999827', 2, '2025-04-23 10:10:42','아르바이트', '평일 야간 아르바이트'),
(57, 6, '김종수', 2, '010-8577-7782', '대전광역시 북구 학동81거리 (성민한이마을)', '1998-05-24', '2024-06-05', '2024-08-25', 1, 10500, 1, 'WGTB19817946954899', 2, '2025-03-10 17:04:33','아르바이트', '평일 주간 아르바이트'),
(58, 8, '강예진', 2, '010-6169-9779', '경상남도 안산시 단원구 양재천길 (상훈박동)', '1991-05-15', '2025-01-05', '2025-03-26', 1, 9620, 1, 'NBKL83034414488501', 2, '2025-03-06 17:12:39','매니저', '평일 야간 아르바이트'),
(59, 9, '오우진', 2, '010-6793-2084', '대구광역시 중랑구 삼성770길', '2000-09-11', '2023-08-23', '2024-12-22', 1, 9620, 1, 'ORKO60849588039551', 2, '2025-01-29 23:48:40','매니저', '주말 야간 아르바이트'),
(60, 10, '김현준', 1, '010-6556-7147', '경상북도 안산시 단원구 양재천거리', '1985-05-23', '2023-11-21', '2024-10-07', 1, 10500, 2, 'CPHL74384215031780', 2, '2025-04-04 17:22:24','아르바이트', '주말 야간 아르바이트'),
(61, 3, '김순자', 1, '010-7382-4070', '제주특별자치도 용인시 처인구 테헤란8길 (예지박마을)', '1988-04-03', '2023-04-28', NULL, 1, 10500, 1, 'JBVT15701840943533', 3, '2025-02-25 15:30:02','매니저', '주말 주간 아르바이트'),
(62, 2, '이시우', 2, '010-6152-1518', '광주광역시 광진구 강남대로', '1984-10-31', '2024-08-20', NULL, 1, 10000, 1, 'RQDG85854249321495', 3, '2025-04-15 23:16:18','매니저', '평일 주간 아르바이트'),
(63, 6, '김영수', 1, '010-9143-4893', '부산광역시 서대문구 학동가', '1997-08-25', '2023-09-11', NULL, 1, 10000, 1, 'WTSU79545381792171', 3, '2025-03-30 11:10:34','아르바이트', '평일 야간 아르바이트'),
(64, 5, '윤정훈', 2, '010-4541-9603', '충청남도 고양시 일산서구 백제고분거리 (준혁한장면)', '1999-09-27', '2024-05-07', NULL, 1, 10000, 1, 'ACPD57724599281615', 3, '2025-04-18 23:50:46','아르바이트', '주말 주간 아르바이트'),
(65, 7, '안옥자', 1, '010-7131-1612', '경상북도 구리시 잠실길 (준영이송마을)', '1998-12-26', '2024-12-24', NULL, 1, 9620, 1, 'NSZK83219719975817', 3, '2025-02-04 05:01:49','매니저', '평일 야간 아르바이트');

-- 14. shift_schedule(근무 스케줄) 데이터
INSERT INTO shift_schedule (schedule_id, part_timer_id, title, start_time, end_time, bg_color) VALUES
(1, 2, '오후 근무', '2025-04-02 13:00:00', '2025-04-02 21:00:00', '#03bd9e'),
(2, 3, '야간 근무', '2025-04-03 19:00:00', '2025-04-03 23:00:00', '#5b76ff'),
(3, 4, '오전 근무', '2025-04-04 06:00:00', '2025-04-04 14:00:00', '#5b76ff'),
(4, 5, '오후 근무', '2025-04-05 13:00:00', '2025-04-05 21:00:00', '#4caf50'),
(5, 6, '야간 근무', '2025-04-06 19:00:00', '2025-04-06 23:00:00', '#4caf50'),
(6, 7, '오전 근무', '2025-04-07 06:00:00', '2025-04-07 14:00:00', '#5b76ff'),
(7, 8, '오후 근무', '2025-04-08 13:00:00', '2025-04-08 21:00:00', '#4caf50'),
(8, 9, '야간 근무', '2025-04-09 19:00:00', '2025-04-09 23:00:00', '#9c27b0'),
(9, 10, '오전 근무', '2025-04-10 06:00:00', '2025-04-10 14:00:00', '#03bd9e'),
(10, 11, '오후 근무', '2025-04-11 13:00:00', '2025-04-11 21:00:00', '#ffc107'),
(11, 12, '야간 근무', '2025-04-12 19:00:00', '2025-04-12 23:00:00', '#4caf50'),
(12, 13, '오전 근무', '2025-04-13 06:00:00', '2025-04-13 14:00:00', '#5b76ff'),
(13, 14, '오후 근무', '2025-04-14 13:00:00', '2025-04-14 21:00:00', '#4caf50'),
(14, 15, '야간 근무', '2025-04-15 19:00:00', '2025-04-15 23:00:00', '#9c27b0'),
(15, 16, '오전 근무', '2025-04-16 06:00:00', '2025-04-16 14:00:00', '#5b76ff'),
(16, 17, '오후 근무', '2025-04-17 13:00:00', '2025-04-17 21:00:00', '#03bd9e'),
(17, 18, '야간 근무', '2025-04-18 19:00:00', '2025-04-18 23:00:00', '#03bd9e'),
(18, 19, '오전 근무', '2025-04-19 06:00:00', '2025-04-19 14:00:00', '#5b76ff'),
(19, 20, '오후 근무', '2025-04-20 13:00:00', '2025-04-20 21:00:00', '#ff5b5b'),
(20, 21, '야간 근무', '2025-04-21 19:00:00', '2025-04-21 23:00:00', '#03bd9e'),
(21, 22, '오전 근무', '2025-04-22 06:00:00', '2025-04-22 14:00:00', '#03bd9e'),
(22, 23, '오후 근무', '2025-04-23 13:00:00', '2025-04-23 21:00:00', '#03bd9e'),
(23, 24, '야간 근무', '2025-04-24 19:00:00', '2025-04-24 23:00:00', '#03bd9e'),
(24, 25, '오전 근무', '2025-04-25 06:00:00', '2025-04-25 14:00:00', '#03bd9e'),
(25, 26, '오후 근무', '2025-04-26 13:00:00', '2025-04-26 21:00:00', '#ff5b5b'),
(26, 27, '야간 근무', '2025-04-27 19:00:00', '2025-04-27 23:00:00', '#4caf50'),
(27, 28, '오전 근무', '2025-04-28 06:00:00', '2025-04-28 14:00:00', '#4caf50'),
(28, 29, '오후 근무', '2025-04-29 13:00:00', '2025-04-29 21:00:00', '#5b76ff'),
(29, 30, '야간 근무', '2025-04-30 19:00:00', '2025-04-30 23:00:00', '#ff9800'),
(30, 31, '오전 근무', '2025-04-01 06:00:00', '2025-04-01 14:00:00', '#ff5b5b'),
(31, 32, '오후 근무', '2025-04-02 13:00:00', '2025-04-02 21:00:00', '#9c27b0'),
(32, 33, '야간 근무', '2025-04-03 19:00:00', '2025-04-03 23:00:00', '#ff5b5b'),
(33, 34, '오전 근무', '2025-04-04 06:00:00', '2025-04-04 14:00:00', '#ff5b5b'),
(34, 35, '오후 근무', '2025-04-05 13:00:00', '2025-04-05 21:00:00', '#ffc107'),
(35, 36, '야간 근무', '2025-04-06 19:00:00', '2025-04-06 23:00:00', '#ff5b5b'),
(36, 37, '오전 근무', '2025-04-07 06:00:00', '2025-04-07 14:00:00', '#03bd9e'),
(37, 38, '오후 근무', '2025-04-08 13:00:00', '2025-04-08 21:00:00', '#ff9800'),
(38, 39, '야간 근무', '2025-04-09 19:00:00', '2025-04-09 23:00:00', '#ff9800'),
(39, 40, '오전 근무', '2025-04-10 06:00:00', '2025-04-10 14:00:00', '#03bd9e'),
(40, 41, '오후 근무', '2025-04-11 13:00:00', '2025-04-11 21:00:00', '#9c27b0'),
(41, 42, '야간 근무', '2025-04-12 19:00:00', '2025-04-12 23:00:00', '#5b76ff'),
(42, 43, '오전 근무', '2025-04-13 06:00:00', '2025-04-13 14:00:00', '#4caf50'),
(43, 44, '오후 근무', '2025-04-14 13:00:00', '2025-04-14 21:00:00', '#ff9800'),
(44, 45, '야간 근무', '2025-04-15 19:00:00', '2025-04-15 23:00:00', '#9c27b0'),
(45, 46, '오전 근무', '2025-04-16 06:00:00', '2025-04-16 14:00:00', '#9c27b0'),
(46, 47, '오후 근무', '2025-04-17 13:00:00', '2025-04-17 21:00:00', '#5b76ff'),
(47, 48, '야간 근무', '2025-04-18 19:00:00', '2025-04-18 23:00:00', '#03bd9e'),
(48, 49, '오전 근무', '2025-04-19 06:00:00', '2025-04-19 14:00:00', '#ffc107'),
(49, 50, '오후 근무', '2025-04-20 13:00:00', '2025-04-20 21:00:00', '#03bd9e'),
(50, 51, '야간 근무', '2025-04-21 19:00:00', '2025-04-21 23:00:00', '#ff9800'),
(51, 52, '오전 근무', '2025-04-22 06:00:00', '2025-04-22 14:00:00', '#4caf50'),
(52, 53, '오후 근무', '2025-04-23 13:00:00', '2025-04-23 21:00:00', '#9c27b0'),
(53, 54, '야간 근무', '2025-04-24 19:00:00', '2025-04-24 23:00:00', '#4caf50'),
(54, 55, '오전 근무', '2025-04-25 06:00:00', '2025-04-25 14:00:00', '#ff9800'),
(55, 56, '오후 근무', '2025-04-26 13:00:00', '2025-04-26 21:00:00', '#ff9800'),
(56, 57, '야간 근무', '2025-04-27 19:00:00', '2025-04-27 23:00:00', '#9c27b0'),
(57, 58, '오전 근무', '2025-04-28 06:00:00', '2025-04-28 14:00:00', '#ffc107'),
(58, 59, '오후 근무', '2025-04-29 13:00:00', '2025-04-29 21:00:00', '#ff9800'),
(59, 60, '야간 근무', '2025-04-30 19:00:00', '2025-04-30 23:00:00', '#4caf50'),
(60, 61, '오전 근무', '2025-04-01 06:00:00', '2025-04-01 14:00:00', '#ffc107'),
(61, 62, '오후 근무', '2025-04-02 13:00:00', '2025-04-02 21:00:00', '#ff9800'),
(62, 63, '야간 근무', '2025-04-03 19:00:00', '2025-04-03 23:00:00', '#ffc107'),
(63, 64, '오전 근무', '2025-04-04 06:00:00', '2025-04-04 14:00:00', '#5b76ff'),
(64, 65, '오후 근무', '2025-04-05 13:00:00', '2025-04-05 21:00:00', '#ffc107'),
(65, 1, '야간 근무', '2025-04-06 19:00:00', '2025-04-06 23:00:00', '#ffc107'),
(66, 2, '오전 근무', '2025-04-07 06:00:00', '2025-04-07 14:00:00', '#4caf50'),
(67, 3, '오후 근무', '2025-04-08 13:00:00', '2025-04-08 21:00:00', '#5b76ff'),
(68, 4, '야간 근무', '2025-04-09 19:00:00', '2025-04-09 23:00:00', '#4caf50'),
(69, 5, '오전 근무', '2025-04-10 06:00:00', '2025-04-10 14:00:00', '#5b76ff'),
(70, 6, '오후 근무', '2025-04-11 13:00:00', '2025-04-11 21:00:00', '#4caf50'),
(71, 7, '야간 근무', '2025-04-12 19:00:00', '2025-04-12 23:00:00', '#03bd9e'),
(72, 8, '오전 근무', '2025-04-13 06:00:00', '2025-04-13 14:00:00', '#ff9800'),
(73, 9, '오후 근무', '2025-04-14 13:00:00', '2025-04-14 21:00:00', '#5b76ff'),
(74, 10, '야간 근무', '2025-04-15 19:00:00', '2025-04-15 23:00:00', '#ff5b5b'),
(75, 11, '오전 근무', '2025-04-16 06:00:00', '2025-04-16 14:00:00', '#ff5b5b'),
(76, 12, '오후 근무', '2025-04-17 13:00:00', '2025-04-17 21:00:00', '#4caf50'),
(77, 13, '야간 근무', '2025-04-18 19:00:00', '2025-04-18 23:00:00', '#5b76ff'),
(78, 14, '오전 근무', '2025-04-19 06:00:00', '2025-04-19 14:00:00', '#ff9800'),
(79, 15, '오후 근무', '2025-04-20 13:00:00', '2025-04-20 21:00:00', '#ff9800'),
(80, 16, '야간 근무', '2025-04-21 19:00:00', '2025-04-21 23:00:00', '#9c27b0'),
(81, 17, '오전 근무', '2025-04-22 06:00:00', '2025-04-22 14:00:00', '#ff9800'),
(82, 18, '오후 근무', '2025-04-23 13:00:00', '2025-04-23 21:00:00', '#ff9800'),
(83, 19, '야간 근무', '2025-04-24 19:00:00', '2025-04-24 23:00:00', '#9c27b0'),
(84, 20, '오전 근무', '2025-04-25 06:00:00', '2025-04-25 14:00:00', '#ffc107'),
(85, 21, '오후 근무', '2025-04-26 13:00:00', '2025-04-26 21:00:00', '#ffc107'),
(86, 22, '야간 근무', '2025-04-27 19:00:00', '2025-04-27 23:00:00', '#03bd9e'),
(87, 23, '오전 근무', '2025-04-28 06:00:00', '2025-04-28 14:00:00', '#5b76ff'),
(88, 24, '오후 근무', '2025-04-29 13:00:00', '2025-04-29 21:00:00', '#ffc107'),
(89, 25, '야간 근무', '2025-04-30 19:00:00', '2025-04-30 23:00:00', '#9c27b0'),
(90, 26, '오전 근무', '2025-04-01 06:00:00', '2025-04-01 14:00:00', '#ff5b5b'),
(91, 27, '오후 근무', '2025-04-02 13:00:00', '2025-04-02 21:00:00', '#ff5b5b'),
(92, 28, '야간 근무', '2025-04-03 19:00:00', '2025-04-03 23:00:00', '#5b76ff'),
(93, 29, '오전 근무', '2025-04-04 06:00:00', '2025-04-04 14:00:00', '#4caf50'),
(94, 30, '오후 근무', '2025-04-05 13:00:00', '2025-04-05 21:00:00', '#ff5b5b'),
(95, 31, '야간 근무', '2025-04-06 19:00:00', '2025-04-06 23:00:00', '#03bd9e'),
(96, 32, '오전 근무', '2025-04-07 06:00:00', '2025-04-07 14:00:00', '#4caf50'),
(97, 33, '오후 근무', '2025-04-08 13:00:00', '2025-04-08 21:00:00', '#4caf50'),
(98, 34, '야간 근무', '2025-04-09 19:00:00', '2025-04-09 23:00:00', '#ffc107'),
(99, 35, '오전 근무', '2025-04-10 06:00:00', '2025-04-10 14:00:00', '#9c27b0'),
(100, 36, '오후 근무', '2025-04-11 13:00:00', '2025-04-11 21:00:00', '#5b76ff'),
(101, 37, '야간 근무', '2025-04-12 19:00:00', '2025-04-12 23:00:00', '#ffc107'),
(102, 38, '오전 근무', '2025-04-13 06:00:00', '2025-04-13 14:00:00', '#03bd9e'),
(103, 39, '오후 근무', '2025-04-14 13:00:00', '2025-04-14 21:00:00', '#9c27b0'),
(104, 40, '야간 근무', '2025-04-15 19:00:00', '2025-04-15 23:00:00', '#5b76ff'),
(105, 41, '오전 근무', '2025-04-16 06:00:00', '2025-04-16 14:00:00', '#ff9800'),
(106, 42, '오후 근무', '2025-04-17 13:00:00', '2025-04-17 21:00:00', '#ffc107'),
(107, 43, '야간 근무', '2025-04-18 19:00:00', '2025-04-18 23:00:00', '#4caf50'),
(108, 44, '오전 근무', '2025-04-19 06:00:00', '2025-04-19 14:00:00', '#9c27b0'),
(109, 45, '오후 근무', '2025-04-20 13:00:00', '2025-04-20 21:00:00', '#9c27b0'),
(110, 46, '야간 근무', '2025-04-21 19:00:00', '2025-04-21 23:00:00', '#ff9800'),
(111, 47, '오전 근무', '2025-04-22 06:00:00', '2025-04-22 14:00:00', '#4caf50'),
(112, 48, '오후 근무', '2025-04-23 13:00:00', '2025-04-23 21:00:00', '#5b76ff'),
(113, 49, '야간 근무', '2025-04-24 19:00:00', '2025-04-24 23:00:00', '#03bd9e'),
(114, 50, '오전 근무', '2025-04-25 06:00:00', '2025-04-25 14:00:00', '#03bd9e'),
(115, 51, '오후 근무', '2025-04-26 13:00:00', '2025-04-26 21:00:00', '#5b76ff'),
(116, 52, '야간 근무', '2025-04-27 19:00:00', '2025-04-27 23:00:00', '#9c27b0'),
(117, 53, '오전 근무', '2025-04-28 06:00:00', '2025-04-28 14:00:00', '#5b76ff'),
(118, 54, '오후 근무', '2025-04-29 13:00:00', '2025-04-29 21:00:00', '#ff5b5b'),
(119, 55, '야간 근무', '2025-04-30 19:00:00', '2025-04-30 23:00:00', '#9c27b0'),
(120, 56, '오전 근무', '2025-04-01 06:00:00', '2025-04-01 14:00:00', '#5b76ff'),
(121, 57, '오후 근무', '2025-04-02 13:00:00', '2025-04-02 21:00:00', '#4caf50'),
(122, 58, '야간 근무', '2025-04-03 19:00:00', '2025-04-03 23:00:00', '#4caf50'),
(123, 59, '오전 근무', '2025-04-04 06:00:00', '2025-04-04 14:00:00', '#ff5b5b'),
(124, 60, '오후 근무', '2025-04-05 13:00:00', '2025-04-05 21:00:00', '#9c27b0'),
(125, 61, '야간 근무', '2025-04-06 19:00:00', '2025-04-06 23:00:00', '#ff5b5b'),
(126, 62, '오전 근무', '2025-04-07 06:00:00', '2025-04-07 14:00:00', '#ff5b5b'),
(127, 63, '오후 근무', '2025-04-08 13:00:00', '2025-04-08 21:00:00', '#ffc107'),
(128, 64, '야간 근무', '2025-04-09 19:00:00', '2025-04-09 23:00:00', '#9c27b0'),
(129, 65, '오전 근무', '2025-04-10 06:00:00', '2025-04-10 14:00:00', '#5b76ff'),
(130, 1, '오후 근무', '2025-04-11 13:00:00', '2025-04-11 21:00:00', '#9c27b0'),
(131, 2, '야간 근무', '2025-04-12 19:00:00', '2025-04-12 23:00:00', '#5b76ff'),
(132, 3, '오전 근무', '2025-04-13 06:00:00', '2025-04-13 14:00:00', '#5b76ff'),
(133, 4, '오후 근무', '2025-04-14 13:00:00', '2025-04-14 21:00:00', '#03bd9e'),
(134, 5, '야간 근무', '2025-04-15 19:00:00', '2025-04-15 23:00:00', '#ffc107'),
(135, 6, '오전 근무', '2025-04-16 06:00:00', '2025-04-16 14:00:00', '#ff5b5b'),
(136, 7, '오후 근무', '2025-04-17 13:00:00', '2025-04-17 21:00:00', '#5b76ff'),
(137, 8, '야간 근무', '2025-04-18 19:00:00', '2025-04-18 23:00:00', '#03bd9e'),
(138, 9, '오전 근무', '2025-04-19 06:00:00', '2025-04-19 14:00:00', '#03bd9e'),
(139, 10, '오후 근무', '2025-04-20 13:00:00', '2025-04-20 21:00:00', '#03bd9e'),
(140, 11, '야간 근무', '2025-04-21 19:00:00', '2025-04-21 23:00:00', '#4caf50'),
(141, 12, '오전 근무', '2025-04-22 06:00:00', '2025-04-22 14:00:00', '#ff5b5b'),
(142, 13, '오후 근무', '2025-04-23 13:00:00', '2025-04-23 21:00:00', '#ffc107'),
(143, 14, '야간 근무', '2025-04-24 19:00:00', '2025-04-24 23:00:00', '#ff9800'),
(144, 15, '오전 근무', '2025-04-25 06:00:00', '2025-04-25 14:00:00', '#4caf50'),
(145, 16, '오후 근무', '2025-04-26 13:00:00', '2025-04-26 21:00:00', '#03bd9e'),
(146, 17, '야간 근무', '2025-04-27 19:00:00', '2025-04-27 23:00:00', '#ff9800'),
(147, 18, '오전 근무', '2025-04-28 06:00:00', '2025-04-28 14:00:00', '#ffc107'),
(148, 19, '오후 근무', '2025-04-29 13:00:00', '2025-04-29 21:00:00', '#9c27b0'),
(149, 20, '야간 근무', '2025-04-30 19:00:00', '2025-04-30 23:00:00', '#5b76ff'),
(150, 21, '오전 근무', '2025-04-01 06:00:00', '2025-04-01 14:00:00', '#4caf50'),
(151, 22, '오후 근무', '2025-04-02 13:00:00', '2025-04-02 21:00:00', '#9c27b0'),
(152, 23, '야간 근무', '2025-04-03 19:00:00', '2025-04-03 23:00:00', '#ffc107'),
(153, 24, '오전 근무', '2025-04-04 06:00:00', '2025-04-04 14:00:00', '#ff9800'),
(154, 25, '오후 근무', '2025-04-05 13:00:00', '2025-04-05 21:00:00', '#ff9800'),
(155, 26, '야간 근무', '2025-04-06 19:00:00', '2025-04-06 23:00:00', '#03bd9e'),
(156, 27, '오전 근무', '2025-04-07 06:00:00', '2025-04-07 14:00:00', '#9c27b0'),
(157, 28, '오후 근무', '2025-04-08 13:00:00', '2025-04-08 21:00:00', '#ff5b5b'),
(158, 29, '야간 근무', '2025-04-09 19:00:00', '2025-04-09 23:00:00', '#ff5b5b'),
(159, 30, '오전 근무', '2025-04-10 06:00:00', '2025-04-10 14:00:00', '#ff9800'),
(160, 31, '오후 근무', '2025-04-11 13:00:00', '2025-04-11 21:00:00', '#9c27b0'),
(161, 32, '야간 근무', '2025-04-12 19:00:00', '2025-04-12 23:00:00', '#ffc107'),
(162, 33, '오전 근무', '2025-04-13 06:00:00', '2025-04-13 14:00:00', '#9c27b0'),
(163, 34, '오후 근무', '2025-04-14 13:00:00', '2025-04-14 21:00:00', '#5b76ff'),
(164, 35, '야간 근무', '2025-04-15 19:00:00', '2025-04-15 23:00:00', '#9c27b0'),
(165, 36, '오전 근무', '2025-04-16 06:00:00', '2025-04-16 14:00:00', '#03bd9e');

-- 15. store_stock(재고 관리) 데이터

-- stock_status 정의

-- 1: 정상
-- 2: 유통기한 임박
-- 3: 유통기한 경과
-- 4: 재고부족
-- 5: 입고예정
-- 6: 폐기대기

INSERT INTO store_stock (stock_id, store_id, product_id, quantity, last_in_date, stock_status) VALUES
(1, 1, 37, 67, '2025-04-23 00:56:29', 1),
(2, 1, 29, 57, '2025-03-29 00:56:29', 3),
(3, 1, 21, 19, '2025-04-04 00:56:29', 1),
(4, 1, 36, 88, '2025-04-05 00:56:29', 5),
(5, 1, 10, 59, '2025-04-10 00:56:29', 5),
(6, 1, 38, 80, '2025-03-30 00:56:29', 7),
(7, 1, 5, 15, '2025-04-10 00:56:29', 5),
(8, 1, 16, 93, '2025-04-18 00:56:29', 3),
(9, 1, 15, 87, '2025-04-09 00:56:29', 5),
(10, 1, 35, 29, '2025-04-23 00:56:29', 4),
(11, 1, 34, 23, '2025-03-30 00:56:29', 3),
(12, 1, 26, 20, '2025-04-08 00:56:29', 7),
(13, 1, 9, 32, '2025-04-23 00:56:29', 2),
(14, 1, 19, 100, '2025-04-10 00:56:29', 4),
(15, 1, 2, 77, '2025-04-08 00:56:29', 5),
(16, 1, 12, 30, '2025-04-13 00:56:29', 3),
(17, 1, 17, 46, '2025-04-12 00:56:29', 4),
(18, 1, 3, 53, '2025-04-03 00:56:29', 5),
(19, 1, 28, 16, '2025-03-30 00:56:29', 7),
(20, 1, 30, 92, '2025-04-14 00:56:29', 1),
(21, 2, 22, 49, '2025-04-07 00:56:29', 4),
(22, 2, 7, 92, '2025-03-30 00:56:29', 3),
(23, 2, 36, 26, '2025-04-03 00:56:29', 7),
(24, 2, 25, 97, '2025-03-26 00:56:29', 5),
(25, 2, 19, 21, '2025-04-04 00:56:29', 7),
(26, 2, 17, 64, '2025-04-08 00:56:29', 3),
(27, 2, 10, 12, '2025-04-13 00:56:29', 3),
(28, 2, 11, 33, '2025-04-18 00:56:29', 3),
(29, 2, 3, 72, '2025-04-18 00:56:29', 2),
(30, 2, 34, 27, '2025-04-20 00:56:29', 1),
(31, 2, 38, 47, '2025-03-28 00:56:29', 1),
(32, 2, 5, 74, '2025-03-31 00:56:29', 5),
(33, 2, 12, 77, '2025-04-23 00:56:29', 7),
(34, 2, 32, 53, '2025-03-27 00:56:29', 5),
(35, 2, 21, 26, '2025-04-05 00:56:29', 4),
(36, 2, 23, 29, '2025-04-19 00:56:29', 2),
(37, 2, 28, 98, '2025-03-31 00:56:29', 5),
(38, 2, 13, 31, '2025-04-01 00:56:29', 4),
(39, 2, 27, 15, '2025-04-11 00:56:29', 3),
(40, 2, 30, 96, '2025-04-01 00:56:29', 2),
(41, 3, 29, 30, '2025-03-29 00:56:29', 2),
(42, 3, 19, 87, '2025-04-20 00:56:29', 3),
(43, 3, 38, 16, '2025-04-04 00:56:29', 4),
(44, 3, 15, 57, '2025-04-07 00:56:29', 1),
(45, 3, 16, 76, '2025-03-28 00:56:29', 1),
(46, 3, 20, 46, '2025-04-22 00:56:29', 2),
(47, 3, 31, 44, '2025-04-10 00:56:29', 5),
(48, 3, 36, 28, '2025-03-29 00:56:29', 4),
(49, 3, 27, 21, '2025-03-26 00:56:29', 2),
(50, 3, 7, 67, '2025-03-27 00:56:29', 3),
(51, 3, 12, 13, '2025-04-11 00:56:29', 1),
(52, 3, 22, 60, '2025-04-08 00:56:29', 3),
(53, 3, 37, 40, '2025-04-12 00:56:29', 1),
(54, 3, 35, 57, '2025-04-17 00:56:29', 1),
(55, 3, 25, 50, '2025-03-26 00:56:29', 1),
(56, 3, 10, 93, '2025-04-14 00:56:29', 2),
(57, 3, 13, 27, '2025-04-23 00:56:29', 3),
(58, 3, 17, 70, '2025-04-02 00:56:29', 2),
(59, 3, 21, 100, '2025-04-09 00:56:29', 4),
(60, 3, 14, 88, '2025-04-24 00:56:29', 1),
(61, 4, 2, 73, '2025-04-05 00:56:29', 5),
(62, 4, 17, 12, '2025-04-04 00:56:29', 5),
(63, 4, 14, 83, '2025-04-17 00:56:29', 7),
(64, 4, 10, 28, '2025-04-15 00:56:29', 4),
(65, 4, 34, 10, '2025-04-05 00:56:29', 3),
(66, 4, 28, 40, '2025-04-06 00:56:29', 4),
(67, 4, 8, 33, '2025-04-03 00:56:29', 7),
(68, 4, 25, 20, '2025-04-08 00:56:29', 3),
(69, 4, 35, 18, '2025-04-08 00:56:29', 5),
(70, 4, 32, 74, '2025-03-30 00:56:29', 5),
(71, 4, 30, 80, '2025-04-24 00:56:29', 4),
(72, 4, 4, 70, '2025-04-23 00:56:29', 7),
(73, 4, 38, 59, '2025-04-13 00:56:29', 3),
(74, 4, 29, 12, '2025-04-13 00:56:29', 1),
(75, 4, 36, 54, '2025-04-17 00:56:29', 7),
(76, 4, 21, 94, '2025-04-04 00:56:29', 1),
(77, 4, 20, 84, '2025-04-01 00:56:29', 3),
(78, 4, 15, 27, '2025-04-23 00:56:29', 3),
(79, 4, 3, 79, '2025-04-14 00:56:29', 7),
(80, 4, 27, 32, '2025-03-29 00:56:29', 7),
(81, 5, 30, 14, '2025-03-31 00:56:29', 7),
(82, 5, 31, 34, '2025-04-15 00:56:29', 3),
(83, 5, 12, 16, '2025-03-28 00:56:29', 7),
(84, 5, 9, 52, '2025-04-16 00:56:29', 1),
(85, 5, 5, 57, '2025-04-11 00:56:29', 4),
(86, 5, 38, 66, '2025-03-27 00:56:29', 4),
(87, 5, 3, 53, '2025-04-19 00:56:29', 4),
(88, 5, 10, 98, '2025-04-09 00:56:29', 3),
(89, 5, 7, 76, '2025-04-16 00:56:29', 1),
(90, 5, 2, 64, '2025-04-22 00:56:29', 4),
(91, 5, 26, 87, '2025-03-29 00:56:29', 2),
(92, 5, 33, 79, '2025-04-15 00:56:29', 3),
(93, 5, 29, 23, '2025-04-22 00:56:29', 3),
(94, 5, 11, 94, '2025-04-15 00:56:29', 3),
(95, 5, 37, 67, '2025-04-05 00:56:29', 7),
(96, 5, 17, 64, '2025-04-19 00:56:29', 7),
(97, 5, 13, 66, '2025-04-13 00:56:29', 4),
(98, 5, 18, 15, '2025-04-01 00:56:29', 3),
(99, 5, 16, 88, '2025-04-11 00:56:29', 3),
(100, 5, 35, 91, '2025-03-30 00:56:29', 1),
(101, 6, 5, 82, '2025-04-23 00:56:29', 5),
(102, 6, 26, 29, '2025-04-03 00:56:29', 4),
(103, 6, 24, 57, '2025-04-13 00:56:29', 4),
(104, 6, 33, 19, '2025-04-06 00:56:29', 2),
(105, 6, 11, 77, '2025-04-13 00:56:29', 4),
(106, 6, 2, 50, '2025-04-04 00:56:29', 3),
(107, 6, 10, 41, '2025-04-21 00:56:29', 1),
(108, 6, 28, 33, '2025-04-09 00:56:29', 5),
(109, 6, 20, 59, '2025-03-26 00:56:29', 5),
(110, 6, 22, 25, '2025-04-16 00:56:29', 3),
(111, 6, 37, 100, '2025-04-10 00:56:29', 2),
(112, 6, 15, 88, '2025-04-15 00:56:29', 7),
(113, 6, 35, 72, '2025-04-18 00:56:29', 1),
(114, 6, 38, 27, '2025-03-28 00:56:29', 1),
(115, 6, 3, 67, '2025-04-19 00:56:29', 7),
(116, 6, 8, 66, '2025-04-22 00:56:29', 7),
(117, 6, 21, 50, '2025-04-03 00:56:29', 3),
(118, 6, 12, 100, '2025-04-22 00:56:29', 5),
(119, 6, 29, 79, '2025-04-15 00:56:29', 3),
(120, 6, 13, 30, '2025-04-02 00:56:29', 7),
(121, 7, 12, 18, '2025-04-15 00:56:29', 4),
(122, 7, 24, 71, '2025-04-08 00:56:29', 4),
(123, 7, 33, 62, '2025-03-29 00:56:29', 5),
(124, 7, 15, 19, '2025-04-20 00:56:29', 3),
(125, 7, 8, 92, '2025-04-22 00:56:29', 4),
(126, 7, 13, 69, '2025-04-03 00:56:29', 5),
(127, 7, 9, 54, '2025-04-20 00:56:29', 5),
(128, 7, 34, 91, '2025-04-06 00:56:29', 2),
(129, 7, 26, 26, '2025-04-11 00:56:29', 5),
(130, 7, 16, 17, '2025-03-29 00:56:29', 1),
(131, 7, 1, 76, '2025-04-20 00:56:29', 3),
(132, 7, 38, 31, '2025-04-19 00:56:29', 3),
(133, 7, 18, 100, '2025-04-17 00:56:29', 3),
(134, 7, 19, 76, '2025-03-27 00:56:29', 3),
(135, 7, 27, 20, '2025-04-16 00:56:29', 2),
(136, 7, 35, 91, '2025-04-07 00:56:29', 3),
(137, 7, 30, 26, '2025-04-04 00:56:29', 3),
(138, 7, 5, 88, '2025-04-07 00:56:29', 1),
(139, 7, 20, 74, '2025-04-04 00:56:29', 2),
(140, 7, 3, 85, '2025-04-06 00:56:29', 2),
(141, 8, 11, 71, '2025-04-17 00:56:29', 7),
(142, 8, 22, 61, '2025-04-15 00:56:29', 4),
(143, 8, 3, 19, '2025-04-02 00:56:29', 1),
(144, 8, 2, 30, '2025-04-10 00:56:29', 4),
(145, 8, 6, 71, '2025-04-10 00:56:29', 2),
(146, 8, 36, 53, '2025-04-05 00:56:29', 2),
(147, 8, 17, 50, '2025-03-28 00:56:29', 7),
(148, 8, 21, 50, '2025-04-01 00:56:29', 3),
(149, 8, 7, 61, '2025-04-20 00:56:29', 3),
(150, 8, 25, 75, '2025-04-07 00:56:29', 1),
(151, 8, 19, 50, '2025-04-17 00:56:29', 4),
(152, 8, 14, 25, '2025-04-16 00:56:29', 4),
(153, 8, 20, 41, '2025-04-20 00:56:29', 1),
(154, 8, 31, 16, '2025-04-15 00:56:29', 4),
(155, 8, 1, 88, '2025-04-11 00:56:29', 2),
(156, 8, 16, 30, '2025-03-29 00:56:29', 3),
(157, 8, 29, 83, '2025-04-01 00:56:29', 3),
(158, 8, 18, 34, '2025-03-31 00:56:29', 2),
(159, 8, 10, 73, '2025-04-08 00:56:29', 4),
(160, 8, 26, 73, '2025-03-27 00:56:29', 3),
(161, 9, 32, 11, '2025-03-28 00:56:29', 1),
(162, 9, 2, 65, '2025-04-20 00:56:29', 3),
(163, 9, 6, 56, '2025-03-31 00:56:29', 4),
(164, 9, 26, 56, '2025-04-23 00:56:29', 4),
(165, 9, 33, 16, '2025-04-06 00:56:29', 5),
(166, 9, 30, 34, '2025-04-13 00:56:29', 5),
(167, 9, 16, 46, '2025-04-22 00:56:29', 4),
(168, 9, 7, 74, '2025-04-10 00:56:29', 5),
(169, 9, 19, 45, '2025-03-29 00:56:29', 5),
(170, 9, 12, 97, '2025-04-05 00:56:29', 1),
(171, 9, 37, 26, '2025-04-21 00:56:29', 4),
(172, 9, 28, 57, '2025-03-30 00:56:29', 3),
(173, 9, 10, 81, '2025-04-13 00:56:29', 2),
(174, 9, 38, 35, '2025-04-05 00:56:29', 5),
(175, 9, 20, 61, '2025-04-08 00:56:29', 1),
(176, 9, 21, 15, '2025-04-23 00:56:29', 2),
(177, 9, 22, 52, '2025-03-30 00:56:29', 4),
(178, 9, 25, 76, '2025-04-10 00:56:29', 2),
(179, 9, 35, 87, '2025-03-27 00:56:29', 5),
(180, 9, 18, 27, '2025-04-14 00:56:29', 5),
(181, 10, 21, 98, '2025-04-04 00:56:29', 1),
(182, 10, 11, 86, '2025-04-09 00:56:29', 3),
(183, 10, 26, 93, '2025-03-30 00:56:29', 5),
(184, 10, 20, 83, '2025-04-17 00:56:29', 7),
(185, 10, 22, 16, '2025-04-06 00:56:29', 4),
(186, 10, 33, 31, '2025-04-08 00:56:29', 7),
(187, 10, 32, 89, '2025-03-31 00:56:29', 4),
(188, 10, 23, 28, '2025-03-29 00:56:29', 7),
(189, 10, 19, 41, '2025-04-23 00:56:29', 5),
(190, 10, 10, 99, '2025-04-21 00:56:29', 2),
(191, 10, 16, 12, '2025-04-10 00:56:29', 3),
(192, 10, 27, 63, '2025-04-20 00:56:29', 4),
(193, 10, 1, 98, '2025-04-18 00:56:29', 4),
(194, 10, 12, 74, '2025-03-31 00:56:29', 5),
(195, 10, 37, 70, '2025-03-28 00:56:29', 7),
(196, 10, 34, 17, '2025-04-02 00:56:29', 2),
(197, 10, 4, 76, '2025-04-18 00:56:29', 5),
(198, 10, 14, 51, '2025-04-03 00:56:29', 4),
(199, 10, 30, 77, '2025-04-12 00:56:29', 3),
(200, 10, 29, 32, '2025-04-10 00:56:29', 5);

-- 16. purchase_order(발주) 데이터

-- order_status 정의

-- 1: 발주 완료
-- 2: 발주 취소
-- 3: 입고 대기
-- 4: 입고완료

INSERT INTO purchase_order (order_id, store_id, order_date, order_status, total_amount, total_quantity) VALUES
(1, 1, '2025-04-04 00:58:52', 2, 42912, 32),
(2, 1, '2025-03-17 00:58:52', 1, 28688, 22),
(3, 1, '2025-04-08 00:58:52', 2, 36540, 29),
(4, 2, '2025-02-24 00:58:52', 1, 34272, 28),
(5, 2, '2025-03-12 00:58:52', 2, 59409, 41),
(6, 2, '2025-03-26 00:58:52', 1, 61200, 45),
(7, 3, '2025-04-07 00:58:52', 3, 87952, 46),
(8, 3, '2025-04-01 00:58:52', 1, 35168, 32),
(9, 3, '2025-04-07 00:58:52', 4, 26908, 28),
(10, 4, '2025-04-03 00:58:52', 1, 46306, 26),
(11, 4, '2025-04-12 00:58:52', 2, 59620, 44),
(12, 4, '2025-02-25 00:58:52', 3, 29187, 27),
(13, 5, '2025-04-19 00:58:52', 3, 60630, 47),
(14, 5, '2025-04-10 00:58:52', 3, 54266, 43),
(15, 5, '2025-03-16 00:58:52', 2, 13065, 13),
(16, 6, '2025-03-30 00:58:52', 1, 40200, 40),
(17, 6, '2025-03-13 00:58:52', 3, 19270, 10),
(18, 6, '2025-02-25 00:58:52', 3, 63864, 36),
(19, 7, '2025-03-26 00:58:52', 2, 30536, 22),
(20, 7, '2025-04-05 00:58:52', 1, 12779, 13),
(21, 7, '2025-03-15 00:58:52', 2, 45480, 24),
(22, 8, '2025-03-09 00:58:52', 2, 13896, 12),
(23, 8, '2025-03-30 00:58:52', 3, 19356, 12),
(24, 8, '2025-03-06 00:58:52', 1, 29232, 21),
(25, 9, '2025-02-28 00:58:52', 4, 14110, 10),
(26, 9, '2025-03-20 00:58:52', 2, 23776, 16),
(27, 9, '2025-04-07 00:58:52', 1, 82412, 44),
(28, 10, '2025-03-25 00:58:52', 1, 73836, 42),
(29, 10, '2025-04-08 00:58:52', 1, 25109, 17),
(30, 10, '2025-04-15 00:58:52', 2, 51714, 39);

-- 17. purchase_order_item(발주 항목) 데이터
INSERT INTO purchase_order_item (
    item_id, order_id, product_id,
    order_quantity, unit_price, total_price,
    order_state, is_abnormal, is_fully_received,
    received_quantity, product_name
) VALUES
(1, 1, 1, 3, 1007, 3021, 1, 2, 0, 0, '삼각김밥 참치'),
(2, 1, 2, 5, 1014, 5070, 2, 0, 1, 5, '삼각김밥 불고기'),
(3, 1, 3, 7, 1021, 7147, 3, 1, 0, 0, '콜라 500ml'),
(4, 2, 4, 9, 1028, 9252, 4, 2, 1, 9, '사이다 500ml'),
(5, 2, 5, 11, 1035, 11385, 0, 0, 0, 0, '물티슈 60매'),
(6, 2, 6, 13, 1042, 13546, 1, 1, 1, 13, '포테이토칩 오리지널'),
(7, 2, 7, 15, 1049, 15735, 2, 2, 0, 0, '초코파이 12개입'),
(8, 3, 8, 17, 1056, 17952, 3, 0, 1, 17, '메로나'),
(9, 3, 9, 19, 1063, 20197, 4, 1, 0, 0, '비비빅'),
(10, 3, 10, 1, 1070, 1070, 0, 2, 1, 1, '참이슬 후레쉬 360ml'),
(11, 3, 11, 3, 1077, 3231, 1, 0, 0, 0, '요구르트 4입'),
(12, 4, 12, 5, 1084, 5420, 2, 1, 1, 5, '냉동만두 420g'),
(13, 4, 13, 7, 1091, 7637, 3, 2, 0, 0, '햄치즈 샌드위치'),
(14, 4, 14, 9, 1098, 9882, 4, 0, 1, 9, '김치볶음밥 도시락'),
(15, 4, 15, 11, 1105, 12155, 0, 1, 0, 0, '제육볶음 도시락'),
(16, 5, 16, 13, 1112, 14456, 1, 2, 1, 13, '아메리카노 250ml'),
(17, 5, 17, 15, 1119, 16785, 2, 0, 0, 0, '카페라떼 250ml'),
(18, 5, 18, 17, 1126, 19142, 3, 1, 1, 17, '녹차 500ml'),
(19, 5, 19, 19, 1133, 21527, 4, 2, 0, 0, '오렌지주스 500ml'),
(20, 6, 20, 1, 1140, 1140, 0, 0, 1, 1, '사과주스 500ml'),
(21, 6, 21, 3, 1147, 3441, 1, 1, 0, 0, '초코칩쿠키 8개입'),
(22, 6, 22, 5, 1154, 5770, 2, 2, 1, 5, '주방세제 500ml'),
(23, 6, 23, 7, 1161, 8127, 3, 0, 0, 0, '월드콘'),
(24, 7, 24, 9, 1168, 10512, 4, 1, 1, 9, '구구콘'),
(25, 7, 25, 11, 1175, 12925, 0, 2, 0, 0, '설레임'),
(26, 7, 26, 13, 1182, 15366, 1, 0, 1, 13, '쌍쌍바'),
(27, 7, 27, 15, 1189, 17835, 2, 1, 0, 0, '처음처럼'),
(28, 8, 28, 17, 1196, 20332, 3, 2, 1, 17, '진로'),
(29, 8, 29, 19, 1203, 22857, 4, 0, 0, 0, '카스'),
(30, 8, 30, 1, 1210, 1210, 0, 1, 1, 1, '하이트'),
(31, 8, 31, 3, 1217, 3651, 1, 2, 0, 0, '델몬트 오렌지'),
(32, 9, 32, 5, 1224, 6120, 2, 0, 1, 5, '델몬트 포도'),
(33, 9, 33, 7, 1231, 8617, 3, 1, 0, 0, '토마토주스'),
(34, 9, 34, 9, 1238, 11142, 4, 2, 1, 9, '당근주스'),
(35, 9, 35, 11, 1245, 13695, 0, 0, 0, 0, '코카콜라 제로'),
(36, 10, 36, 13, 1252, 16276, 1, 1, 1, 13, '펩시'),
(37, 10, 37, 15, 1259, 18885, 2, 2, 0, 0, '칠성사이다 제로'),
(38, 10, 38, 17, 1266, 21522, 3, 0, 1, 17, '스프라이트'),
(39, 10, 1, 19, 1273, 24187, 4, 1, 0, 0, '삼각김밥 참치'),
(40, 10, 2, 1, 1280, 1280, 0, 2, 1, 1, '삼각김밥 불고기'),
(41, 11, 3, 3, 1287, 3861, 1, 0, 0, 0, '콜라 500ml'),
(42, 11, 4, 5, 1294, 6470, 2, 1, 1, 5, '사이다 500ml'),
(43, 11, 5, 7, 1301, 9107, 3, 2, 0, 0, '물티슈 60매'),
(44, 11, 6, 9, 1308, 11772, 4, 0, 1, 9, '포테이토칩 오리지널'),
(45, 11, 7, 11, 1315, 14465, 0, 1, 0, 0, '초코파이 12개입'),
(46, 12, 8, 13, 1322, 17186, 1, 2, 1, 13, '메로나'),
(47, 12, 9, 15, 1329, 19935, 2, 0, 0, 0, '비비빅'),
(48, 12, 10, 17, 1336, 22712, 3, 1, 1, 17, '참이슬 후레쉬 360ml'),
(49, 12, 11, 19, 1343, 25517, 4, 2, 0, 0, '요구르트 4입'),
(50, 12, 12, 1, 1350, 1350, 0, 0, 1, 1, '냉동만두 420g'),
(51, 13, 13, 3, 1357, 4071, 1, 1, 0, 0, '햄치즈 샌드위치'),
(52, 13, 14, 5, 1364, 6820, 2, 2, 1, 5, '김치볶음밥 도시락'),
(53, 13, 15, 7, 1371, 9597, 3, 0, 0, 0, '제육볶음 도시락'),
(54, 13, 16, 9, 1378, 12402, 4, 1, 1, 9, '아메리카노 250ml'),
(55, 13, 17, 11, 1385, 15235, 0, 2, 0, 0, '카페라떼 250ml'),
(56, 14, 18, 13, 1392, 18096, 1, 0, 1, 13, '녹차 500ml'),
(57, 14, 19, 15, 1399, 20985, 2, 1, 0, 0, '오렌지주스 500ml'),
(58, 14, 20, 17, 1406, 23902, 3, 2, 1, 17, '사과주스 500ml'),
(59, 14, 21, 19, 1413, 26847, 4, 0, 0, 0, '초코칩쿠키 8개입'),
(60, 14, 22, 1, 1420, 1420, 0, 1, 1, 1, '주방세제 500ml'),
(61, 15, 23, 3, 1427, 4281, 1, 2, 0, 0, '월드콘'),
(62, 15, 24, 5, 1434, 7170, 2, 0, 1, 5, '구구콘'),
(63, 15, 25, 7, 1441, 10087, 3, 1, 0, 0, '설레임'),
(64, 15, 26, 9, 1448, 13032, 4, 2, 1, 9, '쌍쌍바'),
(65, 15, 27, 11, 1455, 16005, 0, 0, 0, 0, '처음처럼'),
(66, 16, 28, 13, 1462, 19006, 1, 1, 1, 13, '진로'),
(67, 16, 29, 15, 1469, 22035, 2, 2, 0, 0, '카스'),
(68, 16, 30, 17, 1476, 25092, 3, 0, 1, 17, '하이트'),
(69, 16, 31, 19, 1483, 28177, 4, 1, 0, 0, '델몬트 오렌지'),
(70, 16, 32, 1, 1490, 1490, 0, 2, 1, 1, '델몬트 포도'),
(71, 17, 33, 3, 1497, 4491, 1, 0, 0, 0, '토마토주스'),
(72, 17, 34, 5, 1504, 7520, 2, 1, 1, 5, '당근주스'),
(73, 17, 35, 7, 1511, 10577, 3, 2, 0, 0, '코카콜라 제로'),
(74, 17, 36, 9, 1518, 13662, 4, 0, 1, 9, '펩시'),
(75, 17, 37, 11, 1525, 16775, 0, 1, 0, 0, '칠성사이다 제로'),
(76, 18, 38, 13, 1532, 19916, 1, 2, 1, 13, '스프라이트'),
(77, 18, 1, 15, 1539, 23085, 2, 0, 0, 0, '삼각김밥 참치'),
(78, 18, 2, 17, 1546, 26282, 3, 1, 1, 17, '삼각김밥 불고기'),
(79, 18, 3, 19, 1553, 29507, 4, 2, 0, 0, '콜라 500ml'),
(80, 18, 4, 1, 1560, 1560, 0, 0, 1, 1, '사이다 500ml'),
(81, 19, 5, 3, 1567, 4701, 1, 1, 0, 0, '물티슈 60매'),
(82, 19, 6, 5, 1574, 7870, 2, 2, 1, 5, '포테이토칩 오리지널'),
(83, 19, 7, 7, 1581, 11067, 3, 0, 0, 0, '초코파이 12개입'),
(84, 19, 8, 9, 1588, 14292, 4, 1, 1, 9, '메로나'),
(85, 19, 9, 11, 1595, 17545, 0, 2, 0, 0, '비비빅'),
(86, 19, 10, 13, 1602, 20826, 1, 0, 1, 13, '참이슬 후레쉬 360ml'),
(87, 19, 11, 15, 1609, 24135, 2, 1, 0, 0, '요구르트 4입'),
(88, 19, 12, 17, 1616, 27472, 3, 2, 1, 17, '냉동만두 420g'),
(89, 23, 13, 19, 1623, 30837, 4, 0, 0, 0, '햄치즈 샌드위치'),
(90, 23, 14, 1, 1630, 1630, 0, 1, 1, 1, '김치볶음밥 도시락');


-- 18. stock_in_history(재고 기록) 데이터
-- history_status 정의

-- 1: 입고 대기
-- 2: 입고 완료
-- 3: 부분 입고
-- 4: 오입고
-- 5: 폐기
-- 6: 반품

INSERT INTO stock_in_history (history_id, store_id, part_timer_id, product_id, order_id, in_quantity, in_date, expire_date, history_status) VALUES
(1, 2, 4, 18, 8, 8, '2025-04-23 02:52:21', '2025-06-18', 6),
(2, 9, 12, 38, 14, 2, '2025-04-25 02:52:21', '2025-06-17', 2),
(3, 4, 65, 2, 18, 7, '2025-04-15 02:52:21', '2025-10-01', 4),
(4, 4, 58, 38, 9, 1, '2025-04-23 02:52:21', '2025-09-08', 3),
(5, 5, 20, 14, 25, 11, '2025-04-24 02:52:21', '2025-06-16', 4),
(6, 2, 46, 23, 20, 9, '2025-04-25 02:52:21', '2025-09-19', 5),
(7, 2, 49, 6, 18, 10, '2025-04-15 02:52:21', '2025-08-15', 5),
(8, 4, 9, 3, 22, 8, '2025-04-21 02:52:21', '2025-06-10', 2),
(9, 2, 49, 18, 15, 12, '2025-04-23 02:52:21', '2025-08-25', 3),
(10, 4, 35, 5, 20, 6, '2025-04-17 02:52:21', '2025-07-18', 2),
(11, 8, 49, 18, 30, 18, '2025-04-22 02:52:21', '2025-08-13', 1),
(12, 4, 5, 21, 13, 9, '2025-04-24 02:52:21', '2025-07-17', 5),
(13, 6, 28, 32, 13, 15, '2025-04-23 02:52:21', '2025-07-29', 2),
(14, 4, 34, 38, 14, 19, '2025-04-19 02:52:21', '2025-08-19', 2),
(15, 3, 64, 6, 25, 2, '2025-04-24 02:52:21', '2025-07-02', 6),
(16, 3, 55, 5, 13, 13, '2025-04-16 02:52:21', '2025-09-12', 5),
(17, 5, 2, 8, 22, 18, '2025-04-21 02:52:21', '2025-08-16', 1),
(18, 5, 56, 11, 15, 1, '2025-04-21 02:52:21', '2025-09-26', 2),
(19, 9, 14, 20, 27, 17, '2025-04-16 02:52:21', '2025-07-05', 2),
(20, 6, 21, 35, 25, 17, '2025-04-25 02:52:21', '2025-08-15', 4),
(21, 1, 15, 24, 29, 10, '2025-04-22 02:52:21', '2025-06-05', 2),
(22, 10, 11, 6, 24, 16, '2025-04-24 02:52:21', '2025-10-07', 2),
(23, 3, 61, 36, 6, 9, '2025-04-17 02:52:21', '2025-09-02', 2),
(24, 9, 26, 20, 13, 12, '2025-04-18 02:52:21', '2025-09-27', 4),
(25, 2, 32, 15, 3, 11, '2025-04-25 02:52:21', '2025-10-22', 5),
(26, 4, 29, 1, 3, 2, '2025-04-22 02:52:21', '2025-06-08', 1),
(27, 6, 10, 33, 8, 9, '2025-04-15 02:52:21', '2025-09-16', 2),
(28, 9, 17, 37, 19, 16, '2025-04-22 02:52:21', '2025-09-20', 4),
(29, 4, 13, 7, 22, 14, '2025-04-20 02:52:21', '2025-09-05', 4),
(30, 8, 7, 7, 2, 13, '2025-04-20 02:52:21', '2025-06-16', 2),
(31, 4, 25, 35, 15, 5, '2025-04-19 02:52:21', '2025-07-04', 3),
(32, 8, 32, 5, 15, 18, '2025-04-24 02:52:21', '2025-06-05', 6),
(33, 9, 2, 6, 30, 8, '2025-04-23 02:52:21', '2025-09-04', 4),
(34, 8, 28, 26, 29, 2, '2025-04-23 02:52:21', '2025-08-28', 1),
(35, 7, 34, 30, 10, 14, '2025-04-17 02:52:21', '2025-09-18', 2),
(36, 4, 38, 14, 2, 19, '2025-04-17 02:52:21', '2025-06-01', 6),
(37, 6, 8, 4, 19, 16, '2025-04-17 02:52:21', '2025-09-29', 2),
(38, 1, 11, 12, 3, 20, '2025-04-24 02:52:21', '2025-07-23', 4),
(39, 2, 32, 38, 20, 2, '2025-04-16 02:52:21', '2025-06-05', 4),
(40, 10, 41, 17, 7, 11, '2025-04-22 02:52:21', '2025-07-28', 4),
(41, 3, 39, 30, 11, 3, '2025-04-25 02:52:21', '2025-09-19', 5),
(42, 10, 13, 5, 18, 7, '2025-04-17 02:52:21', '2025-07-23', 2),
(43, 6, 9, 16, 12, 10, '2025-04-23 02:52:21', '2025-09-12', 5),
(44, 5, 2, 36, 10, 4, '2025-04-23 02:52:21', '2025-07-29', 1),
(45, 2, 20, 18, 10, 20, '2025-04-22 02:52:21', '2025-08-17', 2),
(46, 5, 65, 32, 9, 2, '2025-04-24 02:52:21', '2025-09-09', 3),
(47, 1, 1, 22, 25, 5, '2025-04-15 02:52:21', '2025-07-21', 2),
(48, 8, 55, 36, 1, 4, '2025-04-24 02:52:21', '2025-07-01', 5),
(49, 1, 48, 38, 18, 5, '2025-04-19 02:52:21', '2025-06-20', 1),
(50, 5, 47, 3, 29, 12, '2025-04-22 02:52:21', '2025-07-24', 6),
(51, 2, 46, 36, 29, 14, '2025-04-16 02:52:21', '2025-06-24', 2),
(52, 3, 23, 27, 1, 6, '2025-04-20 02:52:21', '2025-09-02', 6),
(53, 4, 35, 11, 26, 4, '2025-04-19 02:52:21', '2025-05-28', 4),
(54, 4, 26, 30, 12, 10, '2025-04-22 02:52:21', '2025-07-18', 1),
(55, 4, 52, 22, 9, 3, '2025-04-21 02:52:21', '2025-08-18', 6),
(56, 9, 52, 35, 11, 1, '2025-04-24 02:52:21', '2025-07-29', 2),
(57, 10, 34, 3, 4, 20, '2025-04-19 02:52:21', '2025-08-15', 6),
(58, 6, 56, 33, 4, 13, '2025-04-16 02:52:21', '2025-07-03', 3),
(59, 1, 56, 1, 17, 18, '2025-04-15 02:52:21', '2025-07-04', 3),
(60, 7, 9, 22, 20, 11, '2025-04-15 02:52:21', '2025-06-15', 6),
(61, 5, 65, 20, 22, 14, '2025-04-20 02:52:21', '2025-08-31', 6),
(62, 5, 17, 13, 14, 13, '2025-04-15 02:52:21', '2025-06-28', 5),
(63, 10, 39, 26, 18, 1, '2025-04-21 02:52:21', '2025-08-02', 2),
(64, 7, 42, 30, 15, 15, '2025-04-15 02:52:21', '2025-07-08', 5),
(65, 8, 22, 6, 10, 17, '2025-04-15 02:52:21', '2025-08-08', 1),
(66, 4, 40, 15, 26, 7, '2025-04-23 02:52:21', '2025-05-29', 1),
(67, 4, 61, 5, 15, 14, '2025-04-15 02:52:21', '2025-10-09', 2),
(68, 7, 64, 26, 8, 5, '2025-04-15 02:52:21', '2025-05-16', 1),
(69, 7, 29, 12, 26, 17, '2025-04-18 02:52:21', '2025-05-30', 5),
(70, 4, 16, 30, 5, 15, '2025-04-15 02:52:21', '2025-09-27', 5),
(71, 10, 41, 29, 20, 17, '2025-04-19 02:52:21', '2025-10-06', 4),
(72, 3, 61, 29, 9, 8, '2025-04-15 02:52:21', '2025-07-24', 5),
(73, 8, 31, 18, 15, 3, '2025-04-21 02:52:21', '2025-07-20', 3),
(74, 6, 41, 35, 3, 5, '2025-04-23 02:52:21', '2025-07-21', 4),
(75, 3, 28, 5, 14, 14, '2025-04-20 02:52:21', '2025-10-05', 4),
(76, 7, 8, 14, 27, 14, '2025-04-19 02:52:21', '2025-10-15', 6),
(77, 1, 49, 31, 1, 12, '2025-04-21 02:52:21', '2025-08-28', 4),
(78, 9, 29, 32, 8, 9, '2025-04-19 02:52:21', '2025-09-20', 1),
(79, 7, 44, 26, 24, 6, '2025-04-18 02:52:21', '2025-06-19', 5),
(80, 9, 4, 26, 19, 19, '2025-04-15 02:52:21', '2025-05-21', 1),
(81, 7, 18, 30, 6, 2, '2025-04-21 02:52:21', '2025-08-26', 3),
(82, 4, 59, 21, 11, 13, '2025-04-21 02:52:21', '2025-09-05', 3),
(83, 2, 61, 2, 24, 18, '2025-04-25 02:52:21', '2025-08-22', 2),
(84, 2, 6, 2, 8, 7, '2025-04-25 02:52:21', '2025-07-03', 2),
(85, 3, 61, 8, 19, 7, '2025-04-18 02:52:21', '2025-07-22', 3),
(86, 3, 15, 11, 10, 4, '2025-04-16 02:52:21', '2025-05-22', 3),
(87, 10, 49, 26, 23, 7, '2025-04-24 02:52:21', '2025-07-25', 1),
(88, 5, 16, 37, 26, 2, '2025-04-20 02:52:21', '2025-10-03', 4),
(89, 6, 9, 33, 21, 11, '2025-04-25 02:52:21', '2025-09-09', 4),
(90, 2, 56, 24, 21, 15, '2025-04-23 02:52:21', '2025-09-11', 2),
(91, 9, 35, 35, 25, 16, '2025-04-18 02:52:21', '2025-09-06', 6),
(92, 10, 35, 21, 28, 8, '2025-04-24 02:52:21', '2025-08-03', 4),
(93, 4, 60, 37, 20, 13, '2025-04-20 02:52:21', '2025-05-27', 4),
(94, 1, 38, 18, 20, 5, '2025-04-19 02:52:21', '2025-06-20', 1);


-- 19. disposal(폐기) 데이터
INSERT INTO disposal (disposal_id, stock_id, product_id, disposal_date, disposal_quantity, processed_by, total_loss_amount, disposal_reason, pro_name) VALUES
(1, 180, 18, '2025-04-16 01:20:32', 9, '최영일', 11601, '유통기한만료', '녹차 500ml'),
(2, 19, 28, '2025-04-24 01:20:32', 1, '김영호', 2172, '기타', '진로'),
(3, 92, 33, '2025-04-16 01:20:32', 9, '안채원', 26451, '유통기한만료', '토마토주스'),
(4, 129, 26, '2025-04-20 01:20:32', 4, '이종수', 10128, '보관불량', '쌍쌍바'),
(5, 28, 3, '2025-04-21 01:20:32', 7, '최혜진', 19978, '파손', '콜라 500ml'),
(6, 75, 36, '2025-04-22 01:20:32', 3, '박정수', 4356, '보관불량', '펩시'),
(7, 176, 21, '2025-04-21 01:20:32', 2, '이서준', 2742, '유통기한만료', '초코칩쿠키 8개입'),
(8, 78, 15, '2025-04-11 01:20:32', 9, '김서준', 17496, '유통기한만료', '제육볶음 도시락'),
(9, 156, 16, '2025-04-20 01:20:32', 2, '황성호', 3026, '유통기한만료', '아메리카노 250ml'),
(10, 23, 36, '2025-04-21 01:20:32', 10, '오예진', 19970, '보관불량', '펩시'),
(11, 73, 38, '2025-04-19 01:20:32', 3, '박미정', 7122, '파손', '스프라이트'),
(12, 113, 35, '2025-04-23 01:20:32', 5, '이준혁', 11340, '유통기한만료', '코카콜라 제로'),
(13, 98, 18, '2025-04-10 01:20:32', 4, '문시우', 6600, '기타', '녹차 500ml'),
(14, 102, 26, '2025-04-17 01:20:32', 6, '류재호', 13572, '보관불량', '쌍쌍바'),
(15, 170, 12, '2025-04-13 01:20:32', 10, '이은영', 13120, '보관불량', '냉동만두 420g'),
(16, 8, 16, '2025-04-12 01:20:32', 6, '박보람', 17778, '기타', '아메리카노 250ml'),
(17, 122, 24, '2025-04-22 01:20:32', 1, '이정호', 1641, '파손', '구구콘'),
(18, 41, 29, '2025-04-12 01:20:32', 4, '주지영', 9832, '기타', '카스'),
(19, 137, 30, '2025-04-20 01:20:32', 6, '이주원', 7650, '보관불량', '하이트'),
(20, 57, 13, '2025-04-10 01:20:32', 8, '남상철', 15576, '기타', '햄치즈 샌드위치'),
(21, 35, 21, '2025-04-19 01:20:32', 5, '김지연', 9985, '유통기한만료', '초코칩쿠키 8개입'),
(22, 101, 5, '2025-04-22 01:20:32', 10, '서진우', 11670, '보관불량', '물티슈 60매'),
(23, 140, 3, '2025-04-11 01:20:32', 3, '안준영', 8475, '파손', '콜라 500ml'),
(24, 76, 21, '2025-04-20 01:20:32', 2, '홍주원', 4978, '유통기한만료', '초코칩쿠키 8개입'),
(25, 163, 6, '2025-04-10 01:20:32', 1, '김수진', 2739, '유통기한만료', '포테이토칩 오리지널'),
(26, 37, 28, '2025-04-11 01:20:32', 10, '김승현', 21850, '기타', '진로'),
(27, 77, 20, '2025-04-12 01:20:32', 10, '박예준', 14350, '유통기한만료', '사과주스 500ml'),
(28, 166, 16, '2025-04-16 01:20:32', 5, '박현숙', 10565, '기타', '아메리카노 250ml'),
(29, 96, 17, '2025-04-14 01:20:32', 3, '이경희', 5247, '기타', '카페라떼 250ml'),
(30, 3, 21, '2025-04-21 01:20:32', 10, '한지원', 25010, '보관불량', '초코칩쿠키 8개입');


-- 본사 인사 더미 데이터

-- 20. department (부서) 데이터
INSERT INTO department (dept_id, dept_name) VALUES
(1, 'NON_STORE'),   -- 미승인점장
(2, 'NON_HQ'),      -- 미승인사원
(3, 'STORE'),       -- 점장
(4, 'HQ_HRM'),      -- 인사팀
(5, 'HQ_HRM_M'),    -- 인사팀장
(6, 'HQ_PRO'),      -- 상품팀
(7, 'HQ_PRO_M'),    -- 상품팅장
(8, 'HQ_BR'),       -- 지점관리팀
(9, 'HQ_BR_M'),     -- 지점관리팀장
(10, 'MASTER');     -- 관리자

-- 21. employee (사원) 데이터
INSERT INTO employee (emp_id, emp_role, store_id, depart_id, emp_name, emp_gender, emp_phone, emp_addr, emp_birth, login_id, login_pwd, emp_img, emp_bank, emp_acount, emp_status, hire_date, work_type, email_auth, emp_ext)
VALUES
-- 인사팀 (depart_id = 1)
(1, '본사', NULL, 4, '김인사', 1, '010-1000-0001', '서울특별시 강남구 테헤란로 123', '1990-01-01', 'kiminsa@coreerp.com', '$2b$12$aM72XpJ3m9oX6Z11pFFjq.34MRwZ6z//2epRMRemv89HsYQr35Epe', NULL, 1, '111-1111-1111', '1', '2023-01-01', 1, 1, NULL),
(2, '본사', NULL, 4, '박인사', 2, '010-1000-0002', '서울특별시 강남구 삼성로 45', '1991-02-02', 'parkinsa@coreerp.com', '$2b$12$aM72XpJ3m9oX6Z11pFFjq.34MRwZ6z//2epRMRemv89HsYQr35Epe', NULL, 2, '111-1111-1112', '1', '2023-01-02', 1, 1, NULL),
(3, '본사', NULL, 4, '이인사', 1, '010-1000-0003', '서울특별시 강남구 역삼로 99', '1992-03-03', 'leeinsa@coreerp.com', '$2b$12$aM72XpJ3m9oX6Z11pFFjq.34MRwZ6z//2epRMRemv89HsYQr35Epe', NULL, 3, '111-1111-1113', '1', '2023-01-03', 1, 1, NULL),
(4, '본사', NULL, 5, '정인사', 2, '010-1000-0004', '서울특별시 강남구 선릉로 333', '1993-04-04', 'junginsa@coreerp.com', '$2b$12$aM72XpJ3m9oX6Z11pFFjq.34MRwZ6z//2epRMRemv89HsYQr35Epe', NULL, 1, '111-1111-1114', '1', '2023-01-04', 1, 1, NULL),
(5, '본사', NULL, 5, '최인사', 1, '010-1000-0005', '서울특별시 강남구 논현로 58', '1994-05-05', 'choiinsa@coreerp.com', '$2b$12$aM72XpJ3m9oX6Z11pFFjq.34MRwZ6z//2epRMRemv89HsYQr35Epe', NULL, 2, '111-1111-1115', '1', '2023-01-05', 1, 1, NULL),

-- 상품관리팀 (depart_id = 2)
(6, '본사', NULL, 6, '김상품', 1, '010-2000-0001', '서울특별시 서초구 서초대로 11', '1990-06-01', 'kimproduct@coreerp.com', '$2b$12$aM72XpJ3m9oX6Z11pFFjq.34MRwZ6z//2epRMRemv89HsYQr35Epe', NULL, 2, '222-2222-2221', '1', '2023-02-01', 1, 1, NULL),
(7, '본사', NULL, 6, '박상품', 2, '010-2000-0002', '서울특별시 서초구 반포대로 222', '1991-07-02', 'parkproduct@coreerp.com', '$2b$12$aM72XpJ3m9oX6Z11pFFjq.34MRwZ6z//2epRMRemv89HsYQr35Epe', NULL, 3, '222-2222-2222', '1', '2023-02-02', 1, 1, NULL),
(8, '본사', NULL, 6, '이상품', 1, '010-2000-0003', '서울특별시 서초구 강남대로 321', '1992-08-03', 'leeproduct@coreerp.com', '$2b$12$aM72XpJ3m9oX6Z11pFFjq.34MRwZ6z//2epRMRemv89HsYQr35Epe', NULL, 1, '222-2222-2223', '1', '2023-02-03', 1, 1, NULL),
(9, '본사', NULL, 7, '정상품', 2, '010-2000-0004', '서울특별시 서초구 방배로 456', '1993-09-04', 'jungproduct@coreerp.com', '$2b$12$aM72XpJ3m9oX6Z11pFFjq.34MRwZ6z//2epRMRemv89HsYQr35Epe', NULL, 2, '222-2222-2224', '1', '2023-02-04', 1, 1, NULL),
(10, '본사', NULL, 7, '최상품', 1, '010-2000-0005', '서울특별시 서초구 남부순환로 789', '1994-10-05', 'choiproduct@coreerp.com', '$2b$12$aM72XpJ3m9oX6Z11pFFjq.34MRwZ6z//2epRMRemv89HsYQr35Epe', NULL, 3, '222-2222-2225', '1', '2023-02-05', 1, 1, NULL),

-- 지점관리팀 (depart_id = 3)
(11, '본사', NULL, 8, '김지점', 2, '010-3000-0001', '서울특별시 송파구 송파대로 88', '1990-11-01', 'kimbranch@coreerp.com', '$2b$12$aM72XpJ3m9oX6Z11pFFjq.34MRwZ6z//2epRMRemv89HsYQr35Epe', NULL, 1, '333-3333-3331', '1', '2023-03-01', 1, 1, NULL),
(12, '본사', NULL, 8, '박지점', 1, '010-3000-0002', '서울특별시 송파구 가락로 222', '1991-12-02', 'parkbranch@coreerp.com', '$2b$12$aM72XpJ3m9oX6Z11pFFjq.34MRwZ6z//2epRMRemv89HsYQr35Epe', NULL, 2, '333-3333-3332', '1', '2023-03-02', 1, 1, NULL),
(13, '본사', NULL, 8, '이지점', 2, '010-3000-0003', '서울특별시 송파구 문정로 303', '1992-01-03', 'leebranch@coreerp.com', '$2b$12$aM72XpJ3m9oX6Z11pFFjq.34MRwZ6z//2epRMRemv89HsYQr35Epe', NULL, 3, '333-3333-3333', '1', '2023-03-03', 1, 1, NULL),
(14, '본사', NULL, 9, '정지점', 1, '010-3000-0004', '서울특별시 송파구 오금로 404', '1993-02-04', 'jungbranch@coreerp.com', '$2b$12$aM72XpJ3m9oX6Z11pFFjq.34MRwZ6z//2epRMRemv89HsYQr35Epe', NULL, 1, '333-3333-3334', '1', '2023-03-04', 1, 1, NULL),
(15, '본사', NULL, 10, '최지점', 2, '010-3000-0005', '서울특별시 송파구 양재대로 505', '1994-03-05', '123', '$2b$12$SXuYim4p0ycxzphbUSAalulxo0bHWpJQGlsVfY/sufn02H/9tXyv6', NULL, 2, '333-3333-3335', '1', '2023-03-05', 1, 1, NULL),

-- 점주 (depart_id = 5)
(16, '점주', 1, 3, '이민서', 2, '062-664-7698', '서울시 종로구', '1983-11-11', '1234', '$2b$12$Pb5KVPSDtk3rbJC2L.tQ6O93rUbdBfJuSswpYC9dxCvTRCMtbR4S2', NULL, 1, '111-111-111111', '1', '2025-04-25', 3, 1, NULL),
(17, '점주', 2, 3, '박재현', 1, '055-689-0193', '서울시 종로구', '1984-12-12', 'owner2@coreerp.com', '$2b$12$Pb5KVPSDtk3rbJC2L.tQ6O93rUbdBfJuSswpYC9dxCvTRCMtbR4S2', NULL, 3, '222-222-222222', '1', '2025-04-25', 3, 1, NULL),
(18, '점주', 3, 3, '서정수', 2, '043-536-5108', '서울시 종로구', '1985-10-10', 'owner3@coreerp.com', '$2b$12$Pb5KVPSDtk3rbJC2L.tQ6O93rUbdBfJuSswpYC9dxCvTRCMtbR4S2', NULL, 2, '333-333-333333', '1', '2025-04-25', 3, 1, NULL),
(19, '점주', 4, 3, '김민준', 1, '054-142-2222', '서울시 강북구', '1986-08-08', 'owner4@coreerp.com', '$2b$12$Pb5KVPSDtk3rbJC2L.tQ6O93rUbdBfJuSswpYC9dxCvTRCMtbR4S2', NULL, 3, '444-444-444444', '1', '2025-04-25', 3, 1, NULL),
(20, '점주', 5, 3, '서순자', 2, '063-134-8388', '서울시 강북구', '1987-07-07', 'owner5@coreerp.com', '$2b$12$Pb5KVPSDtk3rbJC2L.tQ6O93rUbdBfJuSswpYC9dxCvTRCMtbR4S2', NULL, 1, '555-555-555555', '1', '2025-04-25', 3, 1, NULL),
(21, '점주', 6, 3, '정우영', 1, '010-7777-1234', '서울시 강북구', '1988-06-06', 'owner6@coreerp.com', '$2b$12$Pb5KVPSDtk3rbJC2L.tQ6O93rUbdBfJuSswpYC9dxCvTRCMtbR4S2', NULL, 3, '666-666-666666', '1', '2025-04-25', 3, 1, NULL),
(22, '점주', 7, 3, '문지윤', 2, '010-8888-2345', '서울시 강남구', '1989-05-05', 'owner7@coreerp.com', '$2b$12$Pb5KVPSDtk3rbJC2L.tQ6O93rUbdBfJuSswpYC9dxCvTRCMtbR4S2', NULL, 2, '777-777-777777', '1', '2025-04-25', 3, 1, NULL),
(23, '점주', 8, 3, '조예빈', 1, '010-9999-3456', '서울시 강남구', '1990-04-04', 'owner8@coreerp.com', '$2b$12$Pb5KVPSDtk3rbJC2L.tQ6O93rUbdBfJuSswpYC9dxCvTRCMtbR4S2', NULL, 3, '888-888-888888', '1', '2025-04-25', 3, 1, NULL),
(24, '점주', 9, 3, '한지현', 2, '010-0000-4567', '서울시 강남구', '1991-03-03', 'owner9@coreerp.com', '$2b$12$Pb5KVPSDtk3rbJC2L.tQ6O93rUbdBfJuSswpYC9dxCvTRCMtbR4S2', NULL, 1, '999-999-999999', '1', '2025-04-25', 3, 1, NULL),
(25, '점주', 10, 3, '노정훈', 1, '010-1234-5678', '서울시 강남구', '1992-02-02', 'owner10@coreerp.com', '$2b$12$Pb5KVPSDtk3rbJC2L.tQ6O93rUbdBfJuSswpYC9dxCvTRCMtbR4S2', NULL, 3, '000-000-000000', '1', '2025-04-25', 3, 1, NULL);

-- 22. annual_leave (연차) 데이터
INSERT INTO annual_leave (leave_id, emp_id, year, total_days, used_days, rem_days, uadate_at) VALUES
(1, 1, 2023, 15, 5, 10, '2025-04-30'),
(2, 2, 2023, 15, 3, 12, '2025-04-29'),
(3, 3, 2023, 15, 7, 8, '2025-04-28'),
(4, 4, 2023, 15, 2, 13, '2025-04-27'),
(5, 5, 2023, 15, 4, 11, '2025-04-26'),
(6, 6, 2023, 15, 6, 9, '2025-04-25'),
(7, 7, 2023, 15, 8, 7, '2025-04-24'),
(8, 8, 2023, 15, 1, 14, '2025-04-23'),
(9, 9, 2023, 15, 9, 6, '2025-04-22'),
(10, 10, 2023, 15, 0, 15, '2025-04-21'),
(11, 11, 2023, 15, 5, 10, '2025-04-20'),
(12, 12, 2023, 15, 3, 12, '2025-04-19'),
(13, 13, 2023, 15, 6, 9, '2025-04-18'),
(14, 14, 2023, 15, 4, 11, '2025-04-17'),
(15, 15, 2023, 15, 2, 13, '2025-04-16');

-- 23. leave_req (연차 신청) 데이터

-- req_status 정의

-- 1: 승인
-- 2: 반려
-- 3: 대기


INSERT INTO leave_req (req_id, emp_id, req_date, req_reason, req_status, created_at) VALUES
(1, 1, '2025-04-30', '연말 휴가', 1, '2025-04-30 10:00:00'),
(2, 2, '2025-04-29', '가족 행사', 2, '2025-04-29 11:00:00'),
(3, 3, '2025-04-28', '개인 사유', 3, '2025-04-28 09:00:00'),
(4, 4, '2025-04-27', '병원 방문', 1, '2025-04-27 14:00:00'),
(5, 5, '2025-04-26', '연말 정산', 2, '2025-04-26 16:00:00'),
(6, 6, '2025-04-25', '이사', 1, '2025-04-25 10:30:00'),
(7, 7, '2025-04-24', '신년 행사', 3, '2025-04-24 11:30:00'),
(8, 8, '2025-04-23', '개인 용무', 1, '2025-04-23 09:30:00'),
(9, 9, '2025-04-22', '휴식', 2, '2025-04-22 13:30:00'),
(10, 10, '2025-04-21', '가족 여행', 3, '2025-04-21 15:30:00'),
(11, 11, '2025-04-20', '운전면허 시험', 1, '2025-04-20 08:50:00'),
(12, 12, '2025-04-19', '자녀 돌봄', 2, '2025-04-19 13:10:00'),
(13, 13, '2025-04-18', '이직 준비', 3, '2025-04-18 10:40:00'),
(14, 14, '2025-04-17', '자기계발 세미나', 1, '2025-04-17 09:00:00'),
(15, 15, '2025-04-16', '팀워크 강화 활동', 2, '2025-04-16 14:20:00');

-- 24. appr_log (연차 결재 로그) 데이터

-- appr_status 정의
-- 1: 승인
-- 2: 반려
-- 3: 대기

INSERT INTO appr_log (log_id, req_id, emp_id, appr_status, appr_at, note) VALUES
(1, 1, 1, 1, '2025-04-30 11:00:00', '승인합니다'),
(2, 2, 2, 2, '2025-04-29 12:00:00', '인원 부족으로 반려'),
(3, 3, 3, 3, '2025-04-28 10:00:00', '검토중'),
(4, 4, 4, 1, '2025-04-27 15:00:00', '승인합니다'),
(5, 5, 5, 2, '2025-04-26 17:00:00', '업무 일정으로 반려'),
(6, 6, 6, 1, '2025-04-25 11:00:00', '승인합니다'),
(7, 7, 7, 3, '2025-04-24 12:00:00', '검토중'),
(8, 8, 8, 1, '2025-04-23 10:00:00', '승인합니다'),
(9, 9, 9, 2, '2025-04-22 14:00:00', '일정 중복으로 반려'),
(10, 10, 10, 3, '2025-04-21 16:00:00', '검토중'),
(11, 11, 11, 1, '2025-04-20 09:30:00', '승인 완료'),
(12, 12, 12, 2, '2025-04-19 13:45:00', '사유 미흡으로 반려'),
(13, 13, 13, 3, '2025-04-18 10:15:00', '검토중입니다'),
(14, 14, 14, 1, '2025-04-17 11:50:00', '승인합니다'),
(15, 15, 15, 2, '2025-04-16 15:20:00', '다른 요청 우선으로 반려');


-- 25. Salary (급여) 데이터

-- pay_status 정의
-- 1: 지급대기
-- 2: 지급완료

INSERT INTO Salary (salary_id, emp_id, calculated_at, base_salary, bonus, deduct_total, deduct_extra, net_salary, pay_date, pay_status) VALUES
(1, 1, '2023-11-30', 3000000, 300000, 300000, null, 3000000, '2023-12-05', 2),
(2, 2, '2023-11-30', 2800000, 280000, 280000, null, 2800000, '2023-12-05', 2),
(3, 3, '2023-11-30', 2600000, 260000, 260000, null, 2600000, '2023-12-05', 2),
(4, 4, '2023-11-30', 2400000, 240000, 240000, null, 2400000, '2023-12-05', 2),
(5, 5, '2023-11-30', 2200000, 220000, 220000, null, 2200000, '2023-12-05', 2),
(6, 6, '2023-11-30', 3200000, 320000, 320000, null, 3200000, '2023-12-05', 1),
(7, 7, '2023-11-30', 2900000, 290000, 290000, null, 2900000, '2023-12-05', 1),
(8, 8, '2023-11-30', 2700000, 270000, 270000, null, 2700000, '2023-12-05', 2),
(9, 9, '2023-11-30', 2500000, 250000, 250000, null, 2500000, '2023-12-05', 2),
(10, 10, '2023-11-30', 3500000, 350000, 350000, null, 3500000, '2023-12-05', 1);

INSERT INTO Salary (salary_id, emp_id, part_timer_id,store_id, calculated_at, base_salary, bonus, deduct_total, deduct_extra, net_salary, pay_date, pay_status) VALUES
(11, NULL, 1, 1, '2025-04-22', 1487274, 100000, 116900, 0, 1470374, '2025-04-22', 2),
(12, NULL, 2, 1, '2025-04-16', 1011106, 100000, 81310, 30000, 999796, '2025-04-20', 1),
(13, NULL, 3, 1, '2025-04-16', 1147189, 50000, 70869, 0, 1126320, '2025-04-21', 1),
(14, NULL, 4, 1, '2025-04-17', 1376224, 0, 78681, 20000, 1277543, '2025-04-24', 1),
(15, NULL, 5, 1, '2025-04-20', 1387380, 0, 55610, 30000, 1301770, '2025-04-24', 2),
(16, NULL, 6, 2, '2025-04-18', 1492489, 50000, 56086, 0, 1486403, '2025-04-20', 2),
(17, NULL, 7, 2, '2025-04-23', 1546699, 100000, 85847, 30000, 1530852, '2025-04-23', 1),
(18, NULL, 8, 2, '2025-04-18', 1396905, 50000, 127028, 30000, 1289877, '2025-04-25', 2),
(19, NULL, 9, 2, '2025-04-18', 1233726, 100000, 103194, 20000, 1210532, '2025-04-23', 1),
(20, NULL, 10, 2, '2025-04-17', 1006918, 100000, 68214, 20000, 1018704, '2025-04-24', 2),
(21, NULL, 11, 3, '2025-04-23', 1539535, 100000, 86806, 0, 1552729, '2025-04-24', 2),
(22, NULL, 12, 3, '2025-04-22', 1379818, 100000, 144018, 0, 1335800, '2025-04-20', 2),
(23, NULL, 13, 3, '2025-04-18', 1346265, 100000, 64855, 20000, 1361410, '2025-04-20', 1),
(24, NULL, 14, 3, '2025-04-17', 1220939, 100000, 71134, 30000, 1219805, '2025-04-22', 2),
(25, NULL, 15, 3, '2025-04-21', 1045240, 0, 125168, 30000, 890072, '2025-04-24', 2),
(26, NULL, 16, 4, '2025-04-16', 1041094, 100000, 69249, 0, 1071845, '2025-04-24', 1),
(27, NULL, 17, 4, '2025-04-22', 1541737, 50000, 128558, 30000, 1433179, '2025-04-20', 2),
(28, NULL, 18, 4, '2025-04-20', 1089913, 0, 108877, 30000, 951036, '2025-04-22', 1),
(29, NULL, 19, 4, '2025-04-22', 1230019, 50000, 128753, 0, 1151266, '2025-04-21', 2),
(30, NULL, 20, 4, '2025-04-15', 1535617, 50000, 71983, 30000, 1483634, '2025-04-20', 1),
(31, NULL, 21, 5, '2025-04-17', 1072187, 0, 99572, 20000, 952615, '2025-04-24', 2),
(32, NULL, 22, 5, '2025-04-24', 1212177, 100000, 116107, 30000, 1166070, '2025-04-22', 2),
(33, NULL, 23, 5, '2025-04-15', 1100976, 0, 112373, 30000, 958603, '2025-04-21', 2),
(34, NULL, 24, 5, '2025-04-16', 1527778, 0, 62214, 20000, 1445564, '2025-04-20', 2),
(35, NULL, 25, 5, '2025-04-15', 1565482, 0, 138940, 30000, 1396542, '2025-04-22', 1),
(36, NULL, 26, 6, '2025-04-19', 1045548, 100000, 119444, 20000, 1006104, '2025-04-24', 1),
(37, NULL, 27, 6, '2025-04-18', 1367544, 100000, 147175, 30000, 1290369, '2025-04-21', 2),
(38, NULL, 28, 6, '2025-04-18', 1140386, 50000, 112539, 0, 1077847, '2025-04-25', 1),
(39, NULL, 29, 6, '2025-04-15', 1570143, 50000, 83791, 0, 1536352, '2025-04-25', 2),
(40, NULL, 30, 6, '2025-04-15', 1547923, 0, 118126, 0, 1429797, '2025-04-22', 2),
(41, NULL, 31, 7, '2025-04-19', 1428705, 50000, 63970, 0, 1414735, '2025-04-22', 1),
(42, NULL, 32, 7, '2025-04-20', 1562146, 50000, 124012, 20000, 1468134, '2025-04-21', 1),
(43, NULL, 33, 7, '2025-04-18', 1213588, 50000, 122365, 30000, 1111223, '2025-04-22', 2),
(44, NULL, 34, 7, '2025-04-19', 1586252, 100000, 113407, 20000, 1552845, '2025-04-23', 1),
(45, NULL, 35, 7, '2025-04-18', 1144775, 100000, 65608, 30000, 1149167, '2025-04-24', 1),
(46, NULL, 36, 8, '2025-04-22', 1105149, 0, 116629, 20000, 968520, '2025-04-23', 2),
(47, NULL, 37, 8, '2025-04-22', 1408004, 100000, 50693, 0, 1457311, '2025-04-24', 1),
(48, NULL, 38, 8, '2025-04-15', 1456526, 0, 58399, 20000, 1378127, '2025-04-24', 1),
(49, NULL, 39, 8, '2025-04-23', 1039589, 100000, 100374, 20000, 1019215, '2025-04-21', 1),
(50, NULL, 40, 8, '2025-04-15', 1060254, 0, 133924, 20000, 906330, '2025-04-22', 2),
(51, NULL, 41, 9, '2025-04-21', 1543323, 50000, 75525, 0, 1517798, '2025-04-21', 2),
(52, NULL, 42, 9, '2025-04-15', 1177715, 100000, 54726, 20000, 1202989, '2025-04-24', 2),
(53, NULL, 43, 9, '2025-04-22', 1091061, 50000, 102354, 20000, 1018707, '2025-04-20', 1),
(54, NULL, 44, 9, '2025-04-18', 1210040, 100000, 52014, 30000, 1228026, '2025-04-20', 2),
(55, NULL, 45, 9, '2025-04-23', 1576289, 50000, 145176, 30000, 1451113, '2025-04-21', 1),
(56, NULL, 46, 10, '2025-04-19', 1289939, 0, 129477, 0, 1160462, '2025-04-22', 1),
(57, NULL, 47, 10, '2025-04-15', 1004877, 50000, 72942, 20000, 961935, '2025-04-21', 2),
(58, NULL, 48, 10, '2025-04-16', 1075902, 100000, 88568, 20000, 1067334, '2025-04-25', 1),
(59, NULL, 49, 10, '2025-04-16', 1262292, 100000, 108034, 20000, 1234258, '2025-04-21', 1),
(60, NULL, 50, 10, '2025-04-21', 1356160, 50000, 139337, 20000, 1246823, '2025-04-21', 2);

-- emp_id 1
INSERT INTO Salary (salary_id, emp_id, calculated_at, base_salary, bonus, deduct_total, deduct_extra, net_salary, pay_date, pay_status) VALUES
                                                                                                                                            (61, 1, '2023-10-30', 3100000, 310000, 310000, null, 3100000, '2023-11-05', 2),
                                                                                                                                            (62, 1, '2023-11-30', 3150000, 315000, 315000, null, 3150000, '2023-12-05', 2),
                                                                                                                                            (63, 1, '2023-12-30', 3200000, 320000, 320000, null, 3200000, '2024-01-05', 2),
                                                                                                                                            (64, 1, '2024-01-30', 3250000, 325000, 325000, null, 3250000, '2024-02-05', 2),
                                                                                                                                            (65, 1, '2024-02-29', 3300000, 330000, 330000, null, 3300000, '2024-03-05', 2),
                                                                                                                                            (66, 1, '2024-03-30', 3350000, 335000, 335000, null, 3350000, '2024-04-05', 1);

-- emp_id 2
INSERT INTO Salary (salary_id, emp_id, calculated_at, base_salary, bonus, deduct_total, deduct_extra, net_salary, pay_date, pay_status) VALUES
                                                                                                                                            (67, 2, '2023-10-30', 2800000, 280000, 280000, null, 2800000, '2023-11-05', 2),
                                                                                                                                            (68, 2, '2023-11-30', 2850000, 285000, 285000, null, 2850000, '2023-12-05', 2),
                                                                                                                                            (69, 2, '2023-12-30', 2900000, 290000, 290000, null, 2900000, '2024-01-05', 2),
                                                                                                                                            (70, 2, '2024-01-30', 2950000, 295000, 295000, null, 2950000, '2024-02-05', 2),
                                                                                                                                            (71, 2, '2024-02-29', 3000000, 300000, 300000, null, 3000000, '2024-03-05', 2),
                                                                                                                                            (72, 2, '2024-03-30', 3050000, 305000, 305000, null, 3050000, '2024-04-05', 2);

-- emp_id 3
INSERT INTO Salary (salary_id, emp_id, calculated_at, base_salary, bonus, deduct_total, deduct_extra, net_salary, pay_date, pay_status) VALUES
                                                                                                                                            (73, 3, '2023-10-30', 2600000, 260000, 260000, null, 2600000, '2023-11-05', 2),
                                                                                                                                            (74, 3, '2023-11-30', 2650000, 265000, 265000, null, 2650000, '2023-12-05', 2),
                                                                                                                                            (75, 3, '2023-12-30', 2700000, 270000, 270000, null, 2700000, '2024-01-05', 2),
                                                                                                                                            (76, 3, '2024-01-30', 2750000, 275000, 275000, null, 2750000, '2024-02-05', 2),
                                                                                                                                            (77, 3, '2024-02-29', 2800000, 280000, 280000, null, 2800000, '2024-03-05', 2),
                                                                                                                                            (78, 3, '2024-03-30', 2850000, 285000, 285000, null, 2850000, '2024-04-05', 1);

-- emp_id 4
INSERT INTO Salary (salary_id, emp_id, calculated_at, base_salary, bonus, deduct_total, deduct_extra, net_salary, pay_date, pay_status) VALUES
                                                                                                                                            (79, 4, '2023-10-30', 2400000, 240000, 240000, null, 2400000, '2023-11-05', 2),
                                                                                                                                            (80, 4, '2023-11-30', 2450000, 245000, 245000, null, 2450000, '2023-12-05', 2),
                                                                                                                                            (81, 4, '2023-12-30', 2500000, 250000, 250000, null, 2500000, '2024-01-05', 2),
                                                                                                                                            (82, 4, '2024-01-30', 2550000, 255000, 255000, null, 2550000, '2024-02-05', 2),
                                                                                                                                            (83, 4, '2024-02-29', 2600000, 260000, 260000, null, 2600000, '2024-03-05', 2),
                                                                                                                                            (84, 4, '2024-03-30', 2650000, 265000, 265000, null, 2650000, '2024-04-05', 2);

-- emp_id 5
INSERT INTO Salary (salary_id, emp_id, calculated_at, base_salary, bonus, deduct_total, deduct_extra, net_salary, pay_date, pay_status) VALUES
                                                                                                                                            (85, 5, '2023-10-30', 2200000, 220000, 220000, null, 2200000, '2023-11-05', 2),
                                                                                                                                            (86, 5, '2023-11-30', 2250000, 225000, 225000, null, 2250000, '2023-12-05', 2),
                                                                                                                                            (87, 5, '2023-12-30', 2300000, 230000, 230000, null, 2300000, '2024-01-05', 2),
                                                                                                                                            (88, 5, '2024-01-30', 2350000, 235000, 235000, null, 2350000, '2024-02-05', 2),
                                                                                                                                            (89, 5, '2024-02-29', 2400000, 240000, 240000, null, 2400000, '2024-03-05', 2),
                                                                                                                                            (90, 5, '2024-03-30', 2450000, 245000, 245000, null, 2450000, '2024-04-05', 2);

-- emp_id 6
INSERT INTO Salary (salary_id, emp_id, calculated_at, base_salary, bonus, deduct_total, deduct_extra, net_salary, pay_date, pay_status) VALUES
                                                                                                                                            (91, 6, '2023-10-30', 3200000, 320000, 320000, null, 3200000, '2023-11-05', 2),
                                                                                                                                            (92, 6, '2023-11-30', 3250000, 325000, 325000, null, 3250000, '2023-12-05', 2),
                                                                                                                                            (93, 6, '2023-12-30', 3300000, 330000, 330000, null, 3300000, '2024-01-05', 2),
                                                                                                                                            (94, 6, '2024-01-30', 3350000, 335000, 335000, null, 3350000, '2024-02-05', 2),
                                                                                                                                            (95, 6, '2024-02-29', 3400000, 340000, 340000, null, 3400000, '2024-03-05', 2),
                                                                                                                                            (96, 6, '2024-03-30', 3450000, 345000, 345000, null, 3450000, '2024-04-05', 1);

-- emp_id 7
INSERT INTO Salary (salary_id, emp_id, calculated_at, base_salary, bonus, deduct_total, deduct_extra, net_salary, pay_date, pay_status) VALUES
                                                                                                                                            (97, 7, '2023-10-30', 2900000, 290000, 290000, null, 2900000, '2023-11-05', 2),
                                                                                                                                            (98, 7, '2023-11-30', 2950000, 295000, 295000, null, 2950000, '2023-12-05', 2),
                                                                                                                                            (99, 7, '2023-12-30', 3000000, 300000, 300000, null, 3000000, '2024-01-05', 2),
                                                                                                                                            (100, 7, '2024-01-30', 3050000, 305000, 305000, null, 3050000, '2024-02-05', 2),
                                                                                                                                            (101, 7, '2024-02-29', 3100000, 310000, 310000, null, 3100000, '2024-03-05', 2),
                                                                                                                                            (102, 7, '2024-03-30', 3150000, 315000, 315000, null, 3150000, '2024-04-05', 2);

-- emp_id 8
INSERT INTO Salary (salary_id, emp_id, calculated_at, base_salary, bonus, deduct_total, deduct_extra, net_salary, pay_date, pay_status) VALUES
                                                                                                                                            (103, 8, '2023-10-30', 2700000, 270000, 270000, null, 2700000, '2023-11-05', 2),
                                                                                                                                            (104, 8, '2023-11-30', 2750000, 275000, 275000, null, 2750000, '2023-12-05', 2),
                                                                                                                                            (105, 8, '2023-12-30', 2800000, 280000, 280000, null, 2800000, '2024-01-05', 2),
                                                                                                                                            (106, 8, '2024-01-30', 2850000, 285000, 285000, null, 2850000, '2024-02-05', 2),
                                                                                                                                            (107, 8, '2024-02-29', 2900000, 290000, 290000, null, 2900000, '2024-03-05', 2),
                                                                                                                                            (108, 8, '2024-03-30', 2950000, 295000, 295000, null, 2950000, '2024-04-05', 1);

-- emp_id 9
INSERT INTO Salary (salary_id, emp_id, calculated_at, base_salary, bonus, deduct_total, deduct_extra, net_salary, pay_date, pay_status) VALUES
                                                                                                                                            (109, 9, '2023-10-30', 2500000, 250000, 250000, null, 2500000, '2023-11-05', 2),
                                                                                                                                            (110, 9, '2023-11-30', 2550000, 255000, 255000, null, 2550000, '2023-12-05', 2),
                                                                                                                                            (111, 9, '2023-12-30', 2600000, 260000, 260000, null, 2600000, '2024-01-05', 2),
                                                                                                                                            (112, 9, '2024-01-30', 2650000, 265000, 265000, null, 2650000, '2024-02-05', 2),
                                                                                                                                            (113, 9, '2024-02-29', 2700000, 270000, 270000, null, 2700000, '2024-03-05', 2),
                                                                                                                                            (114, 9, '2024-03-30', 2750000, 275000, 275000, null, 2750000, '2024-04-05', 2);

-- emp_id 10
INSERT INTO Salary (salary_id, emp_id, calculated_at, base_salary, bonus, deduct_total, deduct_extra, net_salary, pay_date, pay_status) VALUES
                                                                                                                                            (115, 10, '2023-10-30', 3500000, 350000, 350000, null, 3500000, '2023-11-05', 2),
                                                                                                                                            (116, 10, '2023-11-30', 3550000, 355000, 355000, null, 3550000, '2023-12-05', 2),
                                                                                                                                            (117, 10, '2023-12-30', 3600000, 360000, 360000, null, 3600000, '2024-01-05', 2),
                                                                                                                                            (118, 10, '2024-01-30', 3650000, 365000, 365000, null, 3650000, '2024-02-05', 2),
                                                                                                                                            (119, 10, '2024-02-29', 3700000, 370000, 370000, null, 3700000, '2024-03-05', 2),
                                                                                                                                            (120, 10, '2024-03-30', 3750000, 375000, 375000, null, 3750000, '2024-04-05', 1);

-- 26. attendance (근태 기록) 데이터

-- attend_status 정의
-- 1: 출근
-- 2: 지각
-- 3: 조퇴
-- 4: 결근
-- 5: 연차
-- 6: 병가


INSERT INTO attendance (attend_id, emp_id, work_date, leave_id, in_time, out_time, attend_status) VALUES
(1, 1,'2023-12-01', NULL, '2023-12-01 09:00:00', '2023-12-01 18:00:00', 1),
(2, 2, '2023-12-01', NULL, '2023-12-01 09:30:00', '2023-12-01 18:00:00', 2),
(3, 3, '2023-12-01', NULL, '2023-12-01 09:00:00', '2023-12-01 17:30:00', 3),
(4, 4, '2023-12-01', NULL, '2023-12-01 09:00:00', '2023-12-01 18:00:00', 1),
(5, 5, '2023-12-01', NULL, '2023-12-01 00:00:00', '2023-12-01 00:00:00', 4),
(6, 6, '2023-12-02', NULL, '2023-12-02 09:00:00', '2023-12-02 18:00:00', 1),
(7, 7, '2023-12-02', NULL, '2023-12-02 00:00:00', '2023-12-02 00:00:00', 5),
(8, 8, '2023-12-02', NULL, '2023-12-02 09:00:00', '2023-12-02 18:00:00', 1),
(9, 9, '2023-12-02', NULL, '2023-12-02 00:00:00', '2023-12-02 00:00:00', 6),
(10, 10, '2023-12-02', NULL, '2023-12-02 09:00:00', '2023-12-02 18:00:00', 1);

INSERT INTO attendance (attend_id, emp_id,store_id, part_timer_id, work_date, leave_id, in_time, out_time, attend_status) VALUES
(11, NULL, 1,1, '2024-04-01 08:00:00', NULL, '2024-04-01 08:00:00', '2024-04-01 14:00:00', 1),
(12, NULL, 2,2, '2024-04-01 10:00:00', NULL, '2024-04-01 10:00:00', '2024-04-01 16:00:00', 1),
(13, NULL, 3,3, '2024-04-01 12:00:00', NULL, '2024-04-01 12:00:00', '2024-04-01 18:00:00', 1),
(14, NULL, 2,4, '2024-04-01 14:00:00', NULL, '2024-04-01 14:00:00', '2024-04-01 20:00:00', 2),
(15, NULL, 1,5, '2024-04-01 16:00:00', NULL, '2024-04-01 16:00:00', '2024-04-01 22:00:00', 3);

-- 게시판 관련 더미 데이터

-- board_type 코드 정의:
-- 1: 공지사항 (본사→점주)
-- 2: 건의사항 (점주→본사, 큰 규모의 개선 요청)
-- 3: 점포문의 (점주→본사, 긴급하거나 작은 문제)



-- 27. tbl_board_posts(게시글) 데이터
INSERT INTO `tbl_board_posts` (`post_id`, `emp_id`, `board_type`, `board_title`, `board_content`, `board_created_at`) VALUES
-- 공지사항 (board_type = 1)
(1, 1, 1, '2024년 2분기 신상품 출시 안내', '안녕하세요. 2024년 2분기 신규 상품 10종이 출시되었습니다. 첨부된 가이드라인에 따라 매장 진열을 변경해주시기 바랍니다.', '2024-04-01 09:30:00'),
(2, 1, 1, '하절기 위생 관리 지침 안내', '식품 안전을 위한 하절기 위생 관리 지침이 개정되었습니다. 모든 점포는 변경된 지침에 따라 냉장/냉동 상품 관리에 각별히 주의해주시기 바랍니다.', '2024-05-15 11:00:00'),
(3, 2, 1, '시스템 정기 점검 일정 안내', '2024년 6월 2일 새벽 2시부터 4시까지 POS 시스템 정기 점검이 있을 예정입니다. 해당 시간에는 시스템 사용이 제한되오니 업무에 참고하시기 바랍니다.', '2024-05-28 14:15:00'),
(4, 2, 1, '여름 휴가철 영업시간 조정 안내', '7월 중순부터 8월 말까지 휴가철 특별 영업시간을 적용할 수 있습니다. 영업시간 조정을 원하시는 점포는 6월 20일까지 지역 담당자에게 신청해주세요.', '2024-06-05 10:45:00'),
(5, 3, 1, '2024년 추석 상품 예약 판매 안내', '2024년 추석 선물세트 예약 판매가 7월 15일부터 시작됩니다. 예약 주문 접수 방법과 정산 절차는 첨부된 매뉴얼을 참고해주세요.', '2024-06-20 09:00:00'),

-- 건의사항 (board_type = 2, 규모가 큰 건의)
(6, 4, 2, '강남점 인테리어 리모델링 요청', '강남점 인테리어가 5년 이상 경과하여 노후화가 심각합니다. 고객 만족도 향상을 위해 내년 1분기 중 리모델링을 요청드립니다.', '2024-04-10 16:20:00'),
(7, 5, 2, '재고 관리 시스템 개선 요청', '현재 사용 중인 재고 관리 시스템의 바코드 인식률이 저하되어 업무 효율성이 떨어지고 있습니다. 바코드 리더기 업그레이드 또는 시스템 개선을 건의합니다.', '2024-04-22 13:50:00'),
(8, 6, 2, '홍대점 주차장 확장 제안', '주차 공간 부족으로 고객 불만이 증가하고 있습니다. 인근 건물 주차장과의 제휴 또는 주차 공간 확보 방안을 검토해주시기 바랍니다.', '2024-05-03 11:30:00'),
(9, 4, 2, '직원 휴게 공간 개선 요청', '현재 직원 휴게실이 너무 협소하여 교대 근무자들이 적절한 휴식을 취하기 어렵습니다. 휴게 공간 확장 또는 시설 개선을 요청드립니다.', '2024-05-18 17:45:00'),
(10, 7, 2, '친환경 포장재 도입 제안', '일회용 비닐봉투 사용을 줄이기 위해 친환경 종이봉투 및 재사용 가능한 쇼핑백 도입을 제안합니다. 초기 비용은 발생하나 장기적으로 환경 보호와 브랜드 이미지 향상에 기여할 것입니다.', '2024-06-01 14:10:00'),

-- 점포문의 (board_type = 3, 긴급하거나 빠른 처리가 필요한 문의)
(11, 5, 3, '냉장고 고장으로 긴급 수리 요청', '2번 냉장고가 갑자기 작동을 멈춰 냉장 상품이 손상될 위험이 있습니다. 긴급 수리 기사 파견을 요청드립니다.', '2024-04-05 08:15:00'),
(12, 6, 3, 'POS 시스템 결제 오류 발생', '오늘 오전부터 POS 시스템에서 신용카드 결제 시 간헐적으로 오류가 발생하고 있습니다. 빠른 확인 및 조치 부탁드립니다.', '2024-04-18 10:30:00'),
(13, 7, 3, '와이파이 접속 불량 문의', '매장 내 와이파이 접속이 불안정하여 고객 불만이 제기되고 있습니다. 네트워크 장비 점검 및 조치 요청드립니다.', '2024-05-02 13:25:00'),
(14, 8, 3, '보안 카메라 고장 신고', '매장 입구 보안 카메라가 작동하지 않습니다. 보안 문제가 우려되니 빠른 수리 또는 교체 부탁드립니다.', '2024-05-20 09:50:00'),
(15, 9, 3, '전기 누전 의심 신고', '창고 구역에서 전기 누전이 의심되는 상황이 발생했습니다. 안전을 위해 긴급 전기 안전 점검을 요청합니다.', '2024-06-10 16:40:00');

-- 28. tbl_board_comments(댓글/답변) 데이터
INSERT INTO `tbl_board_comments` (`comment_id`, `post_id`, `com_content`, `com_created_at`) VALUES
-- 공지사항에 대한 답변/댓글
(1, 1, '신상품 가이드라인 확인했습니다. 진열 변경은 언제까지 완료해야 하나요?', '2024-04-01 11:20:00'),
(2, 1, '4월 5일까지 진열 변경을 완료해주시기 바랍니다. 문의사항은 담당MD에게 연락 바랍니다.', '2024-04-01 13:45:00'),
(3, 3, '시스템 점검 일정 확인했습니다. 해당 시간 이후 장애 발생 시 비상연락처를 공유해주세요.', '2024-05-28 15:30:00'),
(4, 3, '시스템 비상연락처는 02-555-7890입니다. 매뉴얼에도 업데이트 하겠습니다.', '2024-05-28 16:05:00'),

-- 건의사항에 대한 답변
(5, 6, '강남점 리모델링 요청 검토 중입니다. 현장 실사를 위해 다음 주 중 방문 예정이오니 협조 부탁드립니다.', '2024-04-12 10:30:00'),
(6, 7, '재고 관리 시스템 개선 건의 접수되었습니다. IT 부서에서 현재 시스템 진단 후 조치 방안을 마련할 예정입니다.', '2024-04-23 09:15:00'),
(7, 8, '주차장 확장 제안 감사합니다. 인근 건물과의 제휴 가능성을 검토 중이며, 추가 협의 필요시 연락드리겠습니다.', '2024-05-04 14:20:00'),
(8, 10, '친환경 포장재 도입 제안은 현재 본사에서 검토 중인 사안입니다. 7월 중으로 시범 운영 매장을 선정할 예정이니 참고 바랍니다.', '2024-06-03 11:50:00'),

-- 점포문의에 대한 긴급 답변
(9, 11, '긴급 수리기사 오늘 오후 2시 방문 예정입니다. 임시 조치로 냉장 상품은 다른 냉장고로 이동 부탁드립니다.', '2024-04-05 08:40:00'),
(10, 12, 'POS 시스템 원격 점검 완료했습니다. 결제모듈 업데이트가 필요하며 담당자가 원격으로 조치 예정입니다.', '2024-04-18 11:15:00'),
(11, 13, '네트워크 엔지니어 내일 오전 10시 방문 예정입니다. 방문 전 통신사에 점검 요청도 병행할 예정입니다.', '2024-05-02 14:00:00'),
(12, 14, '보안 업체에 수리 요청 접수 완료했습니다. 내일 오전 중으로 방문 예정이며, 임시 조치로 추가 순찰을 실시해주세요.', '2024-05-20 10:30:00'),
(13, 15, '전기안전공사에 긴급 점검 요청을 접수했습니다. 오늘 오후 5시까지 방문할 예정이니 담당자 대기 부탁드립니다.', '2024-06-10 17:00:00');


-- 29. dashboard_layout(대시보드) 데이터
INSERT INTO `dashboard_layout` (`layout_id`, `emp_id`, `dash_widget_code`, `dash_grid_positions`, `dash_created_at`, `dash_updated_at`) VALUES
-- 인사팀장 (emp_id: 1)
(1, 1, 'HR_ATTENDANCE', '1,2,3,4', '2024-01-01 09:00:00', '2024-01-01 09:00:00'),
(2, 1, 'HR_LEAVE', '5,6,7,8', '2024-01-01 09:00:00', '2024-01-01 09:00:00'),
(3, 1, 'HR_SALARY', '9,10,11,12', '2024-01-01 09:00:00', '2024-01-01 09:00:00'),
(4, 1, 'HR_STAFF_STATUS', '13,14,15,16', '2024-01-01 09:00:00', '2024-01-01 09:00:00'),

-- 재무팀장 (emp_id: 2)
(5, 2, 'FINANCE_DAILY_SALES', '1,2,3,4', '2024-01-01 09:00:00', '2024-01-01 09:00:00'),
(6, 2, 'FINANCE_MONTHLY_SALES', '5,6,7,8', '2024-01-01 09:00:00', '2024-01-01 09:00:00'),
(7, 2, 'FINANCE_EXPENSE', '9,10,11,12', '2024-01-01 09:00:00', '2024-01-01 09:00:00'),
(8, 2, 'FINANCE_PROFIT', '13,14,15,16', '2024-01-01 09:00:00', '2024-01-01 09:00:00'),

-- 영업팀장 (emp_id: 3)
(9, 3, 'SALES_DAILY', '1,2,3,4', '2024-01-01 09:00:00', '2024-01-01 09:00:00'),
(10, 3, 'SALES_HOURLY', '5,6,7,8', '2024-01-01 09:00:00', '2024-01-01 09:00:00'),
(11, 3, 'SALES_PRODUCT_RANK', '9,10,11,12', '2024-01-01 09:00:00', '2024-01-01 09:00:00'),
(12, 3, 'SALES_CATEGORY', '13,14,15,16', '2024-01-01 09:00:00', '2024-01-01 09:00:00'),

-- 운영팀장 (emp_id: 4)
(13, 4, 'OPERATION_INVENTORY', '1,2,3,4', '2024-01-01 09:00:00', '2024-01-01 09:00:00'),
(14, 4, 'OPERATION_ORDER', '5,6,7,8', '2024-01-01 09:00:00', '2024-01-01 09:00:00'),
(15, 4, 'OPERATION_STOCK_ALERT', '9,10,11,12', '2024-01-01 09:00:00', '2024-01-01 09:00:00'),
(16, 4, 'OPERATION_EXPIRY_ALERT', '13,14,15,16', '2024-01-01 09:00:00', '2024-01-01 09:00:00'),

-- IT팀장 (emp_id: 5)
(17, 5, 'IT_SYSTEM_STATUS', '1,2,3,4', '2024-01-01 09:00:00', '2024-01-01 09:00:00'),
(18, 5, 'IT_ISSUE_TRACKER', '5,6,7,8', '2024-01-01 09:00:00', '2024-01-01 09:00:00'),
(19, 5, 'IT_PERFORMANCE', '9,10,11,12', '2024-01-01 09:00:00', '2024-01-01 09:00:00'),
(20, 5, 'IT_MAINTENANCE', '13,14,15,16', '2024-01-01 09:00:00', '2024-01-01 09:00:00'),

-- 마케팅팀장 (emp_id: 6)
(21, 6, 'MARKETING_CAMPAIGN', '1,2,3,4', '2024-01-01 09:00:00', '2024-01-01 09:00:00'),
(22, 6, 'MARKETING_PROMOTION', '5,6,7,8', '2024-01-01 09:00:00', '2024-01-01 09:00:00'),
(23, 6, 'MARKETING_CUSTOMER', '9,10,11,12', '2024-01-01 09:00:00', '2024-01-01 09:00:00'),
(24, 6, 'MARKETING_SOCIAL', '13,14,15,16', '2024-01-01 09:00:00', '2024-01-01 09:00:00'),

-- 고객서비스팀장 (emp_id: 7)
(25, 7, 'CS_COMPLAINT', '1,2,3,4', '2024-01-01 09:00:00', '2024-01-01 09:00:00'),
(26, 7, 'CS_SATISFACTION', '5,6,7,8', '2024-01-01 09:00:00', '2024-01-01 09:00:00'),
(27, 7, 'CS_FEEDBACK', '9,10,11,12', '2024-01-01 09:00:00', '2024-01-01 09:00:00'),
(28, 7, 'CS_RESPONSE_TIME', '13,14,15,16', '2024-01-01 09:00:00', '2024-01-01 09:00:00'),

-- 물류팀장 (emp_id: 8)
(29, 8, 'LOGISTICS_DELIVERY', '1,2,3,4', '2024-01-01 09:00:00', '2024-01-01 09:00:00'),
(30, 8, 'LOGISTICS_INVENTORY', '5,6,7,8', '2024-01-01 09:00:00', '2024-01-01 09:00:00'),
(31, 8, 'LOGISTICS_SHIPMENT', '9,10,11,12', '2024-01-01 09:00:00', '2024-01-01 09:00:00'),
(32, 8, 'LOGISTICS_WAREHOUSE', '13,14,15,16', '2024-01-01 09:00:00', '2024-01-01 09:00:00'),

-- 구매팀장 (emp_id: 9)
(33, 9, 'PURCHASE_ORDER', '1,2,3,4', '2024-01-01 09:00:00', '2024-01-01 09:00:00'),
(34, 9, 'PURCHASE_SUPPLIER', '5,6,7,8', '2024-01-01 09:00:00', '2024-01-01 09:00:00'),
(35, 9, 'PURCHASE_COST', '9,10,11,12', '2024-01-01 09:00:00', '2024-01-01 09:00:00'),
(36, 9, 'PURCHASE_NEGOTIATION', '13,14,15,16', '2024-01-01 09:00:00', '2024-01-01 09:00:00'),

-- 개발팀장 (emp_id: 10)
(37, 10, 'DEV_TASK', '1,2,3,4', '2024-01-01 09:00:00', '2024-01-01 09:00:00'),
(38, 10, 'DEV_BUG', '5,6,7,8', '2024-01-01 09:00:00', '2024-01-01 09:00:00'),
(39, 10, 'DEV_DEPLOYMENT', '9,10,11,12', '2024-01-01 09:00:00', '2024-01-01 09:00:00'),
(40, 10, 'DEV_PERFORMANCE', '13,14,15,16', '2024-01-01 09:00:00', '2024-01-01 09:00:00');


-- 30. sales_stats (상품별 매출 통계) 데이터
INSERT INTO `sales_stats` (`sales_stats_id`, `store_id`, `product_id`, `sst_date`, `sst_quantity`, `sst_total`, `created_at`) VALUES
(1, 3, 1, '2025-04-25', 9, 20496, NOW()),
(2, 3, 2, '2025-04-25', 11, 33648, NOW()),
(3, 3, 3, '2025-04-25', 1, 2624, NOW()),
(4, 3, 4, '2025-04-25', 11, 33914, NOW()),
(5, 3, 5, '2025-04-25', 11, 30210, NOW()),
(6, 3, 6, '2025-04-25', 16, 43343, NOW()),
(7, 3, 7, '2025-04-25', 17, 42423, NOW()),
(8, 3, 8, '2025-04-25', 15, 29275, NOW()),
(9, 3, 9, '2025-04-25', 11, 51186, NOW()),
(10, 3, 10, '2025-04-25', 19, 74041, NOW()),
(11, 3, 11, '2025-04-25', 15, 66938, NOW()),
(12, 3, 12, '2025-04-25', 7, 22436, NOW()),
(13, 3, 13, '2025-04-25', 15, 47116, NOW()),
(14, 3, 14, '2025-04-25', 23, 69529, NOW()),
(15, 3, 15, '2025-04-25', 20, 88458, NOW()),
(16, 3, 16, '2025-04-25', 11, 27340, NOW()),
(17, 3, 17, '2025-04-25', 15, 42148, NOW()),
(18, 3, 18, '2025-04-25', 9, 24530, NOW()),
(19, 3, 19, '2025-04-25', 8, 19213, NOW()),
(20, 3, 20, '2025-04-25', 11, 51428, NOW()),
(21, 3, 21, '2025-04-25', 16, 47044, NOW()),
(22, 3, 22, '2025-04-25', 10, 27783, NOW()),
(23, 3, 23, '2025-04-25', 7, 28533, NOW()),
(24, 3, 24, '2025-04-25', 5, 15545, NOW()),
(25, 3, 25, '2025-04-25', 9, 32382, NOW()),
(26, 3, 26, '2025-04-25', 5, 15917, NOW()),
(27, 3, 27, '2025-04-25', 11, 28910, NOW()),
(28, 3, 28, '2025-04-25', 16, 63885, NOW()),
(29, 3, 29, '2025-04-25', 16, 54016, NOW());

-- 31. sales_hourly (시간대별 매출 통계) 데이터
INSERT INTO `sales_hourly` (`sales_hourly_id`, `store_id`, `sho_date`, `sho_hour`, `sho_quantity`, `sho_total`, `created_at`) VALUES
(1, 1, '2024-08-18', 0, 9, 5283, NOW()),
(2, 1, '2024-11-11', 0, 9, 1190, NOW()),
(3, 1, '2025-04-02', 0, 9, 7762, NOW()),
(4, 1, '2025-04-26', 15, 9, 9500, NOW()),
(5, 2, '2024-07-30', 0, 9, 5083, NOW()),
(6, 2, '2025-01-26', 0, 9, 8130, NOW()),
(7, 2, '2025-04-26', 15, 9, 9500, NOW()),
(8, 3, '2024-05-24', 0, 9, 645, NOW()),
(9, 3, '2024-08-05', 0, 9, 15958, NOW()),
(10, 3, '2024-08-11', 0, 9, 3639, NOW()),
(11, 3, '2024-08-22', 0, 9, 8800, NOW()),
(12, 3, '2024-08-23', 0, 9, 1415, NOW()),
(13, 3, '2024-10-14', 0, 9, 16493, NOW()),
(14, 3, '2024-12-12', 0, 9, 10945, NOW()),
(15, 3, '2025-02-04', 0, 9, 12163, NOW()),
(16, 3, '2025-02-19', 0, 9, 13492, NOW()),
(17, 3, '2025-04-10', 0, 9, 11359, NOW()),
(18, 3, '2025-04-26', 15, 9, 9500, NOW()),
(19, 4, '2024-07-12', 0, 9, 7766, NOW()),
(20, 4, '2024-07-14', 0, 9, 8387, NOW()),
(21, 4, '2025-02-15', 0, 9, 9704, NOW()),
(22, 4, '2025-04-26', 15, 9, 9500, NOW()),
(23, 5, '2024-06-14', 0, 9, 9145, NOW()),
(24, 5, '2025-01-08', 0, 9, 9681, NOW()),
(25, 5, '2025-02-20', 0, 9, 23809, NOW()),
(26, 5, '2025-04-26', 15, 9, 9500, NOW()),
(27, 6, '2024-05-08', 0, 9, 16085, NOW()),
(28, 6, '2024-07-02', 0, 9, 7369, NOW()),
(29, 6, '2024-07-16', 0, 9, 5859, NOW()),
(30, 6, '2024-07-17', 0, 9, 7680, NOW()),
(31, 6, '2024-07-19', 0, 9, 3348, NOW()),
(32, 6, '2024-07-27', 0, 9, 6783, NOW()),
(33, 6, '2025-01-04', 0, 9, 19002, NOW()),
(34, 6, '2025-02-07', 0, 9, 5209, NOW()),
(35, 6, '2025-02-24', 0, 9, 21244, NOW()),
(36, 6, '2025-03-23', 0, 9, 8793, NOW()),
(37, 6, '2025-04-22', 0, 9, 5070, NOW()),
(38, 6, '2025-04-26', 15, 9, 9500, NOW()),
(39, 7, '2024-06-15', 0, 9, 13909, NOW()),
(40, 7, '2024-11-01', 0, 9, 9218, NOW()),
(41, 7, '2025-04-26', 15, 9, 9500, NOW()),
(42, 8, '2024-04-11', 0, 9, 7328, NOW()),
(43, 8, '2024-08-27', 0, 9, 10812, NOW()),
(44, 8, '2025-04-19', 0, 9, 20556, NOW()),
(45, 8, '2025-04-26', 15, 9, 9500, NOW()),
(46, 9, '2024-04-07', 0, 9, 11353, NOW()),
(47, 9, '2024-05-03', 0, 9, 10667, NOW()),
(48, 9, '2024-09-26', 0, 9, 4630, NOW()),
(49, 9, '2024-12-23', 0, 9, 5505, NOW()),
(50, 9, '2024-12-30', 0, 9, 1504, NOW()),
(51, 9, '2025-01-27', 0, 9, 4716, NOW()),
(52, 9, '2025-02-18', 0, 9, 12221, NOW()),
(53, 9, '2025-03-14', 0, 9, 12138, NOW()),
(54, 9, '2025-03-19', 0, 9, 4792, NOW()),
(55, 9, '2025-04-05', 0, 9, 10916, NOW()),
(56, 9, '2025-04-26', 15, 9, 9500, NOW()),
(57, 10, '2024-04-18', 0, 9, 4422, NOW()),
(58, 10, '2024-10-31', 0, 9, 7344, NOW()),
(59, 10, '2025-03-05', 0, 9, 4717, NOW()),
(60, 10, '2025-04-26', 15, 9, 9500, NOW());

-- 32. sales_transaction (거래 정보) 더미 데이터
INSERT INTO sales_transaction (transaction_id, store_id, emp_id, total_price, discount_total, final_amount, payment_method, transaction_status, refund_amount, refund_reason, paid_at, refunded_at, created_at, age_group, gender) VALUES
-- 종로구 지점 (관광지 특성)
-- 종로점 (1) — 24시간 운영, 관광객 중심
(1, 1, 16, 1600,  300, 1300, 'CARD', 1, 1300, '가격 오류',           '2024-04-03 08:30:00', '2024-04-03 08:40:00', '2024-04-03 08:25:00', 30, 0),
(2, 1, 16, 9600, 1000, 8600, 'CASH', 0, NULL,  NULL,                '2024-04-07 09:20:00', NULL,               '2024-04-07 09:15:00', 40, 1),
(3, 1, 16, 6000,  250, 5750, 'CARD', 1, 5750, '상품 불량',         '2024-04-13 11:20:00', '2024-04-13 11:35:00', '2024-04-13 11:15:00', 20, 0),
(4, 1, 16,12600,  850,11750, 'CASH', 0, NULL,  NULL,                '2024-04-17 14:15:00', NULL,               '2024-04-17 14:10:00', 30, 1),
(5, 1, 16,16500,  450,16050, 'CASH', 1,16050,'제품 유통기한 임박', '2024-05-05 17:30:00', '2024-05-05 17:45:00', '2024-05-05 17:25:00', 40, 0),
(6, 1, 16,24900, 1150,23750, 'CARD', 0, NULL,  NULL,                '2024-05-12 20:45:00', NULL,               '2024-05-12 20:40:00', 20, 1),
(7, 1, 16,13100,  500,12600, 'CARD', 0, NULL,  NULL,                '2024-06-05 23:30:00', NULL,               '2024-06-05 23:25:00', 30, 0),
(8, 1, 16, 8900,  700, 8200, 'CASH', 1, 8200, '상품 파손',         '2024-06-09 02:15:00', '2024-06-09 02:30:00', '2024-06-09 02:10:00', 40, 1),

-- 광화문점 (2) — 평일 직장인 중심
(9, 2, 17, 8000,  250, 7750, 'CARD', 1, 7750, '가격 입력 실수',   '2024-04-04 08:45:00', '2024-04-04 09:00:00', '2024-04-04 08:40:00', 20, 1),
(10, 2, 17, 9800,  900, 8900, 'CASH', 0, NULL,  NULL,                '2024-04-08 12:30:00', NULL,               '2024-04-08 12:25:00', 30, 0),
(11, 2, 17, 4000,  250, 3750, 'CARD', 0, NULL,  NULL,                '2024-04-13 18:15:00', NULL,               '2024-04-13 18:10:00', 30, 1),
(12, 2, 17,18500,  850,17650, 'CARD', 1,17650,'판매불가 상품 판매','2024-04-17 15:30:00', '2024-04-17 15:45:00', '2024-04-17 15:25:00', 40, 1),
(13, 2, 17, 7500,  450, 7050, 'CARD', 1, 7050, '상품 이상 발견',   '2024-05-05 10:00:00', '2024-05-05 10:15:00', '2024-05-05 09:55:00', 40, 0),
(14, 2, 17,15300, 1150,14150, 'CASH', 0, NULL,  NULL,                '2024-05-12 12:20:00', NULL,               '2024-05-12 12:15:00', 20, 1),
(15, 2, 17,12100, 2200, 9900, 'CARD', 0, NULL,  NULL,                '2024-06-01 19:05:00', NULL,               '2024-06-01 19:00:00', 30, 0),
(16, 2, 17, 1600,  700,  900, 'CARD', 1,  900, '프로모션 미적용',   '2024-06-09 08:40:00', '2024-06-09 08:50:00', '2024-06-09 08:35:00', 20, 1),

-- 인사동점 (3) - 주말 관광객 중심 (점주: 서정수, emp_id: 18)
(17, 3, 18,  1700,  150,  1550, 'CARD',  1,  1550, '이중 결제',       '2024-04-05 09:05:00', '2024-04-05 09:15:00', '2024-04-05 09:00:00', 20, 1),
(18, 3, 18,  8400,  350,  8050, 'CASH',  0,   NULL,  NULL,              '2024-04-15 13:20:00', NULL,               '2024-04-15 13:10:00', 20, 0),
(19, 3, 18,  4800,  250,  4550, 'CARD',  1,  4550, '이중 결제',       '2024-05-02 11:30:00', '2024-05-02 11:40:00', '2024-05-02 11:25:00', 20, 1),
(20, 3, 18, 11400,  300, 11100, 'CARD',  0,   NULL,  NULL,              '2024-05-20 14:45:00', NULL,               '2024-05-20 14:40:00', 40, 1),
(21, 3, 18, 16500,  250, 16250, 'CASH',  1,  16250, '상품 불량',       '2024-06-01 10:15:00', '2024-06-01 10:25:00', '2024-06-01 10:05:00', 20, 1),
(22, 3, 18, 23750,    0, 23750, 'CARD',  0,   NULL,  NULL,              '2024-06-10 15:30:00', NULL,               '2024-06-10 15:20:00', 20, 0),
(23, 3, 18, 12600,    0, 12600, 'CASH',  0,   NULL,  NULL,              '2024-06-18 17:45:00', NULL,               '2024-06-18 17:35:00', 20, 0),
(24, 3, 18,  8200,    0,  8200, 'CARD',  1,   8200, '프로모션 미적용', '2024-06-25 16:55:00', '2024-06-25 17:05:00', '2024-06-25 16:45:00', 40, 0),

-- 강북구 지점 (주거지역 특성)
-- 수유점 (4) - 아침/저녁 중심 (점주: 김민준, emp_id: 19)
(25, 4, 19,  8000,  250,  7750, 'CARD', 1,  7750, '유통기한 경과',   '2024-04-05 09:15:00', '2024-04-05 09:25:00', '2024-04-05 09:10:00', 30, 1),
(26, 4, 19,  9800,  900,  8900, 'CASH', 1,  8900, '상품 파손',       '2024-04-18 14:30:00', '2024-04-18 14:40:00', '2024-04-18 14:25:00', 30, 1),
(27, 4, 19,  4000,  250,  3750, 'CASH', 0,   NULL, NULL,             '2024-05-02 11:05:00', NULL,               '2024-05-02 11:00:00', 40, 0),
(28, 4, 19, 18500,  850, 17650, 'CARD', 1, 17650, '프로모션 미적용','2024-05-15 16:20:00', '2024-05-15 16:30:00', '2024-05-15 16:15:00', 30, 0),
(29, 4, 19,  7500,  450,  7050, 'CASH', 1,  7050, '유통기한 경과',   '2024-06-03 10:45:00', '2024-06-03 10:55:00', '2024-06-03 10:40:00', 20, 1),
(30, 4, 19, 15300, 1150, 14150, 'CARD', 0,   NULL, NULL,             '2024-06-12 13:55:00', NULL,               '2024-06-12 13:50:00', 40, 0),
(31, 4, 19, 12100,  500, 11600, 'CASH', 0,   NULL, NULL,             '2024-06-25 12:10:00', NULL,               '2024-06-25 12:05:00', 20, 1),
(32, 4, 19,  1600,  700,   900, 'CARD', 1,   900, '이중 결제',       '2024-06-28 18:20:00', '2024-06-28 18:30:00', '2024-06-28 18:15:00', 30, 0),

-- 미아점 (5) - 저녁/심야 중심 (점주: 서순자, emp_id: 20)
(33, 5, 20,  9600,  150,  9350, 'CASH', 1,  9350, '이중 결제',        '2024-04-05 09:00:00', '2024-04-05 09:10:00', '2024-04-05 08:55:00', 40, 1),
(34, 5, 20, 11400,  350, 10500, 'CASH', 1, 10500, '이중 결제',        '2024-04-18 14:30:00', '2024-04-18 14:40:00', '2024-04-18 14:25:00', 30, 1),
(35, 5, 20,  5400,  250,  5150, 'CASH', 0,   NULL,  NULL,               '2024-05-02 11:40:00',  NULL,               '2024-05-02 11:35:00', 20, 0),
(36, 5, 20, 21800,  300, 20950, 'CARD', 1, 20950, '유통기한 경과',    '2024-05-05 16:45:00', '2024-05-05 16:55:00', '2024-05-05 16:40:00', 30, 0),
(37, 5, 20, 11000,  250, 10550, 'CARD', 1, 10550, '이중 결제',        '2024-05-20 17:00:00', '2024-05-20 17:10:00', '2024-05-20 16:55:00', 30, 1),
(38, 5, 20, 12800,  500, 11650, 'CARD', 0,   NULL,  NULL,               '2024-06-03 17:55:00',  NULL,               '2024-06-03 17:50:00', 40, 0),
(39, 5, 20, 19000,  150, 18500, 'CARD', 0,   NULL,  NULL,               '2024-06-10 18:00:00',  NULL,               '2024-06-10 17:55:00', 20, 0),
(40, 5, 20, 13000,  300, 12300, 'CASH', 1, 12300, '이중 결제',        '2024-06-15 18:05:00', '2024-06-15 18:15:00', '2024-06-15 18:00:00', 30, 1),

-- 번동점 (6) - 주말/심야 중심 (점주: 정우영, emp_id: 21)
(41, 6, 21,  7100,  250,  6850, 'CASH',  1,  6850, '고객 변심',    '2024-04-06 18:30:00', '2024-04-06 18:40:00', '2024-04-06 18:25:00', 40, 1),
(42, 6, 21, 13000,  900, 12100, 'CASH',  1, 12100, '가격 입력 오류', '2024-04-19 22:15:00', '2024-04-19 22:25:00', '2024-04-19 22:10:00', 20, 1),
(43, 6, 21,  4000,  250,  3750, 'CASH',  0,  NULL,  NULL,          '2024-05-04 23:05:00', NULL,              '2024-05-04 23:00:00', 20, 0),
(44, 6, 21, 13400,  850, 12550, 'CASH',  1, 12550, '가격 입력 오류', '2024-05-16 01:45:00', '2024-05-16 01:55:00', '2024-05-16 01:40:00', 30, 0),
(45, 6, 21,  8900,  450,  8450, 'CARD',  1,  8450, '상품 불량',     '2024-05-28 19:00:00', '2024-05-28 19:10:00', '2024-05-28 18:55:00', 20, 0),
(46, 6, 21, 15200, 1150, 14050, 'CASH',  0,  NULL,  NULL,          '2024-06-05 00:15:00', NULL,              '2024-06-05 00:10:00', 40, 0),
(47, 6, 21, 16100,  500, 15600, 'CASH',  0,  NULL,  NULL,          '2024-06-12 23:30:00', NULL,              '2024-06-12 23:25:00', 40, 1),
(48, 6, 21,  7100,  700,  6400, 'CARD',  1,  6400, '프로모션 미적용', '2024-06-18 02:05:00', '2024-06-18 02:15:00', '2024-06-18 02:00:00', 20, 1),

-- 강남구 지점 (상업지역 특성)
-- 강남점 (7) - 점심/저녁 중심 (점주: 문지윤, emp_id: 22)
(49, 7, 22, 10400,  250, 10150, 'CARD', 1, 10150, '이중 결제',       '2024-04-03 10:00:00', '2024-04-03 10:10:00', '2024-04-03 09:55:00', 30, 0),
(50, 7, 22, 15400,  900, 14500, 'CARD', 1, 14500, '가격 입력 오류', '2024-04-15 12:30:00', '2024-04-15 12:40:00', '2024-04-15 12:25:00', 30, 0),
(51, 7, 22,  4600,  250,  4350, 'CASH',  0,   NULL,  NULL,              '2024-05-05 08:20:00', NULL,               '2024-05-05 08:15:00', 40, 0),
(52, 7, 22, 19000,  850, 18150, 'CARD', 1, 18150, '유통기한 경과',   '2024-05-20 18:30:00', '2024-05-20 18:40:00', '2024-05-20 18:25:00', 30, 0),
(53, 7, 22,  9800,  450,  9350, 'CASH',  1,  9350, '가격 입력 오류', '2024-06-02 11:10:00', '2024-06-02 11:20:00', '2024-06-02 11:05:00', 30, 1),
(54, 7, 22, 20400, 1150, 19250, 'CARD', 0,   NULL,  NULL,              '2024-06-10 14:55:00', NULL,               '2024-06-10 14:50:00', 20, 1),
(55, 7, 22, 16200,  500, 15700, 'CARD', 0,   NULL,  NULL,              '2024-06-18 19:05:00', NULL,               '2024-06-18 19:00:00', 20, 0),
(56, 7, 22, 11400,  700, 10700, 'CASH',  1, 10700, '고객 변심',      '2024-06-29 20:15:00', '2024-06-29 20:25:00', '2024-06-29 20:10:00', 30, 0),

-- 신사점 (8) - 저녁/심야 중심 (점주: 조예빈, emp_id: 23)
(57, 8, 23,  4100,  200,  3900, 'CASH', 1,  3900, '유통기한 경과',   '2024-04-03 11:15:00', '2024-04-03 11:25:00', '2024-04-03 11:10:00', 30, 0),
(58, 8, 23, 12400,  700, 11700, 'CASH', 1, 11700, '가격 입력 오류', '2024-04-18 15:40:00', '2024-04-18 15:50:00', '2024-04-18 15:35:00', 40, 0),
(59, 8, 23, 10000,  800,  9200, 'CASH', 0,   NULL,  NULL,             '2024-05-02 10:20:00', NULL,               '2024-05-02 10:15:00', 30, 1),
(60, 8, 23, 24800, 1300, 23500, 'CARD', 1, 23500, '가격 입력 오류', '2024-05-12 18:45:00', '2024-05-12 18:55:00', '2024-05-12 18:40:00', 20, 1),
(61, 8, 23,  5600,  100,  5500, 'CARD', 1,  5500, '상품 불량',       '2024-05-20 20:10:00', NULL,               '2024-05-20 20:05:00', 40, 0),
(62, 8, 23, 15700,  650, 15050, 'CARD', 0,   NULL,  NULL,             '2024-06-01 08:55:00', NULL,               '2024-06-01 08:50:00', 20, 1),
(63, 8, 23, 15300,  650, 14650, 'CASH',  0,   NULL,  NULL,             '2024-06-10 09:30:00', NULL,               '2024-06-10 09:25:00', 20, 0),
(64, 8, 23, 13200,  450, 12750, 'CASH', 1, 12750, '상품 불량',       '2024-06-18 19:05:00', '2024-06-18 19:15:00', '2024-06-18 19:00:00', 40, 0),

-- 논현점 (9) - 평일/주말 다양 (점주: 한지현, emp_id: 24)
(65, 9, 24,  6800,  200,  6600, 'CARD', 1,  6600, '가격 오류',         '2024-04-03 10:05:00', '2024-04-03 10:15:00', '2024-04-03 10:00:00', 30, 0),
(66, 9, 24,  5400,  300,  5100, 'CARD', 0,   NULL, NULL,               '2024-04-16 14:20:00', NULL,               '2024-04-16 14:15:00', 40, 1),
(67, 9, 24,  5200,  250,  4950, 'CARD', 1,  4950, '상품 불량',         '2024-05-01 11:10:00', '2024-05-01 11:20:00', '2024-05-01 11:05:00', 20, 0),
(68, 9, 24, 23200,  900, 22300, 'CASH',  0,   NULL, NULL,               '2024-05-20 17:30:00', NULL,               '2024-05-20 17:25:00', 30, 1),
(69, 9, 24,  7300,  300,  7000, 'CASH',  1,  7000, '제품 유통기한 임박', '2024-06-02 09:45:00', '2024-06-02 09:55:00', '2024-06-02 09:40:00', 40, 0),
(70, 9, 24, 15100, 1100, 14000, 'CARD',  0,   NULL, NULL,               '2024-06-15 13:25:00', NULL,               '2024-06-15 13:20:00', 20, 1),
(71, 9, 24, 20300,  900, 19400, 'CARD',  0,   NULL, NULL,               '2024-06-25 16:35:00', NULL,               '2024-06-25 16:30:00', 30, 0),
(72, 9, 24,  9800,  600,  9200, 'CARD',  1,  9200, '상품 파손',         '2024-06-28 18:05:00', '2024-06-28 18:15:00', '2024-06-28 18:00:00', 40, 1),

-- 삼성점 (10) - 평일 점심/저녁 중심 (점주: 노정훈, emp_id: 25)
(73, 10, 25,  8600,  150,  8450, 'CARD', 1,  8450, '유통기한 경과',   '2024-04-10 12:15:00', '2024-04-10 12:25:00', '2024-04-10 12:10:00', 40, 0),
(74, 10, 25, 16400,  350, 16050, 'CARD', 1, 16050, '상품 불량',       '2024-04-22 19:30:00', '2024-04-22 19:40:00', '2024-04-22 19:25:00', 30, 1),
(75, 10, 25,  7400,  250,  7150, 'CASH',  0,   NULL, NULL,             '2024-05-05 11:45:00', NULL,               '2024-05-05 11:40:00', 30, 0),
(76, 10, 25, 14800,  300, 14500, 'CASH',  1, 14500, '상품 불량',       '2024-05-18 18:50:00', '2024-05-18 19:00:00', '2024-05-18 18:45:00', 20, 1),
(77, 10, 25,  8000,  250,  7750, 'CARD',  1,  7750, '프로모션 미적용', '2024-06-02 12:30:00', '2024-06-02 12:40:00', '2024-06-02 12:25:00', 30, 0),
(78, 10, 25, 18800,  500, 18300, 'CARD',  0,   NULL, NULL,             '2024-06-15 20:10:00', NULL,               '2024-06-15 20:05:00', 30, 1),
(79, 10, 25, 24000,  150, 23850, 'CASH',  0,   NULL, NULL,             '2024-06-20 13:20:00', NULL,               '2024-06-20 13:15:00', 30, 0),
(80, 10, 25,  9000,  300,  8700, 'CARD',  1,  8700, '고객 변심',       '2024-06-25 21:00:00', '2024-06-25 21:10:00', '2024-06-25 20:55:00', 20, 1);

-- 33. sales_detail (거래 상세 정보) 더미 데이터
INSERT INTO sales_detail (sales_detail_id, transaction_id, product_id, sales_quantity, unit_price, discount_price, final_amount, cost_price, real_income, refund_amount, is_promo) VALUES
-- 종로점 (1) 거래 상세 - 24시간 운영, 관광객 중심
(1, 1, 1, 2, 100, 100, 0, 450, -900, 0, 0),
(2, 1, 2, 1, 1300, 100, 1200, 500, 700, 1200, 0),
(3, 1, 3, 1, 100, 0, 100, 700, -600, 100, 0),
(4, 2, 4, 3, 1500, 200, 3900, 650, 1950, NULL, 0),
(5, 2, 5, 2, 1800, 150, 3300, 850, 1600, NULL, 0),
(6, 2, 6, 1, 1500, 100, 1400, 600, 800, NULL, 0),
(7, 3, 7, 1, 3800, 200, 3600, 2400, 1200, 3600, 0),
(8, 3, 25, 1, 2200, 50, 2150, 900, 1250, 2150, 0),
(9, 4, 26, 4, 1500, 150, 5400, 600, 3000, NULL, 0),
(10, 4, 10, 2, 1700, 100, 3200, 950, 1300, NULL, 0),
(11, 4, 11, 1, 3200, 50, 3150, 1800, 1350, NULL, 0),
(12, 5, 12, 2, 6500, 200, 12600, 3500, 5600, 12600, 0),
(13, 5, 13, 1, 3500, 50, 3450, 1800, 1650, 3450, 0),
(14, 6, 14, 3, 4500, 250, 12750, 2500, 5250, NULL, 0),
(15, 6, 15, 2, 4800, 150, 9300, 2700, 3900, NULL, 0),
(16, 6, 16, 1, 1800, 100, 1700, 800, 900, NULL, 0),
(17, 7, 17, 4, 2000, 100, 7600, 900, 4000, NULL, 0),
(18, 7, 18, 2, 1600, 50, 3100, 750, 1600, NULL, 0),
(19, 7, 19, 1, 1900, 0, 1900, 900, 1000, NULL, 0),
(20, 8, 20, 3, 1800, 200, 4800, 850, 2250, 4800, 0),
(21, 8, 21, 1, 3500, 100, 3400, 1800, 1600, 3400, 0),

-- 광화문점 (2) 거래 상세 - 평일 직장인 중심
(22, 9, 22, 2, 3000, 100, 5800, 1500, 2800, 5800, 0),
(23, 9, 23, 1, 2000, 50, 1950, 800, 1150, 1950, 0),
(24, 10, 24, 3, 1800, 200, 4800, 700, 2700, 4800, 0),
(25, 10, 25, 2, 2200, 150, 4100, 900, 2300, 4100, 0),
(26, 11, 26, 1, 1500, 200, 1300, 600, 700, NULL, 0),
(27, 11, 27, 1, 2500, 50, 2450, 1200, 1250, NULL, 0),
(28, 12, 28, 4, 2400, 150, 9000, 1100, 4600, 9000, 0),
(29, 12, 29, 2, 3000, 100, 5800, 1500, 2800, 5800, 0),
(30, 12, 30, 1, 2900, 50, 2850, 1400, 1450, 2850, 0),
(31, 13, 31, 2, 2500, 200, 4600, 1200, 2200, 4600, 0),
(32, 13, 32, 1, 2500, 50, 2450, 1200, 1250, 2450, 0),
(33, 14, 33, 3, 2700, 250, 7350, 1300, 3450, NULL, 0),
(34, 14, 34, 2, 2700, 150, 5100, 1300, 2500, NULL, 0),
(35, 14, 35, 1, 1800, 100, 1700, 800, 900, NULL, 0),
(36, 15, 36, 4, 1700, 100, 6400, 750, 3400, NULL, 0),
(37, 15, 37, 2, 1800, 900, 1800, 800, 200, NULL, 3),
(38, 15, 38, 1, 1700, 0, 1700, 750, 950, NULL, 2),
(39, 16, 1, 3, 100, 200, -300, 450, -1650, -300, 0),
(40, 16, 2, 1, 1300, 100, 1200, 500, 700, 1200, 0),

-- 인사동점 (3) 거래 상세 - 주말 관광객 중심
(41, 17, 3, 2, 100, 100, 0, 700, -1400, 0, 0),
(42, 17, 4, 1, 1500, 50, 1450, 650, 800, 1450, 0),
(43, 18, 5, 3, 1800, 200, 4800, 850, 2250, NULL, 0),
(44, 18, 6, 2, 1500, 150, 2700, 600, 1500, NULL, 0),
(45, 19, 7, 1, 3800, 200, 3600, 2400, 1200, 3600, 0),
(46, 19, 8, 1, 1000, 50, 950, 350, 600, 950, 0),
(47, 20, 9, 4, 1200, 150, 4200, 400, 2600, NULL, 0),
(48, 20, 10, 2, 1700, 100, 3200, 950, 1300, NULL, 0),
(49, 20, 11, 1, 3200, 50, 3150, 1800, 1350, NULL, 0),
(50, 21, 12, 2, 6500, 200, 12600, 3500, 5600, 12600, 0),
(51, 21, 13, 1, 3500, 50, 3450, 1800, 1650, 3450, 0),
(52, 22, 14, 3, 4500, 250, 12750, 2500, 5250, NULL, 0),
(53, 22, 15, 2, 4800, 150, 9300, 2700, 3900, NULL, 0),
(54, 22, 16, 1, 1800, 100, 1700, 800, 900, NULL, 0),
(55, 23, 17, 4, 2000, 100, 7600, 900, 4000, NULL, 0),
(56, 23, 18, 2, 1600, 50, 3100, 750, 1600, NULL, 0),
(57, 23, 19, 1, 1900, 0, 1900, 900, 1000, NULL, 0),
(58, 24, 20, 3, 1800, 200, 4800, 850, 2250, 4800, 0),
(59, 24, 21, 1, 3500, 100, 3400, 1800, 1600, 3400, 0),

-- 수유점 (4) 거래 상세 - 아침/저녁 중심
(60, 25, 22, 2, 3000, 100, 5800, 1500, 2800, 5800, 0),
(61, 25, 23, 1, 2000, 50, 1950, 800, 1150, 1950, 0),
(62, 26, 24, 3, 1800, 200, 4800, 700, 2700, 4800, 0),
(63, 26, 25, 2, 2200, 150, 4100, 900, 2300, 4100, 0),
(64, 27, 26, 1, 1500, 200, 1300, 600, 700, NULL, 0),
(65, 27, 27, 1, 2500, 50, 2450, 1200, 1250, NULL, 0),
(66, 28, 28, 4, 2400, 150, 9000, 1100, 4600, 9000, 0),
(67, 28, 29, 2, 3000, 100, 5800, 1500, 2800, 5800, 0),
(68, 28, 30, 1, 2900, 50, 2850, 1400, 1450, 2850, 0),
(69, 29, 31, 2, 2500, 200, 4600, 1200, 2200, 4600, 0),
(70, 29, 32, 1, 2500, 50, 2450, 1200, 1250, 2450, 0),
(71, 30, 33, 3, 2700, 250, 7350, 1300, 3450, NULL, 0),
(72, 30, 34, 2, 2700, 150, 5100, 1300, 2500, NULL, 0),
(73, 30, 35, 1, 1800, 100, 1700, 800, 900, NULL, 0),
(74, 31, 36, 4, 1700, 100, 6400, 750, 3400, NULL, 0),
(75, 31, 37, 2, 1800, 50, 3500, 800, 1900, NULL, 3),
(76, 31, 38, 1, 1700, 0, 1700, 750, 950, NULL, 2),
(77, 32, 1, 3, 100, 200, -300, 450, -1650, -300, 0),
(78, 32, 2, 1, 1300, 100, 1200, 500, 700, 1200, 0),

-- 미아점 (5) 거래 상세
(79, 33,  1, 1,  100,   0,   100,  450,  -350,   NULL, 0),
(80, 33,  3, 2,  100,   0,   200,  700, -1200,   NULL, 0),
(81, 34,  7, 3, 3800,   0, 11400, 2400,  4200,   NULL, 0),
(83, 35, 12, 1, 6500, 500,  6000, 3500,  2500,   NULL, 0),
(84, 35, 13, 4, 3500, 300, 12800, 1800,  7400,   NULL, 0),
(85, 36, 21, 2, 3500,   0,  7000, 1800,  3400,   NULL, 0),
(86, 36, 22, 1, 3000, 200,  2800, 1500,  1300,   NULL, 0),
(87, 37, 25, 3, 2200, 100,  6300,  900,  3600,   NULL, 0),
(88, 37, 26, 2, 1500,   0,  3000,  600,  1800,   NULL, 0),
(89, 37, 27, 1, 2500, 250,  2250, 1200,  1050,   NULL, 0),
(90, 38, 30, 4, 2900, 100, 11200, 1400,  5600,   NULL, 0),
(91, 38, 31, 2, 2500,   0,  5000, 1200,  2600,   NULL, 0),
(92, 38, 32, 1, 2500, 500,  2000, 1200,   800,   NULL, 0),
(93, 39, 34, 1, 2700,   0,  2700, 1300,  1400,   NULL, 0),
(94, 39, 35, 3, 1800, 100,  5100,  800,  2700,   NULL, 0),
(95, 39, 36, 2, 1700,   0,  3400,  750,  1900,   NULL, 0),
(96, 40, 37, 1, 1800, 200,  1600,  800,   800,   NULL, 2),
(97, 40, 38, 2, 1700,   0,  3400,  750,  1900,   NULL, 3),

-- 번동점 (6) 거래 상세
(98, 41, 20, 2, 1800, 100, 3400,  850, 1700,  NULL, 0),
(99, 41, 21, 1, 3500,  50, 3450, 1800, 1650,  NULL, 0),
(100, 42, 22, 3, 3000, 200, 8400, 1500, 3900,  NULL, 0),
(101, 42, 23, 2, 2000, 150, 3700,  800, 2100,  NULL, 0),
(102, 43, 24, 1, 1800, 200, 1600,  700,  900,  NULL, 0),
(103, 43, 25, 1, 2200,  50, 2150,  900, 1250,  NULL, 0),
(104, 44, 26, 4, 1500, 150, 5400,  600, 3000,  NULL, 0),
(105, 44, 27, 2, 2500, 100, 4800, 1200, 2400,  NULL, 0),
(106, 44, 28, 1, 2400,  50, 2350, 1100, 1250,  NULL, 0),
(107, 45, 29, 2, 3000, 200, 5600, 1500, 2600,  NULL, 0),
(108, 45, 30, 1, 2900,  50, 2850, 1400, 1450,  NULL, 0),
(109, 46, 31, 3, 2500, 250, 6750, 1200, 3150,  NULL, 0),
(110, 46, 32, 2, 2500, 150, 4700, 1200, 2300,  NULL, 0),
(111, 46, 33, 1, 2700, 100, 2600, 1300, 1300,  NULL, 0),
(112, 47, 34, 4, 2700, 100,10400, 1300, 5200,  NULL, 0),
(113, 47, 35, 2, 1800,  50, 3500,  800, 1900,  NULL, 0),
(114, 47, 36, 1, 1700,   0, 1700,  750,  950,  NULL, 0),
(115, 48, 37, 3, 1800, 200, 4800,  800, 2400,  NULL, 2),
(116, 48, 38, 1, 1700, 100, 1600,  750,  850,  NULL, 3),

-- 강남점 (7) 거래 상세
(117, 49,  1, 1,  100,   0,   100,  450,  -350,   NULL, 0),
(118, 49,  2, 2, 1300, 100,  2400,  500,  1400,   NULL, 0),
(119, 50,  3, 2,  100,   0,   200,  700, -1200,   NULL, 0),
(120, 50,  4, 1, 1500, 150,  1350,  650,   700,   NULL, 0),
(121, 51,  5, 2, 1800, 200,  3200,  850,  1500,   NULL, 0),
(122, 51,  6, 3, 1500,   0,  4500,  600,  2700,   NULL, 0),
(123, 52,  7, 1, 3800, 300,  3500, 2400,  1100,   NULL, 0),
(125, 52,  9, 2, 1200,   0,  2400,  400,  1600,   NULL, 0),
(126, 53, 10, 3, 1700, 100,  4800,  950,  1950,   NULL, 0),
(127, 53, 11, 1, 3200, 200,  3000, 1800,  1200,   NULL, 0),
(128, 54, 12, 2, 6500, 500, 12000, 3500,  5000,   NULL, 0),
(129, 54, 13, 1, 3500, 300,  3200, 1800,  1400,   NULL, 0),
(130, 54, 14, 3, 4500,   0, 13500, 2500,  6000,   NULL, 0),
(131, 55, 15, 2, 4800, 400,  8800, 2700,  3400,   NULL, 0),
(132, 55, 16, 1, 1800, 100,  1700,  800,   900,   NULL, 0),
(133, 55, 17, 3, 2000,   0,  6000,  900,  3300,   NULL, 0),
(134, 56, 18, 1, 1600, 100,  1500,  750,   750,   NULL, 0),
(135, 56, 19, 2, 1900, 200,  3400,  900,  1600,   NULL, 0),

-- 신사점 (8) 거래 상세
(136, 57,  2, 2, 1300, 100, 2400,  500, 1400,   NULL, 0),
(137, 57,  6, 1, 1500,   0, 1500,  600,  900,   NULL, 0),
(138, 58,  7, 3, 3800, 200,10800, 2400,3600,   NULL, 0),
(141, 59, 12, 1, 6500, 500, 6000, 3500,2500,   NULL, 0),
(142, 60, 13, 4, 3500, 300,12800, 1800,5600,   NULL, 0),
(143, 60, 14, 2, 4500,   0, 9000, 2500,4000,   NULL, 0),
(144, 60, 16, 1, 1800, 100, 1700,  800,  900,   NULL, 0),
(145, 61, 17, 2, 2000,   0, 4000,  900, 2200,   NULL, 0),
(146, 61, 18, 1, 1600, 100, 1500,  750,  750,   NULL, 0),
(147, 62, 19, 3, 1900, 150, 5250,  900, 2550,   5250, 0),
(148, 62, 21, 2, 3500,   0, 7000, 1800,3400,   NULL, 0),
(149, 62, 22, 1, 3000, 200, 2800, 1500,1300,   NULL, 0),
(150, 63, 25, 4, 2200, 100, 8400,  900,4800,   NULL, 0),
(151, 63, 26, 2, 2000,   0, 4000, 1200,1600,   NULL, 0),
(152, 63, 27, 1, 2500, 250, 2250, 1200,1050,   NULL, 0),
(153, 64, 28, 3, 2400, 150, 6750, 1100,3450,   6750, 0),
(154, 64, 29, 2, 3000,   0, 6000, 1500,3000,   NULL, 0),

-- 논현점 (9) 거래 상세
(155, 65,  4, 2, 1500, 100,  2800,  650, 1500,   NULL, 0),
(156, 65,  7, 1, 3800,   0,  3800, 2400, 1400,   NULL, 0),
(159, 67, 10, 1, 1700, 200,  1500,  950,  550,   NULL, 0),
(160, 67, 13, 1, 3500,  50,  3450, 1800, 1650,   NULL, 0),
(161, 68, 14, 4, 4500, 200, 17200, 2500, 7200,   NULL, 0),
(162, 68, 16, 2, 1800,   0,  3600,  800, 2000,   NULL, 0),
(163, 68, 18, 1, 1600, 100,  1500,  750,  750,   NULL, 0),
(164, 69, 19, 2, 1900, 150,  3500,  900, 1700,   NULL, 0),
(165, 69, 21, 1, 3500,   0,  3500, 1800, 1700,   NULL, 0),
(166, 70, 22, 3, 3000, 300,  8100, 1500, 3600,   NULL, 0),
(167, 70, 24, 2, 1800, 100,  3400,  700, 2000,   NULL, 0),
(168, 70, 27, 1, 2500,   0,  2500, 1200, 1300,   NULL, 0),
(169, 71, 29, 4, 3000, 200, 11200, 1500, 5200,   NULL, 0),
(170, 71, 30, 2, 2900,   0,  5800, 1400, 3000,   NULL, 0),
(171, 71, 31, 1, 2500, 100,  2400, 1200, 1200,   NULL, 0),
(172, 72, 33, 3, 2700, 200,  7500, 1300, 3600,   NULL, 0),
(173, 72, 38, 1, 1700,   0,  1700,  750,  950,   NULL, 0),

-- 삼성점 (10) 거래 상세
(174, 73,  5, 2, 1800, 100, 3400,  850, 1700,   NULL, 0),
(175, 73, 12, 1, 6500,  50, 6450, 3500, 2950,   NULL, 0),
(176, 74,  7, 3, 3800, 200,10800, 2400,3600,   NULL, 0),
(177, 74,  2, 2, 1300, 150, 2300,  500,1300,   NULL, 0),
(178, 75, 23, 1, 2000, 200, 1800,  800,1000,   NULL, 0),
(179, 75, 16, 1, 1800,  50, 1750,  800, 950,   NULL, 0),
(180, 76, 31, 4, 2500, 150, 9400, 1200,4600,   NULL, 0),
(181, 76, 32, 2, 2500, 100, 4800, 1200,2400,   NULL, 0),
(182, 76, 33, 1, 2700,  50, 2650, 1300,1350,   NULL, 0),
(183, 77, 34, 2, 2700, 200, 5000, 1300,2400,   NULL, 0),
(184, 77, 35, 1, 1800,  50, 1750,  800, 950,   NULL, 0),
(185, 78, 36, 3, 1700, 250, 4350,  750,2100,   NULL, 0),
(186, 78, 37, 2, 1800, 150, 3300,  800,1700,   NULL, 2),
(187, 78, 38, 1, 1700, 100, 1600,  750, 850,   NULL, 0),
(188, 79, 19, 4, 2000, 100, 7600,  900,4000,   NULL, 0),
(189, 79, 20, 2, 1800,  50, 3500,  850,1800,   NULL, 0),
(190, 79,  6, 1, 1500,   0, 1500,  600, 900,   NULL, 0);

-- 34. issue_log (최근 이슈) 데이터 삽입
INSERT INTO `issue_log` (`issue_id`, `store_id`, `issue_title`, `issue_desc`, `issue_type`, `created_at`) VALUES
(1, 1, '재고 급감', '삼각김밥 참치 제품의 재고가 급격히 감소', '재고', '2024-04-23 14:30:00'),
(2, 2, 'POS 시스템 오류', 'POS 시스템에서 결제 오류가 발생', '시스템', '2024-04-23 10:00:00'),
(3, 3, '상품 손상', '냉장식품 일부가 손상되어 판매 불가 상태', '상품', '2024-04-23 13:00:00');

-- 35. pw_reset_token (비밀번호 재설정 토큰)
INSERT INTO pw_reset_token (prtoken_id, emp_id, reset_token, prtoken_exp, prtoken_used, created_at) VALUES
(1, 11, 'reset-token-11', '2025-04-26 23:59:59', false, '2025-04-25 10:00:00'),
(2, 12, 'reset-token-12', '2025-04-26 23:59:59', true, '2025-04-25 10:00:00'),
(3, 13, 'reset-token-13', '2025-04-26 23:59:59', false, '2025-04-25 10:00:00'),
(4, 14, 'reset-token-14', '2025-04-26 23:59:59', true, '2025-04-25 10:00:00');
-- emp_id 15는 요청하지 않아서 없음

INSERT INTO warehouse_stock (stock_id, warehouse_id, store_id, product_id, quantity, last_in_date, stock_status) VALUES
(1, 1, 1, 24, 50, '2025-04-05 12:00:00', 1),
(2, 1, 1, 5, 30, '2025-04-10 14:30:00', 2),
(3, 1, 1, 10, 70, '2025-05-01 09:00:00', 1),
(4, 2, 2, 3, 25, '2025-04-12 16:45:00', 3),
(5, 2, 2, 7, 80, '2025-05-03 11:15:00', 1),
(6, 3, 3, 15, 60, '2025-04-15 13:20:00', 1),
(7, 3, 3, 19, 90, '2025-04-20 15:00:00', 2),
(8, 4, 4, 25, 45, '2025-04-18 10:30:00', 1),
(9, 4, 4, 30, 100, '2025-04-25 14:00:00', 1),
(10, 5, 5, 35, 55, '2025-05-02 08:45:00', 3);

INSERT INTO stock_inventory_check (check_id, store_id, part_timer_id, check_reason, check_date, is_applied)
VALUES
    (1, 1, 1, '월말 실사', NOW(), FALSE),
    (2, 1, 2, '재고 오류 확인', NOW(), FALSE),
    (3, 1, 3, '정상', NOW(), TRUE),
    (4, 2, 1, '과다 재고 확인', NOW(), FALSE),
    (5, 2, 2, '오차 확인', NOW(), TRUE),
    (6, 2, 3, '정상', NOW(), FALSE),
    (7, 3, 1, '월말 실사', NOW(), TRUE),
    (8, 3, 2, '파손 확인', NOW(), FALSE),
    (9, 3, 3, '정상', NOW(), TRUE),
    (10, 3, 1, '오차 확인', NOW(), FALSE);


INSERT INTO stock_inventory_check_item
(check_item_id, check_id, product_id, store_prev_quantity, warehouse_prev_quantity, store_real_quantity, warehouse_real_quantity, is_applied)
VALUES
    (1, 1, 1, 100, 25, 103, 25, FALSE),
    (2, 1, 2, 45, 24, 48, 23, TRUE),
    (3, 1, 3, 52, 13, 57, 16, TRUE),
    (4, 1, 4, 46, 26, 44, 25, FALSE),
    (5, 1, 5, 83, 17, 80, 16, FALSE),
    (6, 2, 6, 88, 14, 87, 13, TRUE),
    (7, 2, 7, 80, 26, 82, 28, FALSE),
    (8, 2, 8, 56, 10, 53, 7, TRUE),
    (9, 2, 9, 57, 18, 60, 20, FALSE),
    (10, 2, 10, 64, 20, 66, 19, FALSE),
    (11, 3, 11, 68, 21, 73, 19, FALSE),
    (12, 3, 12, 87, 12, 91, 12, FALSE),
    (13, 3, 13, 77, 29, 77, 27, TRUE),
    (14, 3, 14, 51, 15, 48, 16, FALSE),
    (15, 3, 15, 59, 15, 54, 15, FALSE),
    (16, 4, 16, 99, 10, 95, 10, TRUE),
    (17, 4, 17, 95, 26, 95, 28, TRUE),
    (18, 4, 18, 48, 14, 46, 17, FALSE),
    (19, 4, 19, 48, 18, 52, 17, TRUE),
    (20, 4, 20, 45, 21, 41, 20, FALSE),
    (21, 5, 21, 84, 28, 84, 29, FALSE),
    (22, 5, 22, 67, 21, 68, 18, FALSE),
    (23, 5, 23, 80, 11, 75, 14, TRUE),
    (24, 5, 24, 80, 27, 76, 26, FALSE),
    (25, 5, 25, 63, 30, 62, 28, TRUE),
    (26, 6, 26, 91, 24, 93, 22, TRUE),
    (27, 6, 27, 65, 20, 61, 22, FALSE),
    (28, 6, 28, 58, 23, 57, 26, TRUE),
    (29, 6, 29, 56, 24, 52, 25, FALSE),
    (30, 6, 30, 56, 27, 58, 25, TRUE),
    (31, 7, 31, 94, 19, 89, 16, TRUE),
    (32, 7, 32, 67, 28, 70, 31, TRUE),
    (33, 7, 33, 67, 27, 71, 28, TRUE),
    (34, 7, 34, 98, 11, 98, 12, FALSE),
    (35, 7, 35, 65, 24, 63, 24, FALSE),
    (36, 8, 36, 49, 11, 53, 14, TRUE),
    (37, 8, 7, 85, 21, 84, 21, FALSE),
    (38, 8, 8, 78, 10, 79, 12, FALSE),
    (39, 8, 9, 76, 29, 71, 30, FALSE),
    (40, 8, 10, 61, 16, 60, 18, TRUE),
    (41, 9, 11, 80, 30, 75, 33, FALSE),
    (42, 9, 12, 89, 21, 89, 19, TRUE),
    (43, 9, 23, 88, 20, 92, 20, FALSE),
    (44, 9, 34, 56, 14, 56, 15, FALSE),
    (45, 9, 35, 90, 27, 85, 25, TRUE),
    (46, 10, 26, 98, 11, 97, 14, TRUE),
    (47, 10, 17, 66, 23, 66, 21, TRUE),
    (48, 10, 28, 62, 16, 65, 15, TRUE),
    (49, 10, 9, 70, 28, 69, 28, TRUE),
    (50, 10, 20, 60, 19, 64, 20, TRUE);
