-- 기본 테이블(독립 테이블) 데이터 먼저 삽입


-- 1. store(매장) 데이터
-- 매장 데이터 추가
INSERT INTO store (store_id, store_name, store_addr, store_tel, store_created_at, store_cert, store_acc)
VALUES
-- 서울특별시 종로구 매장 (3개)
(1, '종로점', '서울특별시 종로구 종로 1길 10', '02-1234-5678', '2023-01-01 09:00:00', 'https://example.com/cert/jongno.jpg', 'https://example.com/accounts/jongno.jpg'),
(2, '광화문점', '서울특별시 종로구 세종대로 21', '02-2345-6789', '2023-01-22 09:00:00', 'https://example.com/cert/gwanghwamun.jpg', 'https://example.com/accounts/gwanghwamun.jpg'),
(3, '인사동점', '서울특별시 종로구 인사동길 12', '02-3456-7890', '2023-04-16 09:00:00', 'https://example.com/cert/insadong.jpg', 'https://example.com/accounts/insadong.jpg'),

-- 서울특별시 강북구 매장 (3개)
(4, '수유점', '서울특별시 강북구 도봉로 71', '02-4567-8901', '1997-12-20 09:00:00', 'https://example.com/cert/suyu.jpg', 'https://example.com/accounts/suyu.jpg'),
(5, '미아점', '서울특별시 강북구 삼양로 153', '02-5678-9012', '2025-01-01 09:00:00', 'https://example.com/cert/mia.jpg', 'https://example.com/accounts/mia.jpg'),
(6, '번동점', '서울특별시 강북구 번동로 45', '02-6789-0123', '2023-01-07 09:00:00', 'https://example.com/cert/beondong.jpg', 'https://example.com/accounts/beondong.jpg'),

-- 서울특별시 강남구 매장 (4개)
(7, '강남점', '서울특별시 강남구 강남대로 123', '02-7890-1234', '2024-02-01 09:00:00', 'https://example.com/cert/gangnam.jpg', 'https://example.com/accounts/gangnam.jpg'),
(8, '신사점', '서울특별시 강남구 압구정로 45', '02-8901-2345', '2022-03-12 09:00:00', 'https://example.com/cert/sinsa.jpg', 'https://example.com/accounts/sinsa.jpg'),
(9, '논현점', '서울특별시 강남구 논현로 67', '02-9012-3456', '2021-01-01 09:00:00', 'https://example.com/cert/nonhyeon.jpg', 'https://example.com/accounts/nonhyeon.jpg'),
(10, '삼성점', '서울특별시 강남구 테헤란로 89', '02-0123-4567', '2023-12-22 09:00:00', 'https://example.com/cert/samsung.jpg', 'https://example.com/accounts/samsung.jpg');

-- 2. category(카테고리) 데이터
INSERT INTO `category` (`category_id`, `category_name`, `category_filter`, `parent_category_id`) VALUES
-- 대분류 (최상위 카테고리)
(1, '식품', 1, NULL),
(2, '음료', 1, NULL),
(3, '생활용품', 1, NULL),

-- 중분류 (식품의 하위 카테고리)
(4, '과자/스낵', 2, 1),
(7, '냉장식품', 2, 1),
(8, '냉동식품', 2, 1),

-- 중분류 (음료의 하위 카테고리)
(5, '아이스크림', 2, 2),
(6, '주류', 2, 2),
(11, '커피/차', 2, 2),
(12, '주스', 2, 2),
(13, '탄산음료', 2, 2),

-- 중분류 (생활용품의 하위 카테고리)
(14, '세제류', 2, 3),
(15, '화장지/물티슈', 2, 3),

-- 소분류 (과자/스낵의 하위 카테고리)
(16, '초콜릿', 3, 4),
(17, '비스킷/쿠키', 3, 4),

-- 소분류 (냉장식품의 하위 카테고리)
(9, '샌드위치', 3, 7),

-- 소분류 (냉동식품의 하위 카테고리)
(10, '도시락', 3, 8),

-- 소분류 (커피/차의 하위 카테고리)
(18, '아메리카노', 3, 11),
(19, '라떼', 3, 11),
(20, '녹차/홍차', 3, 11),

-- 소분류 (아이스크림의 하위 카테고리)
(23, '바', 3, 5),
(24, '콘', 3, 5),
(25, '캔디바', 3, 5),

-- 소분류 (주류의 하위 카테고리)
(26, '소주', 3, 6),
(27, '맥주', 3, 6),
(28, '전통주', 3, 6),

-- 소분류 (주스의 하위 카테고리)
(29, '과일주스', 3, 12),
(30, '야채주스', 3, 12),
(31, '혼합주스', 3, 12),

-- 소분류 (탄산음료의 하위 카테고리)
(32, '콜라', 3, 13),
(33, '사이다', 3, 13);

-- 3. ai_model(AI 모델) 데이터
INSERT INTO `ai_model` (`model_id`, `ai_name`, `ai_type`, `ai_version`, `ai_parameters`, `ai_accuracy`, `ai_training_date`, `ai_is_active`, `ai_created_at`, `ai_updated_at`) VALUES
(1, '재고예측모델', '시계열예측', '1.0.0', '{"learning_rate": 0.01, "layers": 3, "hidden_units": 64}', 87.5, '2023-05-15 00:00:00', TRUE, '2023-05-15 12:30:00', '2023-05-15 12:30:00'),
(2, '판매량예측모델', '회귀분석', '2.1.0', '{"algorithm": "random_forest", "max_depth": 10, "n_estimators": 100}', 92.3, '2023-06-20 00:00:00', TRUE, '2023-06-20 14:45:00', '2023-07-15 09:30:00'),
(3, '이상감지모델', '이상탐지', '1.5.0', '{"threshold": 0.85, "window_size": 24, "feature_count": 12}', 78.6, '2023-07-01 00:00:00', TRUE, '2023-07-01 10:15:00', '2023-09-01 16:20:00'),
(4, '고객행동예측', '분류', '0.9.5', '{"algorithm": "svm", "kernel": "rbf", "C": 1.0}', 81.2, '2023-08-10 00:00:00', FALSE, '2023-08-10 11:00:00', '2023-08-10 11:00:00'),
(5, '가격최적화모델', '강화학습', '0.7.0', '{"discount_factor": 0.95, "epochs": 500, "batch_size": 32}', 75.8, '2023-09-05 00:00:00', TRUE, '2023-09-05 15:30:00', '2023-10-01 13:45:00');

-- 4. weather_data(날씨) 데이터
INSERT INTO `weather_data` (`weather_id`, `wt_location`, `wt_date`, `wt_temperature`, `wt_condition`, `wt_humidity`, `wt_precipitation`, `wt_created_at`) VALUES
(1, '서울', '2023-10-01', 22.5, '맑음', 45, 0.0, '2023-10-01 00:10:00'),
(2, '서울', '2023-10-02', 23.1, '구름조금', 50, 0.0, '2023-10-02 00:10:00'),
(3, '서울', '2023-10-03', 20.8, '흐림', 65, 5.2, '2023-10-03 00:10:00'),
(4, '서울', '2023-10-04', 18.5, '비', 80, 15.7, '2023-10-04 00:10:00'),
(5, '서울', '2023-10-05', 19.2, '비', 75, 8.3, '2023-10-05 00:10:00'),
(6, '부산', '2023-10-01', 24.7, '맑음', 50, 0.0, '2023-10-01 00:10:00'),
(7, '부산', '2023-10-02', 25.3, '맑음', 55, 0.0, '2023-10-02 00:10:00'),
(8, '부산', '2023-10-03', 24.9, '구름조금', 60, 0.0, '2023-10-03 00:10:00'),
(9, '부산', '2023-10-04', 22.1, '흐림', 70, 2.5, '2023-10-04 00:10:00'),
(10, '부산', '2023-10-05', 21.5, '비', 85, 12.3, '2023-10-05 00:10:00');

-- 5. product(상품) 데이터 추가 (카테고리 체계 변경에 맞게 수정)
INSERT INTO `product` (`product_id`, `category_id`, `pro_name`, `pro_barcode`, `pro_cost`, `pro_sell_cost`, `pro_created_at`, `pro_update_at`, `pro_image`, `is_promo`,`pro_stock_limit`) VALUES
-- 냉장식품(7) 카테고리의 상품들
(1, 7,  '삼각김밥 참치', 8801234567890, 450, 1200, '2023-01-15 08:00:00', '2023-01-15 08:00:00', 'https://example.com/images/samgak_tuna.jpg', 0,10),
(2, 7, '삼각김밥 불고기', 8801234567891, 500, 1300, '2023-01-15 08:10:00', '2023-01-15 08:10:00', 'https://example.com/images/samgak_bulgogi.jpg', 0,10),

-- 탄산음료(13) 카테고리의 상품들
(3, 13,  '콜라 500ml', 8801234567892, 700, 1500, '2023-01-15 09:00:00', '2023-01-15 09:00:00', 'https://example.com/images/cola_500.jpg', 0,10),
(4, 13,  '사이다 500ml', 8801234567893, 650, 1500, '2023-01-15 09:05:00', '2023-01-15 09:05:00', 'https://example.com/images/cider_500.jpg', 0,10),

-- 화장지/물티슈(15) 카테고리의 상품
(5, 15,  '물티슈 60매', 8801234567894, 850, 1800, '2023-01-16 10:00:00', '2023-01-16 10:00:00', 'https://example.com/images/wipes_60.jpg', 0,10),

-- 과자/스낵(4) 카테고리의 상품
(6, 4, '포테이토칩 오리지널', 8801234567895, 600, 1500, '2023-01-16 10:30:00', '2023-01-16 10:30:00', 'https://example.com/images/potato_org.jpg', 0,10),

-- 초콜릿(16) 카테고리의 상품
(7, 16,  '초코파이 12개입', 8801234567896, 2400, 3800, '2023-01-16 11:00:00', '2023-01-16 11:00:00', 'https://example.com/images/choco_pie.jpg', 0,30),

-- 아이스크림(5) 카테고리의 상품들
(8, 5,  '메로나', 8801104123174, 350, 1000, '2023-01-17 09:00:00', '2023-01-17 09:00:00', '/product8.jpg', 1,30),
(9, 5,  '비비빅', 8801234567898, 400, 1200, '2023-01-17 09:10:00', '2023-01-17 09:10:00', 'https://example.com/images/bbibig.jpg', 1,30),

-- 주류(6) 카테고리의 상품
(10, 6, '참이슬 후레쉬 360ml', 8801234567899, 950, 1700, '2023-01-18 10:00:00', '2023-01-18 10:00:00', 'https://example.com/images/soju_fresh.jpg', 0,30),

-- 냉장식품(7) 카테고리의 상품
(11, 7, '요구르트 4입', 8801234567900, 1800, 3200, '2023-01-19 08:00:00', '2023-01-19 08:00:00', 'https://example.com/images/yogurt_4.jpg', 0,50),

-- 냉동식품(8) 카테고리의 상품
(12, 8, '냉동만두 420g', 8801234567901, 3500, 6500, '2023-01-19 08:30:00', '2023-01-19 08:30:00', 'https://example.com/images/frozen_mandu.jpg', 0,50),

-- 샌드위치(9) 카테고리의 상품
(13, 9,  '햄치즈 샌드위치', 8801234567902, 1800, 3500, '2023-01-20 07:00:00', '2023-01-20 07:00:00', 'https://example.com/images/ham_cheese_sandwich.jpg', 0,50),

-- 도시락(10) 카테고리의 상품들
(14, 10,  '김치볶음밥 도시락', 8801234567903, 2500, 4500, '2023-01-20 07:30:00', '2023-01-20 07:30:00', 'https://example.com/images/kimchi_dosirak.jpg', 0,50),
(15, 10, '제육볶음 도시락', 8801234567904, 2700, 4800, '2023-01-20 07:35:00', '2023-01-20 07:35:00', 'https://example.com/images/jeyuk_dosirak.jpg', 0,50),

-- 추가 상품들: 다양한 카테고리에 맞게 추가
-- 커피/차(11) 카테고리의 상품들
(16, 18, '아메리카노 250ml', 8801234567905, 800, 1800, '2023-01-21 08:00:00', '2023-01-21 08:00:00', 'https://example.com/images/americano.jpg', 0,50),
(17, 19, '카페라떼 250ml', 8801234567906, 900, 2000, '2023-01-21 08:10:00', '2023-01-21 08:10:00', 'https://example.com/images/latte.jpg', 0,50),
(18, 20, '녹차 500ml', 8801234567907, 750, 1600, '2023-01-21 08:20:00', '2023-01-21 08:20:00', 'https://example.com/images/green_tea.jpg', 0,50),

-- 주스(12) 카테고리의 상품들
(19, 12, '오렌지주스 500ml', 8801234567908, 900, 1900, '2023-01-22 09:00:00', '2023-01-22 09:00:00', 'https://example.com/images/orange_juice.jpg', 0,100),
(20, 12, '사과주스 500ml', 8801234567909, 850, 1800, '2023-01-22 09:10:00', '2023-01-22 09:10:00', 'https://example.com/images/apple_juice.jpg', 0,100),

-- 비스킷/쿠키(17) 카테고리의 상품
(21, 17, '초코칩쿠키 8개입', 8801234567910, 1800, 3500, '2023-01-23 10:00:00', '2023-01-23 10:00:00', 'https://example.com/images/choco_cookies.jpg', 0,100),

-- 세제류(14) 카테고리의 상품
(22, 14, '주방세제 500ml', 8801234567911, 1500, 3000, '2023-01-24 11:00:00', '2023-01-24 11:00:00', 'https://example.com/images/dish_soap.jpg', 0,100),

-- 아이스크림 바(23) 카테고리의 상품들
(23, 23, '월드콘', 8801234567912, 800, 2000, '2024-01-25 09:00:00', '2024-01-25 09:00:00', 'https://example.com/images/worldcone.jpg', 0,100),
(24, 23, '구구콘', 8801234567913, 700, 1800, '2024-01-25 09:05:00', '2024-01-25 09:05:00', 'https://example.com/images/gugucone.jpg', 0,100),

-- 아이스크림 콘(24) 카테고리의 상품들
(25, 24, '설레임', 8801234567914, 900, 2200, '2024-01-25 09:10:00', '2024-01-25 09:10:00', 'https://example.com/images/seolleim.jpg', 0,100),
(26, 24, '쌍쌍바', 8801234567915, 600, 1500, '2024-01-25 09:15:00', '2024-01-25 09:15:00', 'https://example.com/images/ssangbar.jpg', 0,100),

-- 소주(26) 카테고리의 상품들
(27, 26, '처음처럼', 8801234567916, 1200, 2500, '2024-01-26 10:00:00', '2024-01-26 10:00:00', 'https://example.com/images/cheoeum.jpg', 0,100),
(28, 26, '진로', 8801234567917, 1100, 2400, '2024-01-26 10:05:00', '2024-01-26 10:05:00', 'https://example.com/images/jinro.jpg', 0,100),

-- 맥주(27) 카테고리의 상품들
(29, 27, '카스', 8801234567918, 1500, 3000, '2024-01-26 10:10:00', '2024-01-26 10:10:00', 'https://example.com/images/cass.jpg', 0,100),
(30, 27, '하이트', 8801234567919, 1400, 2900, '2024-01-26 10:15:00', '2024-01-26 10:15:00', 'https://example.com/images/hite.jpg', 0,100),

-- 과일주스(29) 카테고리의 상품들
(31, 29, '델몬트 오렌지', 8801234567920, 1200, 2500, '2024-01-27 11:00:00', '2024-01-27 11:00:00', 'https://example.com/images/delmonte_orange.jpg', 0,100),
(32, 29, '델몬트 포도', 8801234567921, 1200, 2500, '2024-01-27 11:05:00', '2024-01-27 11:05:00', 'https://example.com/images/delmonte_grape.jpg', 0,100),

-- 야채주스(30) 카테고리의 상품들
(33, 30, '토마토주스', 8801234567922, 1300, 2700, '2024-01-27 11:10:00', '2024-01-27 11:10:00', 'https://example.com/images/tomato_juice.jpg',0,100),
(34, 30, '당근주스', 8801234567923, 1300, 2700, '2024-01-27 11:15:00', '2024-01-27 11:15:00', 'https://example.com/images/carrot_juice.jpg', 0,100),

-- 콜라(32) 카테고리의 상품들
(35, 32, '코카콜라 제로', 8801234567924, 800, 1800, '2024-01-28 12:00:00', '2024-01-28 12:00:00', 'https://example.com/images/coke_zero.jpg', 0,100),
(36, 32, '펩시', 8801234567925, 750, 1700, '2024-01-28 12:05:00', '2024-01-28 12:05:00', 'https://example.com/images/pepsi.jpg', 0,100),

-- 사이다(33) 카테고리의 상품들
(37, 33, '칠성사이다 제로', 8801234567926, 800, 1800, '2024-01-28 12:10:00', '2024-01-28 12:10:00', 'https://example.com/images/cider_zero.jpg', 0,100),
(38, 33, '스프라이트', 8801234567927, 750, 1700, '2024-01-28 12:15:00', '2024-01-28 12:15:00', 'https://example.com/images/sprite.jpg', 0,100);

-- 6. 상품 세부항목(product_details) 데이터
INSERT INTO `product_details` (`pro_detail_id`, `product_id`, `manufacturer`, `manu_num`, `shelf_life`, `allergens`, `storage_method`) VALUES
(1, 1, '삼각김밥 주식회사', '02-123-4567', '제조일로부터 1일', '쌀, 참치(대두,밀 함유)', '냉장보관'),
(2, 2, '삼각김밥 주식회사', '02-123-4567', '제조일로부터 1일', '쌀, 불고기(대두,밀 함유)', '냉장보관'),
(3, 3, '코카콜라', '02-456-7890', '제조일로부터 12개월', NULL, '직사광선을 피해 서늘한 곳에 보관'),
(4, 4, '칠성사이다', '02-567-8901', '제조일로부터 12개월', NULL, '직사광선을 피해 서늘한 곳에 보관'),
(5, 5, '크리넥스', '02-678-9012', NULL, NULL, '직사광선을 피해 건조한 곳에 보관'),
(6, 6, '롯데제과', '02-789-0123', '제조일로부터 6개월', '밀, 대두', '직사광선을 피해 서늘한 곳에 보관'),
(7, 7, '오리온', '02-890-1234', '제조일로부터 6개월', '밀, 대두, 계란', '직사광선을 피해 서늘한 곳에 보관'),
(8, 8, '빙그레', '02-901-2345', '제조일로부터 12개월', '우유', '냉동보관'),
(9, 9, '롯데제과', '02-789-0123', '제조일로부터 12개월', '우유', '냉동보관'),
(10, 10, '하이트진로', '02-012-3456', '제조일로부터 12개월', NULL, '직사광선을 피해 서늘한 곳에 보관'),
(11, 11, '남양유업', '02-123-4567', '제조일로부터 30일', '우유', '냉장보관'),
(12, 12, 'CJ제일제당', '02-234-5678', '제조일로부터 12개월', '밀, 대두, 돼지고기', '냉동보관'),
(13, 13, '편의점샌드위치', '02-345-6789', '제조일로부터 1일', '밀, 계란, 우유', '냉장보관'),
(14, 14, '한국도시락', '02-456-7890', '제조일로부터 2일', '쌀, 김치(고춧가루)', '냉장보관'),
(15, 15, '한국도시락', '02-456-7890', '제조일로부터 2일', '쌀, 돼지고기, 대두', '냉장보관'),
(16, 16, '스타벅스', '02-567-8901', '제조일로부터 180일', NULL, '직사광선을 피해 서늘한 곳에 보관'),
(17, 17, '스타벅스', '02-567-8901', '제조일로부터 180일', '우유', '직사광선을 피해 서늘한 곳에 보관'),
(18, 18, '동서식품', '02-678-9012', '제조일로부터 365일', NULL, '직사광선을 피해 서늘한 곳에 보관'),
(19, 19, '델몬트', '02-789-0123', '제조일로부터 180일', NULL, '직사광선을 피해 서늘한 곳에 보관'),
(20, 20, '해태음료', '02-890-1234', '제조일로부터 180일', NULL, '직사광선을 피해 서늘한 곳에 보관'),
(21, 21, '롯데제과', '02-901-2345', '제조일로부터 180일', '밀, 대두, 계란', '직사광선을 피해 서늘한 곳에 보관'),
(22, 22, '애경', '02-012-3456', '제조일로부터 730일', NULL, '직사광선을 피해 서늘한 곳에 보관'),
(23, 23, '빙그레', '02-901-2345', '제조일로부터 12개월', '우유', '냉동보관'),
(24, 24, '롯데제과', '02-789-0123', '제조일로부터 12개월', '우유', '냉동보관'),
(25, 25, '빙그레', '02-901-2345', '제조일로부터 12개월', '우유', '냉동보관'),
(26, 26, '롯데제과', '02-789-0123', '제조일로부터 12개월', '우유', '냉동보관'),
(27, 27, '롯데주류', '02-345-6789', '제조일로부터 12개월', NULL, '직사광선을 피해 서늘한 곳에 보관'),
(28, 28, '진로', '02-456-7890', '제조일로부터 12개월', NULL, '직사광선을 피해 서늘한 곳에 보관'),
(29, 29, '오비맥주', '02-567-8901', '제조일로부터 12개월', NULL, '직사광선을 피해 서늘한 곳에 보관'),
(30, 30, '하이트맥주', '02-678-9012', '제조일로부터 12개월', NULL, '직사광선을 피해 서늘한 곳에 보관'),
(31, 31, '델몬트', '02-789-0123', '제조일로부터 180일', NULL, '직사광선을 피해 서늘한 곳에 보관'),
(32, 32, '델몬트', '02-789-0123', '제조일로부터 180일', NULL, '직사광선을 피해 서늘한 곳에 보관'),
(33, 33, '해태음료', '02-890-1234', '제조일로부터 180일', NULL, '직사광선을 피해 서늘한 곳에 보관'),
(34, 34, '해태음료', '02-890-1234', '제조일로부터 180일', NULL, '직사광선을 피해 서늘한 곳에 보관'),
(35, 35, '코카콜라', '02-456-7890', '제조일로부터 12개월', NULL, '직사광선을 피해 서늘한 곳에 보관'),
(36, 36, '롯데칠성', '02-567-8901', '제조일로부터 12개월', NULL, '직사광선을 피해 서늘한 곳에 보관'),
(37, 37, '롯데칠성', '02-567-8901', '제조일로부터 12개월', NULL, '직사광선을 피해 서늘한 곳에 보관'),
(38, 38, '코카콜라', '02-456-7890', '제조일로부터 12개월', NULL, '직사광선을 피해 서늘한 곳에 보관');

-- 7. sales_statistics(판매 통계) 데이터
INSERT INTO `sales_statistics` (`stats_id`, `store_id`, `category_id`, `date`, `hour`, `total_sales`, `transaction_count`, `avg_transaction`, `created_at`) VALUES
(1, 1, 1, '2023-10-01', '2023-10-01 12:00:00', 58500.00, 45, 1300.00, '2023-10-01 23:59:00'),
(2, 1, 2, '2023-10-01', '2023-10-01 12:00:00', 42000.00, 28, 1500.00, '2023-10-01 23:59:00'),
(3, 1, 4, '2023-10-01', '2023-10-01 12:00:00', 35250.00, 22, 1602.27, '2023-10-01 23:59:00'),
(4, 2, 1, '2023-10-01', '2023-10-01 12:00:00', 63750.00, 50, 1275.00, '2023-10-01 23:59:00'),
(5, 2, 2, '2023-10-01', '2023-10-01 12:00:00', 51000.00, 34, 1500.00, '2023-10-01 23:59:00'),
(6, 3, 1, '2023-10-01', '2023-10-01 12:00:00', 48750.00, 38, 1282.89, '2023-10-01 23:59:00'),
(7, 1, 1, '2023-10-02', '2023-10-02 12:00:00', 62400.00, 48, 1300.00, '2023-10-02 23:59:00'),
(8, 1, 2, '2023-10-02', '2023-10-02 12:00:00', 43500.00, 29, 1500.00, '2023-10-02 23:59:00'),
(9, 2, 1, '2023-10-02', '2023-10-02 12:00:00', 59800.00, 47, 1272.34, '2023-10-02 23:59:00'),
(10, 3, 2, '2023-10-02', '2023-10-02 12:00:00', 54000.00, 36, 1500.00, '2023-10-02 23:59:00');

-- 8. inventory_statistics(재고 통계) 데이터
INSERT INTO `inventory_statistics` (`stats_id`, `store_id`, `category_id`, `inven_date`, `inven_turnover_rate`, `inven_stock_value`, `inven_low_stock_count`, `inven_excess_stock_count`, `inven_expired_soon_count`, `inven_created_at`) VALUES
(1, 1, 1, '2023-10-01', 3.75, 125000.00, 2, 1, 3, '2023-10-01 23:59:00'),
(2, 1, 2, '2023-10-01', 2.50, 87500.00, 1, 2, 0, '2023-10-01 23:59:00'),
(3, 1, 4, '2023-10-01', 1.85, 65000.00, 0, 3, 0, '2023-10-01 23:59:00'),
(4, 2, 1, '2023-10-01', 4.10, 135000.00, 3, 0, 2, '2023-10-01 23:59:00'),
(5, 2, 2, '2023-10-01', 3.25, 95000.00, 2, 1, 0, '2023-10-01 23:59:00'),
(6, 3, 1, '2023-10-01', 3.50, 110000.00, 1, 1, 1, '2023-10-01 23:59:00'),
(7, 1, 1, '2023-10-02', 3.90, 130000.00, 1, 1, 4, '2023-10-02 23:59:00'),
(8, 1, 2, '2023-10-02', 2.70, 90000.00, 2, 1, 0, '2023-10-02 23:59:00'),
(9, 2, 1, '2023-10-02', 4.25, 140000.00, 2, 0, 3, '2023-10-02 23:59:00'),
(10, 3, 2, '2023-10-02', 3.50, 105000.00, 1, 2, 0, '2023-10-02 23:59:00');

-- 9. order_stats(발주 통계) 데이터
INSERT INTO `order_stats` (`ostats_id`, `store_id`, `product_id`, `ostats_date`, `ostats_quantity`, `ostats_total`, `created_at`) VALUES
(1, 1, 3, '2025-02-11', 88, 352000, '2025-02-11 08:52:00'),
(2, 1, 7, '2025-01-14', 73, 277400, '2025-01-14 17:17:00'),
(3, 1, 21, '2025-01-16', 37, 155400, '2025-01-16 09:02:00'),
(4, 1, 33, '2025-01-09', 36, 129600, '2025-01-09 14:11:00'),
(5, 1, 5, '2025-03-14', 60, 240000, '2025-03-14 12:06:00'),
(6, 1, 14, '2025-01-03', 39, 140400, '2025-01-03 08:45:00'),
(7, 1, 11, '2025-01-31', 81, 259200, '2025-01-31 13:08:00'),
(8, 1, 26, '2025-02-03', 43, 193500, '2025-02-03 15:59:00'),
(9, 2, 35, '2025-03-14', 51, 183600, '2025-03-14 13:03:00'),
(10, 2, 18, '2025-02-20', 38, 121600, '2025-02-20 12:20:00'),
(11, 3, 31, '2025-02-18', 60, 180000, '2025-02-18 11:11:00'),
(12, 3, 2, '2025-02-24', 55, 192500, '2025-02-24 16:34:00'),
(13, 4, 27, '2025-02-16', 75, 187500, '2025-02-16 09:27:00'),
(14, 4, 37, '2025-02-11', 35, 126000, '2025-02-11 12:21:00'),
(15, 5, 9, '2025-01-10', 91, 218400, '2025-01-10 15:50:00'),
(16, 5, 36, '2025-03-08', 60, 204000, '2025-03-08 09:28:00'),
(17, 5, 10, '2025-03-22', 57, 196650, '2025-03-22 08:45:00'),
(18, 5, 6, '2025-02-14', 77, 277200, '2025-02-14 14:33:00'),
(19, 5, 15, '2025-01-23', 49, 235200, '2025-01-23 10:40:00'),
(20, 5, 29, '2025-01-25', 85, 255000, '2025-01-25 11:07:00'),
(21, 5, 8, '2025-03-13', 55, 110000, '2025-03-13 15:30:00'),
(22, 6, 19, '2025-02-09', 22, 39600, '2025-02-09 14:18:00'),
(23, 6, 17, '2025-01-28', 31, 62000, '2025-01-28 08:55:00'),
(24, 7, 24, '2025-03-09', 99, 178200, '2025-03-09 16:40:00'),
(25, 7, 28, '2025-03-04', 52, 124800, '2025-03-04 14:11:00'),
(26, 7, 1, '2025-01-04', 64, 76800, '2025-01-04 09:02:00'),
(27, 7, 23, '2025-03-25', 36, 72000, '2025-03-25 13:50:00'),
(28, 7, 32, '2025-01-30', 55, 137500, '2025-01-30 11:30:00'),
(29, 7, 20, '2025-02-13', 67, 120600, '2025-02-13 08:44:00'),
(30, 7, 16, '2025-03-11', 41, 73800, '2025-03-11 15:00:00'),
(31, 8, 34, '2025-02-21', 66, 178200, '2025-02-21 12:12:00'),
(32, 8, 13, '2025-01-18', 30, 105000, '2025-01-18 13:22:00'),
(33, 9, 30, '2025-03-03', 78, 226200, '2025-03-03 16:25:00'),
(34, 9, 12, '2025-02-05', 28, 182000, '2025-02-05 09:19:00'),
(35, 10, 4, '2025-03-12', 48, 216000, '2025-03-12 10:58:00'),
(36, 10, 22, '2025-02-27', 33, 99000, '2025-02-27 14:44:00'),
(37, 10, 25, '2025-01-26', 41, 90200, '2025-01-26 17:21:00'),
(38, 10, 19, '2025-01-07', 90, 171000, '2025-01-07 15:10:00');


-- 10. demand_prediction(수요 예측) 데이터
INSERT INTO `demand_prediction` (`prediction_id`, `store_id`, `product_id`, `dmd_date`, `dmd_predicted_quantity`, `dmd_confidence_level`, `dmd_weather_factor`, `dmd_seasonal_factor`, `dmd_created_at`) VALUES
(1, 1, 1, '2023-10-06', 55, 0.85, 0.75, 0.90, '2023-10-05 00:00:00'),
(2, 1, 2, '2023-10-06', 45, 0.82, 0.70, 0.85, '2023-10-05 00:00:00'),
(3, 1, 3, '2023-10-06', 65, 0.88, 0.80, 0.95, '2023-10-05 00:00:00'),
(4, 2, 1, '2023-10-06', 60, 0.87, 0.78, 0.93, '2023-10-05 00:00:00'),
(5, 2, 4, '2023-10-06', 50, 0.84, 0.72, 0.88, '2023-10-05 00:00:00'),
(6, 3, 5, '2023-10-06', 35, 0.80, 0.65, 0.85, '2023-10-05 00:00:00'),
(7, 1, 6, '2023-10-06', 40, 0.83, 0.70, 0.90, '2023-10-05 00:00:00'),
(8, 2, 7, '2023-10-06', 30, 0.81, 0.68, 0.85, '2023-10-05 00:00:00'),
(9, 3, 8, '2023-10-06', 45, 0.85, 0.75, 0.92, '2023-10-05 00:00:00'),
(10, 1, 9, '2023-10-06', 35, 0.82, 0.70, 0.87, '2023-10-05 00:00:00');

-- 11. anomaly_detection(이상 탐지) 데이터
INSERT INTO `anomaly_detection` (`anomaly_id`, `store_id`, `anom_type`, `anom_detection_time`, `anom_severity`, `anom_description`, `anom_is_resolved`, `anom_resolution_notes`, `anom_created_at`, `anom_updated_at`) VALUES
(1, 1, '재고 급감', '2023-10-01 14:23:15', 4, '삼각김밥 참치 제품의 재고가 1시간 내에 30개 이상 감소했습니다.', TRUE, '특별 할인 행사로 인한 정상적인 판매량 증가', '2023-10-01 14:23:15', '2023-10-01 16:45:00');

-- 12. part_timer(아르바이트) 데이터

-- part_status 정의

-- 1: 재직
-- 2: 퇴사
-- 3: 휴직

-- salary_type 정의

-- 1: 시급
-- 2: 월급

INSERT INTO part_timer (part_timer_id, store_id, part_name, part_gender, part_phone, part_addres, birth_date, hire_date, resign_date, salary_type, hourly_wage, account_bank, account_number, part_status, created_at, position, work_type) VALUES
(1, 1, '한예지', 2, '010-5485-3489', '충청북도 부천시 원미구 도산대길 (지후최마을)', '1999-03-23', '2023-09-12', NULL, 1, 9620, 1, 'TMYL90277167014508', 1, '2025-04-22 23:22:44','점장', '평일 주간 아르바이트'),
(2, 1, '김현주', 1, '010-4026-1429', '부산광역시 마포구 서초중앙거리 (성수류손마을)', '1986-03-04', '2023-05-04', NULL, 1, 10500, 2, 'UFQP72175354083866', 1, '2025-02-15 15:10:45','매니저', '평일 야간 아르바이트'),
(3, 1, '박영환', 2, '010-4783-4804', '세종특별자치시 양천구 봉은사01가', '1998-05-06', '2023-05-22', NULL, 1, 9620, 2, 'RRAC99488375503758', 1, '2025-04-02 20:57:45','매니저', '주말 야간 아르바이트'),
(4, 1, '이예원', 1, '010-6886-2302', '인천광역시 종로구 영동대488거리', '1987-12-07', '2023-05-30', NULL, 1, 10500, 1, 'FPEW61493316373516', 1, '2025-01-10 00:42:26','아르바이트', '주말 주간 아르바이트'),
(5, 1, '홍은서', 1, '010-9230-8680', '경상남도 태안군 서초중앙로 (민지이마을)', '2000-09-29', '2025-04-11', NULL, 1, 10500, 2, 'QYFW92216995866934', 1, '2025-03-19 06:12:30','매니저', '주말 야간 아르바이트'),
(6, 2, '주예원', 2, '010-4014-7348', '충청북도 원주시 잠실83길', '1991-06-14', '2024-08-21', NULL, 1, 10000, 1, 'WJVL22885158799684', 1, '2025-03-24 00:27:47','점장', '주말 야간 아르바이트'),
(7, 2, '박경자', 1, '010-3683-4166', '경기도 청주시 상당구 논현거리', '1989-10-16', '2023-12-03', NULL, 1, 9620, 1, 'VIEB43805719838638', 1, '2025-02-25 20:29:35','매니저', '평일 야간 아르바이트'),
(8, 2, '김영미', 2, '010-1245-5421', '전라남도 천안시 서북구 압구정거리 (수진황리)', '1991-12-28', '2025-04-01', NULL, 1, 10000, 1, 'UWWU59893347212281', 1, '2025-03-15 05:52:16','아르바이트', '평일 주간 아르바이트'),
(9, 2, '이상훈', 1, '010-4351-2083', '전라북도 파주시 반포대202거리', '2004-08-15', '2023-06-03', NULL, 1, 9620, 1, 'YUTV47985158328182', 1, '2025-03-22 18:22:48','매니저', '평일 주간 아르바이트'),
(10, 2, '이순자', 2, '010-6323-8496', '전라남도 연천군 양재천9가', '2003-06-01', '2025-01-23', NULL, 1, 9620, 1, 'YUAD57399305616484', 1, '2025-01-05 19:08:13','아르바이트', '주말 야간 아르바이트'),
(11, 3, '류영미', 2, '010-1685-7232', '경상남도 성남시 가락5로 (성호곽마을)', '2002-06-16', '2023-04-30', NULL, 1, 10500, 1, 'UCGV36138612075011', 1, '2025-01-11 12:54:27','점장', '주말 야간 아르바이트'),
(12, 3, '김도윤', 2, '010-9784-9605', '전라북도 원주시 반포대665로', '1997-07-26', '2024-09-28', NULL, 1, 10500, 2, 'DRAU91901581449147', 1, '2025-03-16 01:30:57','매니저', '평일 야간 아르바이트'),
(13, 3, '장영수', 1, '010-9530-2791', '충청북도 진천군 잠실24거리', '1984-09-10', '2024-06-27', NULL, 1, 10000, 1, 'REDB09968814353682', 1, '2025-02-01 06:06:06','아르바이트', '평일 주간 아르바이트'),
(14, 3, '강상훈', 1, '010-5025-9498', '대구광역시 서초구 잠실가', '2003-01-06', '2023-06-20', NULL, 1, 10500, 1, 'JVCI13975523149135', 1, '2025-04-05 08:16:38','매니저', '주말 야간 아르바이트'),
(15, 3, '강성수', 1, '010-7347-9456', '전라남도 용인시 기흥구 역삼5길', '1991-11-08', '2024-10-29', NULL, 1, 10500, 1, 'XUNI52577754781291', 1, '2025-02-24 11:45:54','아르바이트', '주말 주간 아르바이트'),
(16, 4, '김유진', 1, '010-5770-8201', '부산광역시 송파구 압구정로 (은경김김면)', '2002-10-22', '2025-03-19', NULL, 1, 10000, 1, 'RPUY25639427881658', 1, '2025-01-03 01:21:38','점장', '주말 주간 아르바이트'),
(17, 4, '홍지원', 2, '010-8558-3727', '제주특별자치도 광명시 역삼9길', '2000-10-06', '2024-01-28', NULL, 1, 10000, 1, 'BHYP31453038567700', 1, '2025-03-04 22:16:51','아르바이트', '주말 주간 아르바이트'),
(18, 4, '주재현', 1, '010-9470-3330', '광주광역시 영등포구 개포가 (서현배김면)', '1997-02-12', '2025-03-29', NULL, 1, 10000, 2, 'HQML57790827231843', 1, '2025-01-30 04:10:15','아르바이트', '주말 주간 아르바이트'),
(19, 4, '이정웅', 2, '010-2481-9202', '인천광역시 마포구 봉은사77길', '2004-06-01', '2023-08-28', NULL, 1, 9620, 1, 'UNAH02992280920242', 1, '2025-04-11 07:43:12','아르바이트', '주말 야간 아르바이트'),
(20, 4, '조윤서', 1, '010-7440-7775', '광주광역시 용산구 반포대가', '2000-09-13', '2023-09-04', NULL, 1, 10000, 1, 'HNTE92984257991366', 1, '2025-01-26 16:09:29','매니저', '평일 야간 아르바이트'),
(21, 5, '김준호', 1, '010-3930-8433', '충청북도 당진시 역삼가 (지영박동)', '1987-06-27', '2024-05-03', NULL, 1, 10500, 2, 'VETR06865086376599', 1, '2025-01-19 23:23:37','점장', '평일 주간 아르바이트'),
(22, 5, '김정훈', 1, '010-8449-2477', '광주광역시 동작구 강남대0로', '2003-12-24', '2024-06-03', NULL, 1, 10000, 1, 'DQAM35651269448695', 1, '2025-02-23 12:12:18','매니저', '주말 야간 아르바이트'),
(23, 5, '이서영', 1, '010-3024-2494', '충청북도 양주시 강남대95가 (지민윤읍)', '1999-07-06', '2024-12-23', NULL, 1, 9620, 2, 'WFDG86589026012796', 1, '2025-01-18 02:45:55','매니저', '평일 주간 아르바이트'),
(24, 5, '김도현', 2, '010-6946-2397', '울산광역시 서대문구 백제고분2가', '1999-04-02', '2023-05-03', NULL, 1, 10500, 2, 'GVZQ43098839205302', 1, '2025-01-17 20:43:00','아르바이트', '평일 주간 아르바이트'),
(25, 5, '황순자', 2, '010-9383-3619', '경상북도 논산시 서초대로 (지혜최마을)', '2004-02-24', '2024-01-20', NULL, 1, 10000, 2, 'LIHT37690426818184', 1, '2025-03-08 00:21:21','아르바이트', '평일 주간 아르바이트'),
(26, 6, '송현주', 2, '010-1719-3799', '세종특별자치시 서대문구 언주77로 (상훈김강읍)', '1992-02-20', '2025-01-05', NULL, 1, 10000, 2, 'KNLQ80434165182755', 1, '2025-02-12 10:35:31','점장', '주말 주간 아르바이트'),
(27, 6, '이현정', 1, '010-3656-3369', '경상남도 증평군 언주길', '1993-05-06', '2023-10-02', NULL, 1, 9620, 2, 'HGHT52111790807595', 1, '2025-04-06 14:28:20','매니저', '평일 야간 아르바이트'),
(28, 6, '양은경', 1, '010-7874-6047', '세종특별자치시 동대문구 개포9길 (미영이마을)', '1985-06-03', '2024-05-19', NULL, 1, 10000, 2, 'LMVY27187500369155', 1, '2025-02-20 10:17:35','아르바이트', '주말 야간 아르바이트'),
(29, 6, '이서준', 2, '010-5731-3960', '대전광역시 동대문구 선릉6거리 (지민이김읍)', '2003-11-28', '2024-10-08', NULL, 1, 9620, 1, 'HDXI38663227026728', 1, '2025-04-14 16:32:21','매니저', '평일 야간 아르바이트'),
(30, 6, '안수진', 1, '010-1057-5146', '울산광역시 성동구 도산대길', '1992-12-19', '2024-04-29', NULL, 1, 9620, 1, 'UDOX54558845061593', 1, '2025-04-23 00:20:00','아르바이트', '평일 주간 아르바이트'),
(31, 7, '윤보람', 2, '010-9169-9904', '대전광역시 노원구 반포대6거리 (숙자김김면)', '1998-09-01', '2024-08-27', NULL, 1, 9620, 2, 'TSMC12535544964759', 1, '2025-04-12 03:44:10','아르바이트', '평일 야간 아르바이트'),
(32, 7, '이보람', 2, '010-4897-4553', '대구광역시 송파구 오금거리', '1987-01-15', '2023-10-05', NULL, 1, 10500, 2, 'FMDD17800681149216', 1, '2025-03-02 01:46:18','아르바이트', '평일 야간 아르바이트'),
(33, 7, '서시우', 2, '010-8434-7719', '충청북도 고성군 압구정로', '1996-06-15', '2025-02-21', NULL, 1, 10000, 1, 'KPOR48728299796884', 1, '2025-03-09 09:55:17','아르바이트', '평일 야간 아르바이트'),
(34, 7, '김동현', 1, '010-5009-9967', '대전광역시 마포구 테헤란00길 (우진박임리)', '2000-07-18', '2023-12-13', NULL, 1, 10000, 2, 'AYNZ49308536866326', 1, '2025-03-15 11:16:34','아르바이트', '평일 주간 아르바이트'),
(35, 7, '김재현', 1, '010-1801-4028', '광주광역시 관악구 선릉1길 (재현윤마을)', '1999-09-20', '2023-11-22', NULL, 1, 9620, 1, 'WTPG50208021442703', 1, '2025-01-18 12:20:54','점장', '주말 주간 아르바이트'),
(36, 8, '박성현', 2, '010-1601-3381', '세종특별자치시 은평구 도산대12로 (은경김박읍)', '1992-10-27', '2025-01-18', NULL, 1, 9620, 2, 'MADY36730371837645', 1, '2025-01-31 19:10:58','매니저', '주말 주간 아르바이트'),
(37, 8, '김현숙', 2, '010-6424-2436', '광주광역시 강서구 논현03로', '1992-05-05', '2024-08-28', NULL, 1, 9620, 1, 'NKAF49163009792513', 1, '2025-01-31 14:55:41','아르바이트', '평일 야간 아르바이트'),
(38, 8, '임성진', 2, '010-3920-3643', '서울특별시 은평구 잠실로', '1988-08-05', '2024-05-07', NULL, 1, 10500, 1, 'HKRZ57306524077848', 1, '2025-04-06 03:59:39','아르바이트', '주말 야간 아르바이트'),
(39, 8, '김성현', 1, '010-8460-6901', '전라북도 계룡시 학동길 (재현이이동)', '2001-07-12', '2024-02-13', NULL, 1, 9620, 1, 'XFAT59351863878294', 1, '2025-03-04 15:25:30','아르바이트', '주말 야간 아르바이트'),
(40, 8, '이동현', 2, '010-6289-7038', '서울특별시 서구 역삼로', '1991-03-11', '2023-07-17', NULL, 1, 10000, 1, 'PGDB96789940539103', 1, '2025-04-06 10:06:56','점장', '주말 주간 아르바이트'),
(41, 9, '전예은', 2, '010-2063-5797', '대전광역시 금천구 영동대094로', '1986-09-16', '2025-02-01', NULL, 1, 10000, 1, 'JCGQ11386338392886', 1, '2025-01-21 11:43:54','매니저', '평일 야간 아르바이트'),
(42, 9, '최정숙', 1, '010-5496-6393', '강원도 안산시 잠실가 (아름박조면)', '1995-01-14', '2024-06-25', NULL, 1, 10500, 1, 'KLNY65939836845776', 1, '2025-01-01 00:54:42','아르바이트', '평일 주간 아르바이트'),
(43, 9, '나은서', 1, '010-4425-1953', '전라북도 파주시 언주5로', '1993-09-14', '2025-04-07', NULL, 1, 9620, 2, 'RQRS92107522459334', 1, '2025-02-28 07:30:38','아르바이트', '주말 야간 아르바이트'),
(44, 9, '이지훈', 1, '010-8924-5705', '대전광역시 동구 역삼91거리', '1985-08-02', '2024-11-12', NULL, 1, 10000, 2, 'ZSMC05566139060480', 1, '2025-03-04 00:07:22','아르바이트', '평일 야간 아르바이트'),
(45, 9, '김예진', 2, '010-5254-9608', '충청북도 성남시 수정구 반포대981길', '1999-01-04', '2023-12-06', NULL, 1, 10500, 2, 'ZMEE51790864168622', 1, '2025-04-04 09:15:40','점장', '주말 야간 아르바이트'),
(46, 10, '박은지', 2, '010-3125-9132', '제주특별자치도 금산군 언주로', '1993-05-16', '2024-12-18', NULL, 1, 10500, 2, 'NKVS11665535590425', 1, '2025-03-27 20:50:54','아르바이트', '주말 야간 아르바이트'),
(47, 10, '박현숙', 2, '010-9069-3947', '충청남도 청주시 흥덕구 테헤란110길', '1989-05-04', '2025-02-27', NULL, 1, 10500, 1, 'JAKW14770538338848', 1, '2025-04-04 19:03:57','매니저', '주말 주간 아르바이트'),
(48, 10, '진정자', 2, '010-4171-1025', '울산광역시 영등포구 강남대길', '1986-05-12', '2023-12-01', NULL, 1, 9620, 1, 'GZWT40701645104636', 1, '2025-04-09 17:58:10','아르바이트', '주말 야간 아르바이트'),
(49, 10, '김숙자', 2, '010-2932-4396', '대구광역시 중랑구 잠실003거리', '1995-08-31', '2024-05-09', NULL, 1, 10500, 1, 'MXFA55543840460843', 1, '2025-01-30 11:00:40','매니저', '평일 야간 아르바이트'),
(50, 10, '이민수', 2, '010-1745-6468', '제주특별자치도 청주시 서원구 선릉길 (지훈이마을)', '1995-07-09', '2024-04-07', NULL, 1, 10000, 2, 'REGU29832482629251', 1, '2025-04-19 05:23:38','아르바이트', '주말 주간 아르바이트'),
(51, 1, '오보람', 1, '010-1185-4296', '경기도 음성군 선릉47거리', '1989-06-26', '2024-12-20', '2025-01-25', 1, 10500, 1, 'DEFA99499939330517', 2, '2025-01-27 00:53:20','매니저', '주말 야간 아르바이트'),
(52, 2, '조정희', 2, '010-2111-6042', '대구광역시 남구 서초중앙22길 (도윤권동)', '1993-06-30', '2024-03-10', '2024-08-29', 1, 10000, 2, 'XVGY31279757366096', 2, '2025-03-02 18:12:28','아르바이트', '평일 주간 아르바이트'),
(53, 3, '심영환', 2, '010-1100-2865', '부산광역시 양천구 도산대8가', '1985-08-25', '2024-07-01', '2024-11-28', 1, 10500, 1, 'QYUB34764472649082', 2, '2025-04-01 00:26:04','아르바이트', '평일 주간 아르바이트'),
(54, 4, '박정희', 2, '010-7488-1477', '대구광역시 강동구 개포가', '1995-04-27', '2024-04-09', '2024-04-18', 1, 9620, 1, 'FOSW37145211175186', 2, '2025-04-10 08:32:18','매니저', '주말 야간 아르바이트'),
(55, 5, '김유진', 2, '010-6536-8849', '대구광역시 노원구 역삼길', '1990-05-26', '2024-12-12', '2024-12-21', 1, 10000, 1, 'NJJX74212309407778', 2, '2025-01-02 02:47:58','아르바이트', '주말 야간 아르바이트'),
(56, 6, '박서윤', 1, '010-8888-3545', '경상남도 원주시 학동903거리 (동현김면)', '1985-07-25', '2023-08-15', '2023-09-09', 1, 10500, 1, 'VSTJ51016224999827', 2, '2025-04-23 10:10:42','아르바이트', '평일 야간 아르바이트'),
(57, 6, '김종수', 2, '010-8577-7782', '대전광역시 북구 학동81거리 (성민한이마을)', '1998-05-24', '2024-06-05', '2024-08-25', 1, 10500, 1, 'WGTB19817946954899', 2, '2025-03-10 17:04:33','아르바이트', '평일 주간 아르바이트'),
(58, 8, '강예진', 2, '010-6169-9779', '경상남도 안산시 단원구 양재천길 (상훈박동)', '1991-05-15', '2025-01-05', '2025-03-26', 1, 9620, 1, 'NBKL83034414488501', 2, '2025-03-06 17:12:39','매니저', '평일 야간 아르바이트'),
(59, 9, '오우진', 2, '010-6793-2084', '대구광역시 중랑구 삼성770길', '2000-09-11', '2023-08-23', '2024-12-22', 1, 9620, 1, 'ORKO60849588039551', 2, '2025-01-29 23:48:40','매니저', '주말 야간 아르바이트'),
(60, 10, '김현준', 1, '010-6556-7147', '경상북도 안산시 단원구 양재천거리', '1985-05-23', '2023-11-21', '2024-10-07', 1, 10500, 2, 'CPHL74384215031780', 2, '2025-04-04 17:22:24','아르바이트', '주말 야간 아르바이트'),
(61, 3, '김순자', 1, '010-7382-4070', '제주특별자치도 용인시 처인구 테헤란8길 (예지박마을)', '1988-04-03', '2023-04-28', NULL, 1, 10500, 1, 'JBVT15701840943533', 3, '2025-02-25 15:30:02','매니저', '주말 주간 아르바이트'),
(62, 2, '이시우', 2, '010-6152-1518', '광주광역시 광진구 강남대로', '1984-10-31', '2024-08-20', NULL, 1, 10000, 1, 'RQDG85854249321495', 3, '2025-04-15 23:16:18','매니저', '평일 주간 아르바이트'),
(63, 6, '김영수', 1, '010-9143-4893', '부산광역시 서대문구 학동가', '1997-08-25', '2023-09-11', NULL, 1, 10000, 1, 'WTSU79545381792171', 3, '2025-03-30 11:10:34','아르바이트', '평일 야간 아르바이트'),
(64, 5, '윤정훈', 2, '010-4541-9603', '충청남도 고양시 일산서구 백제고분거리 (준혁한장면)', '1999-09-27', '2024-05-07', NULL, 1, 10000, 1, 'ACPD57724599281615', 3, '2025-04-18 23:50:46','아르바이트', '주말 주간 아르바이트'),
(65, 7, '안옥자', 1, '010-7131-1612', '경상북도 구리시 잠실길 (준영이송마을)', '1998-12-26', '2024-12-24', NULL, 1, 9620, 1, 'NSZK83219719975817', 3, '2025-02-04 05:01:49','매니저', '평일 야간 아르바이트');

-- 13 shift_schedule(근무 스케줄) 데이터
INSERT INTO shift_schedule (schedule_id, part_timer_id, work_date, start_time, end_time) VALUES
(1, 1, Now(), '2025-04-06 19:00:00', '2025-04-07 01:00:00'),
(2, 1, Now(), '2025-04-03 07:00:00', '2025-04-03 15:00:00'),
(3, 1, Now(), '2025-04-07 19:00:00', '2025-04-08 01:00:00'),
(4, 2, Now(), '2025-04-05 18:00:00', '2025-04-06 02:00:00'),
(5, 2, Now(), '2025-04-05 18:00:00', '2025-04-06 02:00:00'),
(6, 2, Now(), '2025-04-05 07:00:00', '2025-04-05 15:00:00'),
(7, 3, Now(), '2025-04-04 18:00:00', '2025-04-05 02:00:00'),
(8, 3, Now(), '2025-04-06 19:00:00', '2025-04-07 01:00:00'),
(9, 3, Now(), '2025-04-01 18:00:00', '2025-04-02 02:00:00'),
(10, 4, Now(), '2025-04-05 07:00:00', '2025-04-05 15:00:00'),
(11, 4, Now(), '2025-04-07 19:00:00', '2025-04-08 01:00:00'),
(12, 4, Now(), '2025-04-07 19:00:00', '2025-04-08 01:00:00'),
(13, 5, Now(), '2025-04-02 07:00:00', '2025-04-02 15:00:00'),
(14, 5, Now(), '2025-04-07 07:00:00', '2025-04-07 15:00:00'),
(15, 5, Now(), '2025-04-02 07:00:00', '2025-04-02 15:00:00'),
(16, 6, Now(), '2025-04-04 18:00:00', '2025-04-05 02:00:00'),
(17, 6, Now(), '2025-04-04 07:00:00', '2025-04-04 15:00:00'),
(18, 6, Now(), '2025-04-02 18:00:00', '2025-04-03 02:00:00'),
(19, 7, Now(), '2025-04-02 18:00:00', '2025-04-03 02:00:00'),
(20, 7, Now(), '2025-04-05 07:00:00', '2025-04-05 15:00:00'),
(21, 7, Now(), '2025-04-04 18:00:00', '2025-04-05 02:00:00'),
(22, 8, Now(), '2025-04-03 18:00:00', '2025-04-04 02:00:00'),
(23, 8, Now(), '2025-04-06 19:00:00', '2025-04-07 01:00:00'),
(24, 8, Now(), '2025-04-04 18:00:00', '2025-04-05 02:00:00'),
(25, 9, Now(), '2025-04-02 07:00:00', '2025-04-02 15:00:00'),
(26, 9, Now(), '2025-04-05 18:00:00', '2025-04-06 02:00:00'),
(27, 9, Now(), '2025-04-01 18:00:00', '2025-04-02 02:00:00'),
(28, 10, Now(), '2025-04-02 18:00:00', '2025-04-03 02:00:00'),
(29, 10, Now(), '2025-04-07 19:00:00', '2025-04-08 01:00:00'),
(30, 10, Now(), '2025-04-06 19:00:00', '2025-04-07 01:00:00'),
(31, 11, Now(), '2025-04-06 19:00:00', '2025-04-07 01:00:00'),
(32, 11, Now(), '2025-04-04 18:00:00', '2025-04-05 02:00:00'),
(33, 11, Now(), '2025-04-04 18:00:00', '2025-04-05 02:00:00'),
(34, 12, Now(), '2025-04-07 19:00:00', '2025-04-08 01:00:00'),
(35, 12, Now(), '2025-04-07 19:00:00', '2025-04-08 01:00:00'),
(36, 12, Now(), '2025-04-07 07:00:00', '2025-04-07 15:00:00'),
(37, 13, Now(), '2025-04-07 07:00:00', '2025-04-07 15:00:00'),
(38, 13, Now(), '2025-04-05 07:00:00', '2025-04-05 15:00:00'),
(39, 13, Now(), '2025-04-02 18:00:00', '2025-04-03 02:00:00'),
(40, 14, Now(), '2025-04-06 19:00:00', '2025-04-07 01:00:00'),
(41, 14, Now(), '2025-04-05 18:00:00', '2025-04-06 02:00:00'),
(42, 14, Now(), '2025-04-06 07:00:00', '2025-04-06 15:00:00'),
(43, 15, Now(), '2025-04-03 18:00:00', '2025-04-04 02:00:00'),
(44, 15, Now(), '2025-04-01 18:00:00', '2025-04-02 02:00:00'),
(45, 15, Now(), '2025-04-05 07:00:00', '2025-04-05 15:00:00'),
(46, 16, Now(), '2025-04-08 07:00:00', '2025-04-08 15:00:00'),
(47, 16, Now(), '2025-04-03 07:00:00', '2025-04-03 15:00:00'),
(48, 16, Now(), '2025-04-05 18:00:00', '2025-04-06 02:00:00'),
(49, 17, Now(), '2025-04-02 18:00:00', '2025-04-03 02:00:00'),
(50, 17, Now(), '2025-04-05 18:00:00', '2025-04-06 02:00:00'),
(51, 17, Now(), '2025-04-02 18:00:00', '2025-04-03 02:00:00'),
(52, 18, Now(), '2025-04-06 19:00:00', '2025-04-07 01:00:00'),
(53, 18, Now(), '2025-04-03 07:00:00', '2025-04-03 15:00:00'),
(54, 18, Now(), '2025-04-06 07:00:00', '2025-04-06 15:00:00'),
(55, 19, Now(), '2025-04-05 18:00:00', '2025-04-06 02:00:00'),
(56, 19, Now(), '2025-04-04 18:00:00', '2025-04-05 02:00:00'),
(57, 19, Now(), '2025-04-06 07:00:00', '2025-04-06 15:00:00'),
(58, 20, Now(), '2025-04-06 07:00:00', '2025-04-06 15:00:00'),
(59, 20, Now(), '2025-04-07 19:00:00', '2025-04-08 01:00:00'),
(60, 20, Now(), '2025-04-03 18:00:00', '2025-04-04 02:00:00'),
(61, 21, Now(), '2025-04-03 18:00:00', '2025-04-04 02:00:00'),
(62, 21, Now(), '2025-04-06 19:00:00', '2025-04-07 01:00:00'),
(63, 21, Now(), '2025-04-07 07:00:00', '2025-04-07 15:00:00'),
(64, 22, Now(), '2025-04-07 19:00:00', '2025-04-08 01:00:00'),
(65, 22, Now(), '2025-04-06 19:00:00', '2025-04-07 01:00:00'),
(66, 22, Now(), '2025-04-04 18:00:00', '2025-04-05 02:00:00'),
(67, 23, Now(), '2025-04-06 07:00:00', '2025-04-06 15:00:00'),
(68, 23, Now(), '2025-04-01 18:00:00', '2025-04-02 02:00:00'),
(69, 23, Now(), '2025-04-03 07:00:00', '2025-04-03 15:00:00'),
(70, 24, Now(), '2025-04-04 07:00:00', '2025-04-04 15:00:00'),
(71, 24, Now(), '2025-04-03 18:00:00', '2025-04-04 02:00:00'),
(72, 24, Now(), '2025-04-02 18:00:00', '2025-04-03 02:00:00'),
(73, 25, Now(), '2025-04-07 19:00:00', '2025-04-08 01:00:00'),
(74, 25, Now(), '2025-04-04 18:00:00', '2025-04-05 02:00:00'),
(75, 25, Now(), '2025-04-07 07:00:00', '2025-04-07 15:00:00'),
(76, 26, Now(), '2025-04-06 19:00:00', '2025-04-07 01:00:00'),
(77, 26, Now(), '2025-04-08 07:00:00', '2025-04-08 15:00:00'),
(78, 26, Now(), '2025-04-04 07:00:00', '2025-04-04 15:00:00'),
(79, 27, Now(), '2025-04-02 07:00:00', '2025-04-02 15:00:00'),
(80, 27, Now(), '2025-04-03 18:00:00', '2025-04-04 02:00:00'),
(81, 27, Now(), '2025-04-01 18:00:00', '2025-04-02 02:00:00'),
(82, 28, Now(), '2025-04-06 07:00:00', '2025-04-06 15:00:00'),
(83, 28, Now(), '2025-04-03 18:00:00', '2025-04-04 02:00:00'),
(84, 28, Now(), '2025-04-06 19:00:00', '2025-04-07 01:00:00'),
(85, 29, Now(), '2025-04-04 07:00:00', '2025-04-04 15:00:00'),
(86, 29, Now(), '2025-04-03 18:00:00', '2025-04-04 02:00:00'),
(87, 29, Now(), '2025-04-05 07:00:00', '2025-04-05 15:00:00'),
(88, 30, Now(), '2025-04-06 19:00:00', '2025-04-07 01:00:00'),
(89, 30, Now(), '2025-04-04 18:00:00', '2025-04-05 02:00:00'),
(90, 30, Now(), '2025-04-06 19:00:00', '2025-04-07 01:00:00'),
(91, 31, Now(), '2025-04-03 18:00:00', '2025-04-04 02:00:00'),
(92, 31, Now(), '2025-04-03 18:00:00', '2025-04-04 02:00:00'),
(93, 31, Now(), '2025-04-04 18:00:00', '2025-04-05 02:00:00'),
(94, 32, Now(), '2025-04-07 07:00:00', '2025-04-07 15:00:00'),
(95, 32, Now(), '2025-04-06 19:00:00', '2025-04-07 01:00:00'),
(96, 32, Now(), '2025-04-01 18:00:00', '2025-04-02 02:00:00'),
(97, 33, Now(), '2025-04-03 07:00:00', '2025-04-03 15:00:00'),
(98, 33, Now(), '2025-04-02 07:00:00', '2025-04-02 15:00:00'),
(99, 33, Now(), '2025-04-06 19:00:00', '2025-04-07 01:00:00'),
(100, 34, Now(), '2025-04-06 19:00:00', '2025-04-07 01:00:00'),
(101, 34, Now(), '2025-04-03 18:00:00', '2025-04-04 02:00:00'),
(102, 34, Now(), '2025-04-06 19:00:00', '2025-04-07 01:00:00'),
(103, 35, Now(), '2025-04-06 19:00:00', '2025-04-07 01:00:00'),
(104, 35, Now(), '2025-04-03 07:00:00', '2025-04-03 15:00:00'),
(105, 35, Now(), '2025-04-02 07:00:00', '2025-04-02 15:00:00'),
(106, 36, Now(), '2025-04-07 19:00:00', '2025-04-08 01:00:00'),
(107, 36, Now(), '2025-04-07 07:00:00', '2025-04-07 15:00:00'),
(108, 36, Now(), '2025-04-02 18:00:00', '2025-04-03 02:00:00'),
(109, 37, Now(), '2025-04-02 18:00:00', '2025-04-03 02:00:00'),
(110, 37, Now(), '2025-04-06 19:00:00', '2025-04-07 01:00:00'),
(111, 37, Now(), '2025-04-03 18:00:00', '2025-04-04 02:00:00'),
(112, 38, Now(), '2025-04-06 19:00:00', '2025-04-07 01:00:00'),
(113, 38, Now(), '2025-04-06 19:00:00', '2025-04-07 01:00:00'),
(114, 38, Now(), '2025-04-02 07:00:00', '2025-04-02 15:00:00'),
(115, 39, Now(), '2025-04-06 19:00:00', '2025-04-07 01:00:00'),
(116, 39, Now(), '2025-04-06 19:00:00', '2025-04-07 01:00:00'),
(117, 39, Now(), '2025-04-04 18:00:00', '2025-04-05 02:00:00'),
(118, 40, Now(), '2025-04-07 19:00:00', '2025-04-08 01:00:00'),
(119, 40, Now(), '2025-04-02 18:00:00', '2025-04-03 02:00:00'),
(120, 40, Now(), '2025-04-02 18:00:00', '2025-04-03 02:00:00'),
(121, 41, Now(), '2025-04-07 19:00:00', '2025-04-08 01:00:00'),
(122, 41, Now(), '2025-04-06 19:00:00', '2025-04-07 01:00:00'),
(123, 41, Now(), '2025-04-07 19:00:00', '2025-04-08 01:00:00'),
(124, 42, Now(), '2025-04-06 07:00:00', '2025-04-06 15:00:00'),
(125, 42, Now(), '2025-04-07 19:00:00', '2025-04-08 01:00:00'),
(126, 42, Now(), '2025-04-01 18:00:00', '2025-04-02 02:00:00'),
(127, 43, Now(), '2025-04-06 19:00:00', '2025-04-07 01:00:00'),
(128, 43, Now(), '2025-04-04 07:00:00', '2025-04-04 15:00:00'),
(129, 43, Now(), '2025-04-01 18:00:00', '2025-04-02 02:00:00'),
(130, 44, Now(), '2025-04-05 07:00:00', '2025-04-05 15:00:00'),
(131, 44, Now(), '2025-04-07 19:00:00', '2025-04-08 01:00:00'),
(132, 44, Now(), '2025-04-06 19:00:00', '2025-04-07 01:00:00'),
(133, 45, Now(), '2025-04-06 19:00:00', '2025-04-07 01:00:00'),
(134, 45, Now(), '2025-04-06 19:00:00', '2025-04-07 01:00:00'),
(135, 45, Now(), '2025-04-05 07:00:00', '2025-04-05 15:00:00'),
(136, 46, Now(), '2025-04-05 18:00:00', '2025-04-06 02:00:00'),
(137, 46, Now(), '2025-04-07 07:00:00', '2025-04-07 15:00:00'),
(138, 46, Now(), '2025-04-07 07:00:00', '2025-04-07 15:00:00'),
(139, 47, Now(), '2025-04-07 07:00:00', '2025-04-07 15:00:00'),
(140, 47, Now(), '2025-04-03 18:00:00', '2025-04-04 02:00:00'),
(141, 47, Now(), '2025-04-06 19:00:00', '2025-04-07 01:00:00'),
(142, 48, Now(), '2025-04-04 07:00:00', '2025-04-04 15:00:00'),
(143, 48, Now(), '2025-04-04 07:00:00', '2025-04-04 15:00:00'),
(144, 48, Now(), '2025-04-08 07:00:00', '2025-04-08 15:00:00'),
(145, 49, Now(), '2025-04-03 18:00:00', '2025-04-04 02:00:00'),
(146, 49, Now(), '2025-04-04 07:00:00', '2025-04-04 15:00:00'),
(147, 49, Now(), '2025-04-05 07:00:00', '2025-04-05 15:00:00'),
(148, 50, Now(), '2025-04-07 19:00:00', '2025-04-08 01:00:00'),
(149, 50, Now(), '2025-04-04 07:00:00', '2025-04-04 15:00:00'),
(150, 50, Now(), '2025-04-03 07:00:00', '2025-04-03 15:00:00'),
(151, 61, Now(), '2025-04-04 18:00:00', '2025-04-05 02:00:00'),
(152, 61, Now(), '2025-04-05 07:00:00', '2025-04-05 15:00:00'),
(153, 61, Now(), '2025-04-07 07:00:00', '2025-04-07 15:00:00'),
(154, 62, Now(), '2025-04-05 18:00:00', '2025-04-06 02:00:00'),
(155, 62, Now(), '2025-04-04 07:00:00', '2025-04-04 15:00:00'),
(156, 62, Now(), '2025-04-06 19:00:00', '2025-04-07 01:00:00'),
(157, 63, Now(), '2025-04-07 19:00:00', '2025-04-08 01:00:00'),
(158, 63, Now(), '2025-04-04 18:00:00', '2025-04-05 02:00:00'),
(159, 63, Now(), '2025-04-06 07:00:00', '2025-04-06 15:00:00'),
(160, 64, Now(), '2025-04-04 07:00:00', '2025-04-04 15:00:00'),
(161, 64, Now(), '2025-04-07 19:00:00', '2025-04-08 01:00:00'),
(162, 64, Now(), '2025-04-06 19:00:00', '2025-04-07 01:00:00'),
(163, 65, Now(), '2025-04-05 07:00:00', '2025-04-05 15:00:00'),
(164, 65, Now(), '2025-04-03 07:00:00', '2025-04-03 15:00:00'),
(165, 65, Now(), '2025-04-02 07:00:00', '2025-04-02 15:00:00');

-- 14 store_stock(재고 관리) 데이터

-- stock_status 정의

-- 1: 정상
-- 2: 유통기한 임박
-- 3: 유통기한 경과
-- 4: 재고부족
-- 5: 입고예정
-- 6: 폐기대기

INSERT INTO store_stock (stock_id, store_id, product_id, quantity, last_in_date, stock_status) VALUES
(1, 1, 37, 67, '2025-04-23 00:56:29', 1),
(2, 1, 29, 57, '2025-03-29 00:56:29', 3),
(3, 1, 21, 19, '2025-04-04 00:56:29', 1),
(4, 1, 36, 88, '2025-04-05 00:56:29', 5),
(5, 1, 10, 59, '2025-04-10 00:56:29', 5),
(6, 1, 38, 80, '2025-03-30 00:56:29', 7),
(7, 1, 5, 15, '2025-04-10 00:56:29', 5),
(8, 1, 16, 93, '2025-04-18 00:56:29', 3),
(9, 1, 15, 87, '2025-04-09 00:56:29', 5),
(10, 1, 35, 29, '2025-04-23 00:56:29', 4),
(11, 1, 34, 23, '2025-03-30 00:56:29', 3),
(12, 1, 26, 20, '2025-04-08 00:56:29', 7),
(13, 1, 9, 32, '2025-04-23 00:56:29', 2),
(14, 1, 19, 100, '2025-04-10 00:56:29', 4),
(15, 1, 2, 77, '2025-04-08 00:56:29', 5),
(16, 1, 12, 30, '2025-04-13 00:56:29', 3),
(17, 1, 17, 46, '2025-04-12 00:56:29', 4),
(18, 1, 3, 53, '2025-04-03 00:56:29', 5),
(19, 1, 28, 16, '2025-03-30 00:56:29', 7),
(20, 1, 30, 92, '2025-04-14 00:56:29', 1),
(21, 2, 22, 49, '2025-04-07 00:56:29', 4),
(22, 2, 7, 92, '2025-03-30 00:56:29', 3),
(23, 2, 36, 26, '2025-04-03 00:56:29', 7),
(24, 2, 25, 97, '2025-03-26 00:56:29', 5),
(25, 2, 19, 21, '2025-04-04 00:56:29', 7),
(26, 2, 17, 64, '2025-04-08 00:56:29', 3),
(27, 2, 10, 12, '2025-04-13 00:56:29', 3),
(28, 2, 11, 33, '2025-04-18 00:56:29', 3),
(29, 2, 3, 72, '2025-04-18 00:56:29', 2),
(30, 2, 34, 27, '2025-04-20 00:56:29', 1),
(31, 2, 38, 47, '2025-03-28 00:56:29', 1),
(32, 2, 5, 74, '2025-03-31 00:56:29', 5),
(33, 2, 12, 77, '2025-04-23 00:56:29', 7),
(34, 2, 32, 53, '2025-03-27 00:56:29', 5),
(35, 2, 21, 26, '2025-04-05 00:56:29', 4),
(36, 2, 23, 29, '2025-04-19 00:56:29', 2),
(37, 2, 28, 98, '2025-03-31 00:56:29', 5),
(38, 2, 13, 31, '2025-04-01 00:56:29', 4),
(39, 2, 27, 15, '2025-04-11 00:56:29', 3),
(40, 2, 30, 96, '2025-04-01 00:56:29', 2),
(41, 3, 29, 30, '2025-03-29 00:56:29', 2),
(42, 3, 19, 87, '2025-04-20 00:56:29', 3),
(43, 3, 38, 16, '2025-04-04 00:56:29', 4),
(44, 3, 15, 57, '2025-04-07 00:56:29', 1),
(45, 3, 16, 76, '2025-03-28 00:56:29', 1),
(46, 3, 20, 46, '2025-04-22 00:56:29', 2),
(47, 3, 31, 44, '2025-04-10 00:56:29', 5),
(48, 3, 36, 28, '2025-03-29 00:56:29', 4),
(49, 3, 27, 21, '2025-03-26 00:56:29', 2),
(50, 3, 7, 67, '2025-03-27 00:56:29', 3),
(51, 3, 12, 13, '2025-04-11 00:56:29', 1),
(52, 3, 22, 60, '2025-04-08 00:56:29', 3),
(53, 3, 37, 40, '2025-04-12 00:56:29', 1),
(54, 3, 35, 57, '2025-04-17 00:56:29', 1),
(55, 3, 25, 50, '2025-03-26 00:56:29', 1),
(56, 3, 10, 93, '2025-04-14 00:56:29', 2),
(57, 3, 13, 27, '2025-04-23 00:56:29', 3),
(58, 3, 17, 70, '2025-04-02 00:56:29', 2),
(59, 3, 21, 100, '2025-04-09 00:56:29', 4),
(60, 3, 14, 88, '2025-04-24 00:56:29', 1),
(61, 4, 2, 73, '2025-04-05 00:56:29', 5),
(62, 4, 17, 12, '2025-04-04 00:56:29', 5),
(63, 4, 14, 83, '2025-04-17 00:56:29', 7),
(64, 4, 10, 28, '2025-04-15 00:56:29', 4),
(65, 4, 34, 10, '2025-04-05 00:56:29', 3),
(66, 4, 28, 40, '2025-04-06 00:56:29', 4),
(67, 4, 8, 33, '2025-04-03 00:56:29', 7),
(68, 4, 25, 20, '2025-04-08 00:56:29', 3),
(69, 4, 35, 18, '2025-04-08 00:56:29', 5),
(70, 4, 32, 74, '2025-03-30 00:56:29', 5),
(71, 4, 30, 80, '2025-04-24 00:56:29', 4),
(72, 4, 4, 70, '2025-04-23 00:56:29', 7),
(73, 4, 38, 59, '2025-04-13 00:56:29', 3),
(74, 4, 29, 12, '2025-04-13 00:56:29', 1),
(75, 4, 36, 54, '2025-04-17 00:56:29', 7),
(76, 4, 21, 94, '2025-04-04 00:56:29', 1),
(77, 4, 20, 84, '2025-04-01 00:56:29', 3),
(78, 4, 15, 27, '2025-04-23 00:56:29', 3),
(79, 4, 3, 79, '2025-04-14 00:56:29', 7),
(80, 4, 27, 32, '2025-03-29 00:56:29', 7),
(81, 5, 30, 14, '2025-03-31 00:56:29', 7),
(82, 5, 31, 34, '2025-04-15 00:56:29', 3),
(83, 5, 12, 16, '2025-03-28 00:56:29', 7),
(84, 5, 9, 52, '2025-04-16 00:56:29', 1),
(85, 5, 5, 57, '2025-04-11 00:56:29', 4),
(86, 5, 38, 66, '2025-03-27 00:56:29', 4),
(87, 5, 3, 53, '2025-04-19 00:56:29', 4),
(88, 5, 10, 98, '2025-04-09 00:56:29', 3),
(89, 5, 7, 76, '2025-04-16 00:56:29', 1),
(90, 5, 2, 64, '2025-04-22 00:56:29', 4),
(91, 5, 26, 87, '2025-03-29 00:56:29', 2),
(92, 5, 33, 79, '2025-04-15 00:56:29', 3),
(93, 5, 29, 23, '2025-04-22 00:56:29', 3),
(94, 5, 11, 94, '2025-04-15 00:56:29', 3),
(95, 5, 37, 67, '2025-04-05 00:56:29', 7),
(96, 5, 17, 64, '2025-04-19 00:56:29', 7),
(97, 5, 13, 66, '2025-04-13 00:56:29', 4),
(98, 5, 18, 15, '2025-04-01 00:56:29', 3),
(99, 5, 16, 88, '2025-04-11 00:56:29', 3),
(100, 5, 35, 91, '2025-03-30 00:56:29', 1),
(101, 6, 5, 82, '2025-04-23 00:56:29', 5),
(102, 6, 26, 29, '2025-04-03 00:56:29', 4),
(103, 6, 24, 57, '2025-04-13 00:56:29', 4),
(104, 6, 33, 19, '2025-04-06 00:56:29', 2),
(105, 6, 11, 77, '2025-04-13 00:56:29', 4),
(106, 6, 2, 50, '2025-04-04 00:56:29', 3),
(107, 6, 10, 41, '2025-04-21 00:56:29', 1),
(108, 6, 28, 33, '2025-04-09 00:56:29', 5),
(109, 6, 20, 59, '2025-03-26 00:56:29', 5),
(110, 6, 22, 25, '2025-04-16 00:56:29', 3),
(111, 6, 37, 100, '2025-04-10 00:56:29', 2),
(112, 6, 15, 88, '2025-04-15 00:56:29', 7),
(113, 6, 35, 72, '2025-04-18 00:56:29', 1),
(114, 6, 38, 27, '2025-03-28 00:56:29', 1),
(115, 6, 3, 67, '2025-04-19 00:56:29', 7),
(116, 6, 8, 66, '2025-04-22 00:56:29', 7),
(117, 6, 21, 50, '2025-04-03 00:56:29', 3),
(118, 6, 12, 100, '2025-04-22 00:56:29', 5),
(119, 6, 29, 79, '2025-04-15 00:56:29', 3),
(120, 6, 13, 30, '2025-04-02 00:56:29', 7),
(121, 7, 12, 18, '2025-04-15 00:56:29', 4),
(122, 7, 24, 71, '2025-04-08 00:56:29', 4),
(123, 7, 33, 62, '2025-03-29 00:56:29', 5),
(124, 7, 15, 19, '2025-04-20 00:56:29', 3),
(125, 7, 8, 92, '2025-04-22 00:56:29', 4),
(126, 7, 13, 69, '2025-04-03 00:56:29', 5),
(127, 7, 9, 54, '2025-04-20 00:56:29', 5),
(128, 7, 34, 91, '2025-04-06 00:56:29', 2),
(129, 7, 26, 26, '2025-04-11 00:56:29', 5),
(130, 7, 16, 17, '2025-03-29 00:56:29', 1),
(131, 7, 1, 76, '2025-04-20 00:56:29', 3),
(132, 7, 38, 31, '2025-04-19 00:56:29', 3),
(133, 7, 18, 100, '2025-04-17 00:56:29', 3),
(134, 7, 19, 76, '2025-03-27 00:56:29', 3),
(135, 7, 27, 20, '2025-04-16 00:56:29', 2),
(136, 7, 35, 91, '2025-04-07 00:56:29', 3),
(137, 7, 30, 26, '2025-04-04 00:56:29', 3),
(138, 7, 5, 88, '2025-04-07 00:56:29', 1),
(139, 7, 20, 74, '2025-04-04 00:56:29', 2),
(140, 7, 3, 85, '2025-04-06 00:56:29', 2),
(141, 8, 11, 71, '2025-04-17 00:56:29', 7),
(142, 8, 22, 61, '2025-04-15 00:56:29', 4),
(143, 8, 3, 19, '2025-04-02 00:56:29', 1),
(144, 8, 2, 30, '2025-04-10 00:56:29', 4),
(145, 8, 6, 71, '2025-04-10 00:56:29', 2),
(146, 8, 36, 53, '2025-04-05 00:56:29', 2),
(147, 8, 17, 50, '2025-03-28 00:56:29', 7),
(148, 8, 21, 50, '2025-04-01 00:56:29', 3),
(149, 8, 7, 61, '2025-04-20 00:56:29', 3),
(150, 8, 25, 75, '2025-04-07 00:56:29', 1),
(151, 8, 19, 50, '2025-04-17 00:56:29', 4),
(152, 8, 14, 25, '2025-04-16 00:56:29', 4),
(153, 8, 20, 41, '2025-04-20 00:56:29', 1),
(154, 8, 31, 16, '2025-04-15 00:56:29', 4),
(155, 8, 1, 88, '2025-04-11 00:56:29', 2),
(156, 8, 16, 30, '2025-03-29 00:56:29', 3),
(157, 8, 29, 83, '2025-04-01 00:56:29', 3),
(158, 8, 18, 34, '2025-03-31 00:56:29', 2),
(159, 8, 10, 73, '2025-04-08 00:56:29', 4),
(160, 8, 26, 73, '2025-03-27 00:56:29', 3),
(161, 9, 32, 11, '2025-03-28 00:56:29', 1),
(162, 9, 2, 65, '2025-04-20 00:56:29', 3),
(163, 9, 6, 56, '2025-03-31 00:56:29', 4),
(164, 9, 26, 56, '2025-04-23 00:56:29', 4),
(165, 9, 33, 16, '2025-04-06 00:56:29', 5),
(166, 9, 30, 34, '2025-04-13 00:56:29', 5),
(167, 9, 16, 46, '2025-04-22 00:56:29', 4),
(168, 9, 7, 74, '2025-04-10 00:56:29', 5),
(169, 9, 19, 45, '2025-03-29 00:56:29', 5),
(170, 9, 12, 97, '2025-04-05 00:56:29', 1),
(171, 9, 37, 26, '2025-04-21 00:56:29', 4),
(172, 9, 28, 57, '2025-03-30 00:56:29', 3),
(173, 9, 10, 81, '2025-04-13 00:56:29', 2),
(174, 9, 38, 35, '2025-04-05 00:56:29', 5),
(175, 9, 20, 61, '2025-04-08 00:56:29', 1),
(176, 9, 21, 15, '2025-04-23 00:56:29', 2),
(177, 9, 22, 52, '2025-03-30 00:56:29', 4),
(178, 9, 25, 76, '2025-04-10 00:56:29', 2),
(179, 9, 35, 87, '2025-03-27 00:56:29', 5),
(180, 9, 18, 27, '2025-04-14 00:56:29', 5),
(181, 10, 21, 98, '2025-04-04 00:56:29', 1),
(182, 10, 11, 86, '2025-04-09 00:56:29', 3),
(183, 10, 26, 93, '2025-03-30 00:56:29', 5),
(184, 10, 20, 83, '2025-04-17 00:56:29', 7),
(185, 10, 22, 16, '2025-04-06 00:56:29', 4),
(186, 10, 33, 31, '2025-04-08 00:56:29', 7),
(187, 10, 32, 89, '2025-03-31 00:56:29', 4),
(188, 10, 23, 28, '2025-03-29 00:56:29', 7),
(189, 10, 19, 41, '2025-04-23 00:56:29', 5),
(190, 10, 10, 99, '2025-04-21 00:56:29', 2),
(191, 10, 16, 12, '2025-04-10 00:56:29', 3),
(192, 10, 27, 63, '2025-04-20 00:56:29', 4),
(193, 10, 1, 98, '2025-04-18 00:56:29', 4),
(194, 10, 12, 74, '2025-03-31 00:56:29', 5),
(195, 10, 37, 70, '2025-03-28 00:56:29', 7),
(196, 10, 34, 17, '2025-04-02 00:56:29', 2),
(197, 10, 4, 76, '2025-04-18 00:56:29', 5),
(198, 10, 14, 51, '2025-04-03 00:56:29', 4),
(199, 10, 30, 77, '2025-04-12 00:56:29', 3),
(200, 10, 29, 32, '2025-04-10 00:56:29', 5);

-- 15 purchase_order(발주) 데이터

-- order_status 정의

-- 1: 발주 완료
-- 2: 발주 취소
-- 3: 입고 대기
-- 4: 입고완료

INSERT INTO purchase_order (order_id, store_id, order_date, order_status, total_amount, total_quantity) VALUES
(1, 1, '2025-04-04 00:58:52', 2, 42912, 32),
(2, 1, '2025-03-17 00:58:52', 1, 28688, 22),
(3, 1, '2025-04-08 00:58:52', 2, 36540, 29),
(4, 2, '2025-02-24 00:58:52', 1, 34272, 28),
(5, 2, '2025-03-12 00:58:52', 2, 59409, 41),
(6, 2, '2025-03-26 00:58:52', 1, 61200, 45),
(7, 3, '2025-04-07 00:58:52', 3, 87952, 46),
(8, 3, '2025-04-01 00:58:52', 1, 35168, 32),
(9, 3, '2025-04-07 00:58:52', 4, 26908, 28),
(10, 4, '2025-04-03 00:58:52', 1, 46306, 26),
(11, 4, '2025-04-12 00:58:52', 2, 59620, 44),
(12, 4, '2025-02-25 00:58:52', 3, 29187, 27),
(13, 5, '2025-04-19 00:58:52', 3, 60630, 47),
(14, 5, '2025-04-10 00:58:52', 3, 54266, 43),
(15, 5, '2025-03-16 00:58:52', 2, 13065, 13),
(16, 6, '2025-03-30 00:58:52', 1, 40200, 40),
(17, 6, '2025-03-13 00:58:52', 3, 19270, 10),
(18, 6, '2025-02-25 00:58:52', 3, 63864, 36),
(19, 7, '2025-03-26 00:58:52', 2, 30536, 22),
(20, 7, '2025-04-05 00:58:52', 1, 12779, 13),
(21, 7, '2025-03-15 00:58:52', 2, 45480, 24),
(22, 8, '2025-03-09 00:58:52', 2, 13896, 12),
(23, 8, '2025-03-30 00:58:52', 3, 19356, 12),
(24, 8, '2025-03-06 00:58:52', 1, 29232, 21),
(25, 9, '2025-02-28 00:58:52', 4, 14110, 10),
(26, 9, '2025-03-20 00:58:52', 2, 23776, 16),
(27, 9, '2025-04-07 00:58:52', 1, 82412, 44),
(28, 10, '2025-03-25 00:58:52', 1, 73836, 42),
(29, 10, '2025-04-08 00:58:52', 1, 25109, 17),
(30, 10, '2025-04-15 00:58:52', 2, 51714, 39);

-- 16 purchase_order_item(발주 항목) 데이터
INSERT INTO purchase_order_item (item_id, order_id, product_id, order_quantity, unit_price, total_price, order_state, is_abnormal, is_fully_received, received_quantity) VALUES
(1, 1, 12, 7, 2381, 16667, 3, 2, 1, NULL),
(2, 1, 38, 7, 968, 6776, 3, 2, 1, NULL),
(3, 1, 25, 17, 2257, 38369, 2, 1, 1, NULL),
(4, 2, 24, 5, 1431, 7155, 4, 2, 2, 5),
(5, 2, 7, 13, 1009, 13117, 2, 2, 1, NULL),
(6, 2, 6, 10, 1682, 16820, 4, 1, 2, 10),
(7, 3, 2, 16, 1935, 30960, 1, 1, 1, NULL),
(8, 3, 6, 17, 825, 14025, 3, 1, 1, NULL),
(9, 4, 6, 10, 2203, 22030, 4, 2, 2, 10),
(10, 4, 36, 9, 1350, 12150, 3, 1, 1, NULL),
(11, 4, 16, 20, 1098, 21960, 1, 2, 1, NULL),
(12, 5, 18, 20, 2402, 48040, 1, 1, 1, NULL),
(13, 5, 27, 13, 1305, 16965, 4, 2, 2, 13),
(14, 5, 20, 19, 1019, 19361, 2, 1, 1, NULL),
(15, 6, 26, 17, 2446, 41582, 3, 1, 1, NULL),
(16, 6, 22, 15, 1681, 25215, 2, 1, 1, NULL),
(17, 7, 13, 10, 1615, 16150, 3, 1, 1, NULL),
(18, 7, 31, 20, 1979, 39580, 2, 1, 1, NULL),
(19, 7, 21, 17, 1374, 23358, 4, 1, 2, 17),
(20, 8, 37, 10, 2196, 21960, 1, 1, 1, NULL),
(21, 8, 13, 11, 1697, 18667, 3, 2, 1, NULL),
(22, 9, 32, 12, 1317, 15804, 2, 1, 1, NULL),
(23, 9, 9, 17, 951, 16167, 4, 1, 2, 17),
(24, 9, 20, 17, 1894, 32198, 4, 2, 2, 17),
(25, 10, 35, 12, 2146, 25752, 3, 2, 1, NULL),
(26, 10, 6, 6, 1953, 11718, 4, 1, 2, 6),
(27, 10, 7, 18, 1016, 18288, 1, 2, 1, NULL),
(28, 11, 15, 12, 1712, 20544, 3, 1, 1, NULL),
(29, 11, 33, 19, 2381, 45239, 2, 1, 1, NULL),
(30, 11, 34, 5, 1788, 8940, 1, 1, 1, NULL),
(31, 12, 6, 16, 1438, 23008, 3, 1, 1, NULL),
(32, 12, 8, 11, 1867, 20537, 4, 1, 2, 11),
(33, 12, 10, 20, 999, 19980, 4, 1, 2, 20),
(34, 13, 5, 8, 846, 6768, 3, 2, 1, NULL),
(35, 13, 20, 10, 2316, 23160, 2, 2, 1, NULL),
(36, 13, 3, 10, 1477, 14770, 4, 1, 2, 10),
(37, 14, 26, 10, 2111, 21110, 4, 1, 2, 10),
(38, 14, 12, 5, 2310, 11550, 2, 1, 1, NULL),
(39, 15, 28, 11, 1370, 15070, 1, 2, 1, NULL),
(40, 15, 25, 10, 1549, 15490, 3, 2, 1, NULL),
(41, 15, 1, 19, 1033, 19627, 3, 1, 1, NULL),
(42, 15, 14, 15, 2022, 30330, 4, 1, 2, 15),
(43, 16, 8, 14, 2058, 28812, 1, 2, 1, NULL),
(44, 16, 23, 15, 1041, 15615, 2, 1, 1, NULL),
(45, 16, 30, 8, 1174, 9392, 3, 2, 1, NULL),
(46, 16, 12, 17, 1656, 28152, 2, 1, 1, NULL),
(47, 17, 12, 10, 1936, 19360, 2, 1, 1, NULL),
(48, 17, 32, 14, 1087, 15218, 2, 1, 1, NULL),
(49, 17, 35, 19, 2068, 39292, 1, 1, 1, NULL),
(50, 18, 32, 11, 2469, 27159, 4, 1, 2, 11),
(51, 18, 9, 18, 2202, 39636, 4, 1, 2, 18),
(52, 19, 29, 5, 2429, 12145, 2, 1, 1, NULL),
(53, 19, 32, 6, 1362, 8172, 2, 1, 1, NULL),
(54, 19, 11, 10, 2398, 23980, 4, 1, 2, 10),
(55, 19, 6, 8, 1972, 15776, 1, 1, 1, NULL),
(56, 20, 24, 11, 1670, 18370, 1, 2, 1, NULL),
(57, 20, 35, 14, 866, 12124, 4, 1, 2, 14),
(58, 20, 3, 16, 2472, 39552, 1, 1, 1, NULL),
(59, 20, 29, 8, 2388, 19104, 2, 2, 1, NULL),
(60, 21, 38, 9, 2407, 21663, 2, 2, 1, NULL),
(61, 21, 23, 6, 1967, 11802, 3, 1, 1, NULL),
(62, 21, 28, 10, 1462, 14620, 3, 1, 1, NULL),
(63, 21, 11, 13, 1853, 24089, 1, 2, 1, NULL),
(64, 22, 4, 9, 1311, 11799, 2, 1, 1, NULL),
(65, 22, 18, 12, 2359, 28308, 4, 1, 2, 12),
(66, 22, 9, 9, 1982, 17838, 3, 1, 1, NULL),
(67, 23, 29, 17, 1855, 31535, 3, 1, 1, NULL),
(68, 23, 5, 19, 1799, 34181, 3, 2, 1, NULL),
(69, 23, 6, 7, 2296, 16072, 4, 1, 2, 7),
(70, 24, 35, 11, 1679, 18469, 2, 1, 1, NULL),
(71, 24, 26, 13, 1461, 18993, 3, 1, 1, NULL),
(72, 25, 37, 6, 894, 5364, 1, 1, 1, NULL),
(73, 25, 9, 5, 1054, 5270, 2, 1, 1, NULL),
(74, 25, 32, 19, 801, 15219, 4, 2, 2, 19),
(75, 25, 22, 9, 2131, 19179, 3, 2, 1, NULL),
(76, 26, 6, 7, 1561, 10927, 2, 2, 1, NULL),
(77, 26, 24, 17, 2081, 35377, 3, 2, 1, NULL),
(78, 26, 17, 18, 2142, 38556, 1, 2, 1, NULL),
(79, 27, 14, 7, 1071, 7497, 2, 1, 1, NULL),
(80, 27, 31, 5, 816, 4080, 3, 2, 1, NULL),
(81, 28, 9, 12, 1584, 19008, 1, 2, 1, NULL),
(82, 28, 31, 8, 1441, 11528, 3, 1, 1, NULL),
(83, 28, 5, 9, 1583, 14247, 2, 2, 1, NULL),
(84, 29, 34, 5, 2049, 10245, 2, 1, 1, NULL),
(85, 29, 37, 16, 2279, 36464, 2, 2, 1, NULL),
(86, 30, 29, 8, 1086, 8688, 1, 1, 1, NULL),
(87, 30, 14, 16, 1679, 26864, 3, 2, 1, NULL),
(88, 30, 6, 12, 1367, 16404, 1, 2, 1, NULL),
(89, 28, 36, 14, 1800, 25200, 4, 1, 2, 14),
(90, 25, 19, 5, 1800, 9000, 3, 1, 1, NULL),
(100, 13, 20, 8, 1800, 14400, 2, 1, 1, NULL),
(101, 17, 33, 8, 1800, 14400, 1, 2, 1, NULL),
(102, 19, 26, 9, 1800, 16200, 4, 2, 2, 9);

-- 17 stock_in_history(재고 기록) 데이터



-- history_status 정의

-- 1: 입고 대기
-- 2: 입고 완료
-- 3: 부분 입고
-- 4: 오입고
-- 5: 폐기
-- 6: 반품

INSERT INTO stock_in_history (history_id, store_id, part_timer_id, product_id, order_id, in_quantity, in_date, expire_date, history_status) VALUES
(1, 2, 4, 18, 8, 8, '2025-04-23 02:52:21', '2025-06-18', 6),
(2, 9, 12, 38, 14, 2, '2025-04-25 02:52:21', '2025-06-17', 2),
(3, 4, 65, 2, 18, 7, '2025-04-15 02:52:21', '2025-10-01', 4),
(4, 4, 58, 38, 9, 1, '2025-04-23 02:52:21', '2025-09-08', 3),
(5, 5, 20, 14, 25, 11, '2025-04-24 02:52:21', '2025-06-16', 4),
(6, 2, 46, 23, 20, 9, '2025-04-25 02:52:21', '2025-09-19', 5),
(7, 2, 49, 6, 18, 10, '2025-04-15 02:52:21', '2025-08-15', 5),
(8, 4, 9, 3, 22, 8, '2025-04-21 02:52:21', '2025-06-10', 2),
(9, 2, 49, 18, 15, 12, '2025-04-23 02:52:21', '2025-08-25', 3),
(10, 4, 35, 5, 20, 6, '2025-04-17 02:52:21', '2025-07-18', 2),
(11, 8, 49, 18, 30, 18, '2025-04-22 02:52:21', '2025-08-13', 1),
(12, 4, 5, 21, 13, 9, '2025-04-24 02:52:21', '2025-07-17', 5),
(13, 6, 28, 32, 13, 15, '2025-04-23 02:52:21', '2025-07-29', 2),
(14, 4, 34, 38, 14, 19, '2025-04-19 02:52:21', '2025-08-19', 2),
(15, 3, 64, 6, 25, 2, '2025-04-24 02:52:21', '2025-07-02', 6),
(16, 3, 55, 5, 13, 13, '2025-04-16 02:52:21', '2025-09-12', 5),
(17, 5, 2, 8, 22, 18, '2025-04-21 02:52:21', '2025-08-16', 1),
(18, 5, 56, 11, 15, 1, '2025-04-21 02:52:21', '2025-09-26', 2),
(19, 9, 14, 20, 27, 17, '2025-04-16 02:52:21', '2025-07-05', 2),
(20, 6, 21, 35, 25, 17, '2025-04-25 02:52:21', '2025-08-15', 4),
(21, 1, 15, 24, 29, 10, '2025-04-22 02:52:21', '2025-06-05', 2),
(22, 10, 11, 6, 24, 16, '2025-04-24 02:52:21', '2025-10-07', 2),
(23, 3, 61, 36, 6, 9, '2025-04-17 02:52:21', '2025-09-02', 2),
(24, 9, 26, 20, 13, 12, '2025-04-18 02:52:21', '2025-09-27', 4),
(25, 2, 32, 15, 3, 11, '2025-04-25 02:52:21', '2025-10-22', 5),
(26, 4, 29, 1, 3, 2, '2025-04-22 02:52:21', '2025-06-08', 1),
(27, 6, 10, 33, 8, 9, '2025-04-15 02:52:21', '2025-09-16', 2),
(28, 9, 17, 37, 19, 16, '2025-04-22 02:52:21', '2025-09-20', 4),
(29, 4, 13, 7, 22, 14, '2025-04-20 02:52:21', '2025-09-05', 4),
(30, 8, 7, 7, 2, 13, '2025-04-20 02:52:21', '2025-06-16', 2),
(31, 4, 25, 35, 15, 5, '2025-04-19 02:52:21', '2025-07-04', 3),
(32, 8, 32, 5, 15, 18, '2025-04-24 02:52:21', '2025-06-05', 6),
(33, 9, 2, 6, 30, 8, '2025-04-23 02:52:21', '2025-09-04', 4),
(34, 8, 28, 26, 29, 2, '2025-04-23 02:52:21', '2025-08-28', 1),
(35, 7, 34, 30, 10, 14, '2025-04-17 02:52:21', '2025-09-18', 2),
(36, 4, 38, 14, 2, 19, '2025-04-17 02:52:21', '2025-06-01', 6),
(37, 6, 8, 4, 19, 16, '2025-04-17 02:52:21', '2025-09-29', 2),
(38, 1, 11, 12, 3, 20, '2025-04-24 02:52:21', '2025-07-23', 4),
(39, 2, 32, 38, 20, 2, '2025-04-16 02:52:21', '2025-06-05', 4),
(40, 10, 41, 17, 7, 11, '2025-04-22 02:52:21', '2025-07-28', 4),
(41, 3, 39, 30, 11, 3, '2025-04-25 02:52:21', '2025-09-19', 5),
(42, 10, 13, 5, 18, 7, '2025-04-17 02:52:21', '2025-07-23', 2),
(43, 6, 9, 16, 12, 10, '2025-04-23 02:52:21', '2025-09-12', 5),
(44, 5, 2, 36, 10, 4, '2025-04-23 02:52:21', '2025-07-29', 1),
(45, 2, 20, 18, 10, 20, '2025-04-22 02:52:21', '2025-08-17', 2),
(46, 5, 65, 32, 9, 2, '2025-04-24 02:52:21', '2025-09-09', 3),
(47, 1, 1, 22, 25, 5, '2025-04-15 02:52:21', '2025-07-21', 2),
(48, 8, 55, 36, 1, 4, '2025-04-24 02:52:21', '2025-07-01', 5),
(49, 1, 48, 38, 18, 5, '2025-04-19 02:52:21', '2025-06-20', 1),
(50, 5, 47, 3, 29, 12, '2025-04-22 02:52:21', '2025-07-24', 6),
(51, 2, 46, 36, 29, 14, '2025-04-16 02:52:21', '2025-06-24', 2),
(52, 3, 23, 27, 1, 6, '2025-04-20 02:52:21', '2025-09-02', 6),
(53, 4, 35, 11, 26, 4, '2025-04-19 02:52:21', '2025-05-28', 4),
(54, 4, 26, 30, 12, 10, '2025-04-22 02:52:21', '2025-07-18', 1),
(55, 4, 52, 22, 9, 3, '2025-04-21 02:52:21', '2025-08-18', 6),
(56, 9, 52, 35, 11, 1, '2025-04-24 02:52:21', '2025-07-29', 2),
(57, 10, 34, 3, 4, 20, '2025-04-19 02:52:21', '2025-08-15', 6),
(58, 6, 56, 33, 4, 13, '2025-04-16 02:52:21', '2025-07-03', 3),
(59, 1, 56, 1, 17, 18, '2025-04-15 02:52:21', '2025-07-04', 3),
(60, 7, 9, 22, 20, 11, '2025-04-15 02:52:21', '2025-06-15', 6),
(61, 5, 65, 20, 22, 14, '2025-04-20 02:52:21', '2025-08-31', 6),
(62, 5, 17, 13, 14, 13, '2025-04-15 02:52:21', '2025-06-28', 5),
(63, 10, 39, 26, 18, 1, '2025-04-21 02:52:21', '2025-08-02', 2),
(64, 7, 42, 30, 15, 15, '2025-04-15 02:52:21', '2025-07-08', 5),
(65, 8, 22, 6, 10, 17, '2025-04-15 02:52:21', '2025-08-08', 1),
(66, 4, 40, 15, 26, 7, '2025-04-23 02:52:21', '2025-05-29', 1),
(67, 4, 61, 5, 15, 14, '2025-04-15 02:52:21', '2025-10-09', 2),
(68, 7, 64, 26, 8, 5, '2025-04-15 02:52:21', '2025-05-16', 1),
(69, 7, 29, 12, 26, 17, '2025-04-18 02:52:21', '2025-05-30', 5),
(70, 4, 16, 30, 5, 15, '2025-04-15 02:52:21', '2025-09-27', 5),
(71, 10, 41, 29, 20, 17, '2025-04-19 02:52:21', '2025-10-06', 4),
(72, 3, 61, 29, 9, 8, '2025-04-15 02:52:21', '2025-07-24', 5),
(73, 8, 31, 18, 15, 3, '2025-04-21 02:52:21', '2025-07-20', 3),
(74, 6, 41, 35, 3, 5, '2025-04-23 02:52:21', '2025-07-21', 4),
(75, 3, 28, 5, 14, 14, '2025-04-20 02:52:21', '2025-10-05', 4),
(76, 7, 8, 14, 27, 14, '2025-04-19 02:52:21', '2025-10-15', 6),
(77, 1, 49, 31, 1, 12, '2025-04-21 02:52:21', '2025-08-28', 4),
(78, 9, 29, 32, 8, 9, '2025-04-19 02:52:21', '2025-09-20', 1),
(79, 7, 44, 26, 24, 6, '2025-04-18 02:52:21', '2025-06-19', 5),
(80, 9, 4, 26, 19, 19, '2025-04-15 02:52:21', '2025-05-21', 1),
(81, 7, 18, 30, 6, 2, '2025-04-21 02:52:21', '2025-08-26', 3),
(82, 4, 59, 21, 11, 13, '2025-04-21 02:52:21', '2025-09-05', 3),
(83, 2, 61, 2, 24, 18, '2025-04-25 02:52:21', '2025-08-22', 2),
(84, 2, 6, 2, 8, 7, '2025-04-25 02:52:21', '2025-07-03', 2),
(85, 3, 61, 8, 19, 7, '2025-04-18 02:52:21', '2025-07-22', 3),
(86, 3, 15, 11, 10, 4, '2025-04-16 02:52:21', '2025-05-22', 3),
(87, 10, 49, 26, 23, 7, '2025-04-24 02:52:21', '2025-07-25', 1),
(88, 5, 16, 37, 26, 2, '2025-04-20 02:52:21', '2025-10-03', 4),
(89, 6, 9, 33, 21, 11, '2025-04-25 02:52:21', '2025-09-09', 4),
(90, 2, 56, 24, 21, 15, '2025-04-23 02:52:21', '2025-09-11', 2),
(91, 9, 35, 35, 25, 16, '2025-04-18 02:52:21', '2025-09-06', 6),
(92, 10, 35, 21, 28, 8, '2025-04-24 02:52:21', '2025-08-03', 4),
(93, 4, 60, 37, 20, 13, '2025-04-20 02:52:21', '2025-05-27', 4);

-- 18 disposal(폐기) 데이터
INSERT INTO disposal (disposal_id, stock_id, disposal_date, disposal_quantity, processed_by, total_loss_amount, disposal_reason) VALUES
(1, 180, '2025-04-16 01:20:32', 9, '최영일', 11601, '유통기한만료'),
(2, 19, '2025-04-24 01:20:32', 1, '김영호', 2172, '기타'),
(3, 92, '2025-04-16 01:20:32', 9, '안채원', 26451, '유통기한만료'),
(4, 129, '2025-04-20 01:20:32', 4, '이종수', 10128, '보관불량'),
(5, 28, '2025-04-21 01:20:32', 7, '최혜진', 19978, '파손'),
(6, 75, '2025-04-22 01:20:32', 3, '박정수', 4356, '보관불량'),
(7, 176, '2025-04-21 01:20:32', 2, '이서준', 2742, '유통기한만료'),
(8, 78, '2025-04-11 01:20:32', 9, '김서준', 17496, '유통기한만료'),
(9, 156, '2025-04-20 01:20:32', 2, '황성호', 3026, '유통기한만료'),
(10, 23, '2025-04-21 01:20:32', 10, '오예진', 19970, '보관불량'),
(11, 73, '2025-04-19 01:20:32', 3, '박미정', 7122, '파손'),
(12, 113, '2025-04-23 01:20:32', 5, '이준혁', 11340, '유통기한만료'),
(13, 98, '2025-04-10 01:20:32', 4, '문시우', 6600, '기타'),
(14, 102, '2025-04-17 01:20:32', 6, '류재호', 13572, '보관불량'),
(15, 170, '2025-04-13 01:20:32', 10, '이은영', 13120, '보관불량'),
(16, 8, '2025-04-12 01:20:32', 6, '박보람', 17778, '기타'),
(17, 122, '2025-04-22 01:20:32', 1, '이정호', 1641, '파손'),
(18, 41, '2025-04-12 01:20:32', 4, '주지영', 9832, '기타'),
(19, 137, '2025-04-20 01:20:32', 6, '이주원', 7650, '보관불량'),
(20, 57, '2025-04-10 01:20:32', 8, '남상철', 15576, '기타'),
(21, 35, '2025-04-19 01:20:32', 5, '김지연', 9985, '유통기한만료'),
(22, 101, '2025-04-22 01:20:32', 10, '서진우', 11670, '보관불량'),
(23, 140, '2025-04-11 01:20:32', 3, '안준영', 8475, '파손'),
(24, 76, '2025-04-20 01:20:32', 2, '홍주원', 4978, '유통기한만료'),
(25, 163, '2025-04-10 01:20:32', 1, '김수진', 2739, '유통기한만료'),
(26, 37, '2025-04-11 01:20:32', 10, '김승현', 21850, '기타'),
(27, 77, '2025-04-12 01:20:32', 10, '박예준', 14350, '유통기한만료'),
(28, 166, '2025-04-16 01:20:32', 5, '박현숙', 10565, '기타'),
(29, 96, '2025-04-14 01:20:32', 3, '이경희', 5247, '기타'),
(30, 3, '2025-04-21 01:20:32', 10, '한지원', 25010, '보관불량');


-- 본사 인사 더미 데이터

-- 19. department (부서) 데이터
INSERT INTO department (dept_id, dept_name) VALUES
(1, '인사'),
(2, '상품관리'),
(3, '지점관리'),
(4, '미승인점주'),
(5, '승인점주'),
(6, '미승인 사원');

-- 24. employee (사원) 데이터
INSERT INTO employee (emp_id, emp_role, store_id, depart_id, emp_name, emp_gender, emp_phone, emp_addr, emp_birth, login_id, login_pwd, emp_img, emp_bank, emp_acount, emp_status, hire_date, work_type, email_auth, emp_ext)
VALUES
-- 인사팀 (depart_id = 1)
(1, '사원', NULL, 1, '김인사', 1, '010-1000-0001', '서울특별시 강남구 테헤란로 123', '1990-01-01', 'kiminsa@coreerp.com', '$2b$12$aM72XpJ3m9oX6Z11pFFjq.34MRwZ6z//2epRMRemv89HsYQr35Epe', NULL, 1, '111-1111-1111', '1', '2023-01-01', 1, 1, NULL),
(2, '대리', NULL, 1, '박인사', 2, '010-1000-0002', '서울특별시 강남구 삼성로 45', '1991-02-02', 'parkinsa@coreerp.com', '$2b$12$aM72XpJ3m9oX6Z11pFFjq.34MRwZ6z//2epRMRemv89HsYQr35Epe', NULL, 2, '111-1111-1112', '1', '2023-01-02', 1, 1, NULL),
(3, '과장', NULL, 1, '이인사', 1, '010-1000-0003', '서울특별시 강남구 역삼로 99', '1992-03-03', 'leeinsa@coreerp.com', '$2b$12$aM72XpJ3m9oX6Z11pFFjq.34MRwZ6z//2epRMRemv89HsYQr35Epe', NULL, 3, '111-1111-1113', '1', '2023-01-03', 1, 1, NULL),
(4, '차장', NULL, 1, '정인사', 2, '010-1000-0004', '서울특별시 강남구 선릉로 333', '1993-04-04', 'junginsa@coreerp.com', '$2b$12$aM72XpJ3m9oX6Z11pFFjq.34MRwZ6z//2epRMRemv89HsYQr35Epe', NULL, 1, '111-1111-1114', '1', '2023-01-04', 1, 1, NULL),
(5, '부장', NULL, 1, '최인사', 1, '010-1000-0005', '서울특별시 강남구 논현로 58', '1994-05-05', 'choiinsa@coreerp.com', '$2b$12$aM72XpJ3m9oX6Z11pFFjq.34MRwZ6z//2epRMRemv89HsYQr35Epe', NULL, 2, '111-1111-1115', '1', '2023-01-05', 1, 1, NULL),

-- 상품관리팀 (depart_id = 2)
(6, '사원', NULL, 2, '김상품', 1, '010-2000-0001', '서울특별시 서초구 서초대로 11', '1990-06-01', 'kimproduct@coreerp.com', '$2b$12$aM72XpJ3m9oX6Z11pFFjq.34MRwZ6z//2epRMRemv89HsYQr35Epe', NULL, 2, '222-2222-2221', '1', '2023-02-01', 1, 1, NULL),
(7, '대리', NULL, 2, '박상품', 2, '010-2000-0002', '서울특별시 서초구 반포대로 222', '1991-07-02', 'parkproduct@coreerp.com', '$2b$12$aM72XpJ3m9oX6Z11pFFjq.34MRwZ6z//2epRMRemv89HsYQr35Epe', NULL, 3, '222-2222-2222', '1', '2023-02-02', 1, 1, NULL),
(8, '과장', NULL, 2, '이상품', 1, '010-2000-0003', '서울특별시 서초구 강남대로 321', '1992-08-03', 'leeproduct@coreerp.com', '$2b$12$aM72XpJ3m9oX6Z11pFFjq.34MRwZ6z//2epRMRemv89HsYQr35Epe', NULL, 1, '222-2222-2223', '1', '2023-02-03', 1, 1, NULL),
(9, '차장', NULL, 2, '정상품', 2, '010-2000-0004', '서울특별시 서초구 방배로 456', '1993-09-04', 'jungproduct@coreerp.com', '$2b$12$aM72XpJ3m9oX6Z11pFFjq.34MRwZ6z//2epRMRemv89HsYQr35Epe', NULL, 2, '222-2222-2224', '1', '2023-02-04', 1, 1, NULL),
(10, '부장', NULL, 2, '최상품', 1, '010-2000-0005', '서울특별시 서초구 남부순환로 789', '1994-10-05', 'choiproduct@coreerp.com', '$2b$12$aM72XpJ3m9oX6Z11pFFjq.34MRwZ6z//2epRMRemv89HsYQr35Epe', NULL, 3, '222-2222-2225', '1', '2023-02-05', 1, 1, NULL),

-- 지점관리팀 (depart_id = 3)
(11, '사원', NULL, 3, '김지점', 2, '010-3000-0001', '서울특별시 송파구 송파대로 88', '1990-11-01', 'kimbranch@coreerp.com', '$2b$12$aM72XpJ3m9oX6Z11pFFjq.34MRwZ6z//2epRMRemv89HsYQr35Epe', NULL, 1, '333-3333-3331', '1', '2023-03-01', 1, 1, NULL),
(12, '대리', NULL, 3, '박지점', 1, '010-3000-0002', '서울특별시 송파구 가락로 222', '1991-12-02', 'parkbranch@coreerp.com', '$2b$12$aM72XpJ3m9oX6Z11pFFjq.34MRwZ6z//2epRMRemv89HsYQr35Epe', NULL, 2, '333-3333-3332', '1', '2023-03-02', 1, 1, NULL),
(13, '과장', NULL, 3, '이지점', 2, '010-3000-0003', '서울특별시 송파구 문정로 303', '1992-01-03', 'leebranch@coreerp.com', '$2b$12$aM72XpJ3m9oX6Z11pFFjq.34MRwZ6z//2epRMRemv89HsYQr35Epe', NULL, 3, '333-3333-3333', '1', '2023-03-03', 1, 1, NULL),
(14, '차장', NULL, 3, '정지점', 1, '010-3000-0004', '서울특별시 송파구 오금로 404', '1993-02-04', 'jungbranch@coreerp.com', '$2b$12$aM72XpJ3m9oX6Z11pFFjq.34MRwZ6z//2epRMRemv89HsYQr35Epe', NULL, 1, '333-3333-3334', '1', '2023-03-04', 1, 1, NULL),
(15, '부장', NULL, 3, '최지점', 2, '010-3000-0005', '서울특별시 송파구 양재대로 505', '1994-03-05', '123', '$2b$12$SXuYim4p0ycxzphbUSAalulxo0bHWpJQGlsVfY/sufn02H/9tXyv6', NULL, 2, '333-3333-3335', '1', '2023-03-05', 1, 1, NULL),

-- 점주 (depart_id = 5)
(16, '점주', 1, 5, '이민서', 2, '062-664-7698', '서울시 종로구', '1983-11-11', '1234', '$2b$12$Pb5KVPSDtk3rbJC2L.tQ6O93rUbdBfJuSswpYC9dxCvTRCMtbR4S2', NULL, 1, '111-111-111111', '1', '2025-04-25', 3, 1, NULL),
(17, '점주', 2, 5, '박재현', 1, '055-689-0193', '서울시 종로구', '1984-12-12', 'owner2@coreerp.com', '$2b$12$Pb5KVPSDtk3rbJC2L.tQ6O93rUbdBfJuSswpYC9dxCvTRCMtbR4S2', NULL, 3, '222-222-222222', '1', '2025-04-25', 3, 1, NULL),
(18, '점주', 3, 5, '서정수', 2, '043-536-5108', '서울시 종로구', '1985-10-10', 'owner3@coreerp.com', '$2b$12$Pb5KVPSDtk3rbJC2L.tQ6O93rUbdBfJuSswpYC9dxCvTRCMtbR4S2', NULL, 2, '333-333-333333', '1', '2025-04-25', 3, 1, NULL),
(19, '점주', 4, 5, '김민준', 1, '054-142-2222', '서울시 강북구', '1986-08-08', 'owner4@coreerp.com', '$2b$12$Pb5KVPSDtk3rbJC2L.tQ6O93rUbdBfJuSswpYC9dxCvTRCMtbR4S2', NULL, 3, '444-444-444444', '1', '2025-04-25', 3, 1, NULL),
(20, '점주', 5, 5, '서순자', 2, '063-134-8388', '서울시 강북구', '1987-07-07', 'owner5@coreerp.com', '$2b$12$Pb5KVPSDtk3rbJC2L.tQ6O93rUbdBfJuSswpYC9dxCvTRCMtbR4S2', NULL, 1, '555-555-555555', '1', '2025-04-25', 3, 1, NULL),
(21, '점주', 6, 5, '정우영', 1, '010-7777-1234', '서울시 강북구', '1988-06-06', 'owner6@coreerp.com', '$2b$12$Pb5KVPSDtk3rbJC2L.tQ6O93rUbdBfJuSswpYC9dxCvTRCMtbR4S2', NULL, 3, '666-666-666666', '1', '2025-04-25', 3, 1, NULL),
(22, '점주', 7, 5, '문지윤', 2, '010-8888-2345', '서울시 강남구', '1989-05-05', 'owner7@coreerp.com', '$2b$12$Pb5KVPSDtk3rbJC2L.tQ6O93rUbdBfJuSswpYC9dxCvTRCMtbR4S2', NULL, 2, '777-777-777777', '1', '2025-04-25', 3, 1, NULL),
(23, '점주', 8, 5, '조예빈', 1, '010-9999-3456', '서울시 강남구', '1990-04-04', 'owner8@coreerp.com', '$2b$12$Pb5KVPSDtk3rbJC2L.tQ6O93rUbdBfJuSswpYC9dxCvTRCMtbR4S2', NULL, 3, '888-888-888888', '1', '2025-04-25', 3, 1, NULL),
(24, '점주', 9, 5, '한지현', 2, '010-0000-4567', '서울시 강남구', '1991-03-03', 'owner9@coreerp.com', '$2b$12$Pb5KVPSDtk3rbJC2L.tQ6O93rUbdBfJuSswpYC9dxCvTRCMtbR4S2', NULL, 1, '999-999-999999', '1', '2025-04-25', 3, 1, NULL),
(25, '점주', 10, 5, '노정훈', 1, '010-1234-5678', '서울시 강남구', '1992-02-02', 'owner10@coreerp.com', '$2b$12$Pb5KVPSDtk3rbJC2L.tQ6O93rUbdBfJuSswpYC9dxCvTRCMtbR4S2', NULL, 3, '000-000-000000', '1', '2025-04-25', 3, 1, NULL);

-- 20. annual_leave (연차) 데이터
INSERT INTO annual_leave (leave_id, emp_id, year, total_days, used_days, rem_days, uadate_at) VALUES
(1, 1, 2023, 15, 5, 10, '2023-12-01'),
(2, 2, 2023, 15, 3, 12, '2023-12-01'),
(3, 3, 2023, 15, 7, 8, '2023-12-01'),
(4, 4, 2023, 15, 2, 13, '2023-12-01'),
(5, 5, 2023, 15, 4, 11, '2023-12-01'),
(6, 6, 2023, 15, 6, 9, '2023-12-01'),
(7, 7, 2023, 15, 8, 7, '2023-12-01'),
(8, 8, 2023, 15, 1, 14, '2023-12-01'),
(9, 9, 2023, 15, 9, 6, '2023-12-01'),
(10, 10, 2023, 15, 0, 15, '2023-12-01');

-- 21. leave_req (연차 신청) 데이터

-- req_status 정의

-- 1: 승인
-- 2: 반려
-- 3: 대기


INSERT INTO leave_req (req_id, emp_id, req_date, req_reason, req_status, created_at) VALUES
(1, 1, '2023-12-25', '연말 휴가', 1, '2023-12-01 10:00:00'),
(2, 2, '2023-12-26', '가족 행사', 2, '2023-12-02 11:00:00'),
(3, 3, '2023-12-27', '개인 사유', 3, '2023-12-03 09:00:00'),
(4, 4, '2023-12-28', '병원 방문', 1, '2023-12-04 14:00:00'),
(5, 5, '2023-12-29', '연말 정산', 2, '2023-12-05 16:00:00'),
(6, 6, '2023-12-30', '이사', 1, '2023-12-06 10:30:00'),
(7, 7, '2024-01-02', '신년 행사', 3, '2023-12-07 11:30:00'),
(8, 8, '2024-01-03', '개인 용무', 1, '2023-12-08 09:30:00'),
(9, 9, '2024-01-04', '휴식', 2, '2023-12-09 13:30:00'),
(10, 10, '2024-01-05', '가족 여행', 3, '2023-12-10 15:30:00');

-- 22. appr_log (연차 결재 로그) 데이터

-- appr_status 정의
-- 1: 승인
-- 2: 반려
-- 3: 대기

INSERT INTO appr_log (log_id, req_id, emp_id, appr_status, appr_at, note) VALUES
(1, 1, 1, 1, '2023-12-01 11:00:00', '승인합니다'),
(2, 2, 2, 2, '2023-12-02 12:00:00', '인원 부족으로 반려'),
(3, 3, 3, 3, '2023-12-03 10:00:00', '검토중'),
(4, 4, 4, 1, '2023-12-04 15:00:00', '승인합니다'),
(5, 5, 5, 2, '2023-12-05 17:00:00', '업무 일정으로 반려'),
(6, 6, 6, 1, '2023-12-06 11:00:00', '승인합니다'),
(7, 7, 7, 3, '2023-12-07 12:00:00', '검토중'),
(8, 8, 8, 1, '2023-12-08 10:00:00', '승인합니다'),
(9, 9, 9, 2, '2023-12-09 14:00:00', '일정 중복으로 반려'),
(10, 10, 10, 3, '2023-12-10 16:00:00', '검토중');

-- 23. Salary (급여) 데이터

-- pay_status 정의
-- 1: 지급대기
-- 2: 지급완료

INSERT INTO Salary (salary_id, emp_id, calculated_at, base_salary, bonus, deduct_total, deduct_extra, net_salary, pay_date, pay_status) VALUES
(1, 1, '2023-11-30', 3000000, 300000, 300000, null, 3000000, '2023-12-05', 2),
(2, 2, '2023-11-30', 2800000, 280000, 280000, null, 2800000, '2023-12-05', 2),
(3, 3, '2023-11-30', 2600000, 260000, 260000, null, 2600000, '2023-12-05', 2),
(4, 4, '2023-11-30', 2400000, 240000, 240000, null, 2400000, '2023-12-05', 2),
(5, 5, '2023-11-30', 2200000, 220000, 220000, null, 2200000, '2023-12-05', 2),
(6, 6, '2023-11-30', 3200000, 320000, 320000, null, 3200000, '2023-12-05', 1),
(7, 7, '2023-11-30', 2900000, 290000, 290000, null, 2900000, '2023-12-05', 1),
(8, 8, '2023-11-30', 2700000, 270000, 270000, null, 2700000, '2023-12-05', 2),
(9, 9, '2023-11-30', 2500000, 250000, 250000, null, 2500000, '2023-12-05', 2),
(10, 10, '2023-11-30', 3500000, 350000, 350000, null, 3500000, '2023-12-05', 1);

INSERT INTO Salary (salary_id, emp_id, part_timer_id,store_id, calculated_at, base_salary, bonus, deduct_total, deduct_extra, net_salary, pay_date, pay_status) VALUES
(11, NULL, 1, 1, '2025-04-22', 1487274, 100000, 116900, 0, 1470374, '2025-04-22', 2),
(12, NULL, 2, 1, '2025-04-16', 1011106, 100000, 81310, 30000, 999796, '2025-04-20', 1),
(13, NULL, 3, 1, '2025-04-16', 1147189, 50000, 70869, 0, 1126320, '2025-04-21', 1),
(14, NULL, 4, 1, '2025-04-17', 1376224, 0, 78681, 20000, 1277543, '2025-04-24', 1),
(15, NULL, 5, 1, '2025-04-20', 1387380, 0, 55610, 30000, 1301770, '2025-04-24', 2),
(16, NULL, 6, 2, '2025-04-18', 1492489, 50000, 56086, 0, 1486403, '2025-04-20', 2),
(17, NULL, 7, 2, '2025-04-23', 1546699, 100000, 85847, 30000, 1530852, '2025-04-23', 1),
(18, NULL, 8, 2, '2025-04-18', 1396905, 50000, 127028, 30000, 1289877, '2025-04-25', 2),
(19, NULL, 9, 2, '2025-04-18', 1233726, 100000, 103194, 20000, 1210532, '2025-04-23', 1),
(20, NULL, 10, 2, '2025-04-17', 1006918, 100000, 68214, 20000, 1018704, '2025-04-24', 2),
(21, NULL, 11, 3, '2025-04-23', 1539535, 100000, 86806, 0, 1552729, '2025-04-24', 2),
(22, NULL, 12, 3, '2025-04-22', 1379818, 100000, 144018, 0, 1335800, '2025-04-20', 2),
(23, NULL, 13, 3, '2025-04-18', 1346265, 100000, 64855, 20000, 1361410, '2025-04-20', 1),
(24, NULL, 14, 3, '2025-04-17', 1220939, 100000, 71134, 30000, 1219805, '2025-04-22', 2),
(25, NULL, 15, 3, '2025-04-21', 1045240, 0, 125168, 30000, 890072, '2025-04-24', 2),
(26, NULL, 16, 4, '2025-04-16', 1041094, 100000, 69249, 0, 1071845, '2025-04-24', 1),
(27, NULL, 17, 4, '2025-04-22', 1541737, 50000, 128558, 30000, 1433179, '2025-04-20', 2),
(28, NULL, 18, 4, '2025-04-20', 1089913, 0, 108877, 30000, 951036, '2025-04-22', 1),
(29, NULL, 19, 4, '2025-04-22', 1230019, 50000, 128753, 0, 1151266, '2025-04-21', 2),
(30, NULL, 20, 4, '2025-04-15', 1535617, 50000, 71983, 30000, 1483634, '2025-04-20', 1),
(31, NULL, 21, 5, '2025-04-17', 1072187, 0, 99572, 20000, 952615, '2025-04-24', 2),
(32, NULL, 22, 5, '2025-04-24', 1212177, 100000, 116107, 30000, 1166070, '2025-04-22', 2),
(33, NULL, 23, 5, '2025-04-15', 1100976, 0, 112373, 30000, 958603, '2025-04-21', 2),
(34, NULL, 24, 5, '2025-04-16', 1527778, 0, 62214, 20000, 1445564, '2025-04-20', 2),
(35, NULL, 25, 5, '2025-04-15', 1565482, 0, 138940, 30000, 1396542, '2025-04-22', 1),
(36, NULL, 26, 6, '2025-04-19', 1045548, 100000, 119444, 20000, 1006104, '2025-04-24', 1),
(37, NULL, 27, 6, '2025-04-18', 1367544, 100000, 147175, 30000, 1290369, '2025-04-21', 2),
(38, NULL, 28, 6, '2025-04-18', 1140386, 50000, 112539, 0, 1077847, '2025-04-25', 1),
(39, NULL, 29, 6, '2025-04-15', 1570143, 50000, 83791, 0, 1536352, '2025-04-25', 2),
(40, NULL, 30, 6, '2025-04-15', 1547923, 0, 118126, 0, 1429797, '2025-04-22', 2),
(41, NULL, 31, 7, '2025-04-19', 1428705, 50000, 63970, 0, 1414735, '2025-04-22', 1),
(42, NULL, 32, 7, '2025-04-20', 1562146, 50000, 124012, 20000, 1468134, '2025-04-21', 1),
(43, NULL, 33, 7, '2025-04-18', 1213588, 50000, 122365, 30000, 1111223, '2025-04-22', 2),
(44, NULL, 34, 7, '2025-04-19', 1586252, 100000, 113407, 20000, 1552845, '2025-04-23', 1),
(45, NULL, 35, 7, '2025-04-18', 1144775, 100000, 65608, 30000, 1149167, '2025-04-24', 1),
(46, NULL, 36, 8, '2025-04-22', 1105149, 0, 116629, 20000, 968520, '2025-04-23', 2),
(47, NULL, 37, 8, '2025-04-22', 1408004, 100000, 50693, 0, 1457311, '2025-04-24', 1),
(48, NULL, 38, 8, '2025-04-15', 1456526, 0, 58399, 20000, 1378127, '2025-04-24', 1),
(49, NULL, 39, 8, '2025-04-23', 1039589, 100000, 100374, 20000, 1019215, '2025-04-21', 1),
(50, NULL, 40, 8, '2025-04-15', 1060254, 0, 133924, 20000, 906330, '2025-04-22', 2),
(51, NULL, 41, 9, '2025-04-21', 1543323, 50000, 75525, 0, 1517798, '2025-04-21', 2),
(52, NULL, 42, 9, '2025-04-15', 1177715, 100000, 54726, 20000, 1202989, '2025-04-24', 2),
(53, NULL, 43, 9, '2025-04-22', 1091061, 50000, 102354, 20000, 1018707, '2025-04-20', 1),
(54, NULL, 44, 9, '2025-04-18', 1210040, 100000, 52014, 30000, 1228026, '2025-04-20', 2),
(55, NULL, 45, 9, '2025-04-23', 1576289, 50000, 145176, 30000, 1451113, '2025-04-21', 1),
(56, NULL, 46, 10, '2025-04-19', 1289939, 0, 129477, 0, 1160462, '2025-04-22', 1),
(57, NULL, 47, 10, '2025-04-15', 1004877, 50000, 72942, 20000, 961935, '2025-04-21', 2),
(58, NULL, 48, 10, '2025-04-16', 1075902, 100000, 88568, 20000, 1067334, '2025-04-25', 1),
(59, NULL, 49, 10, '2025-04-16', 1262292, 100000, 108034, 20000, 1234258, '2025-04-21', 1),
(60, NULL, 50, 10, '2025-04-21', 1356160, 50000, 139337, 20000, 1246823, '2025-04-21', 2);


-- 24. attendance (근태 기록) 데이터

-- attend_status 정의
-- 1: 출근
-- 2: 지각
-- 3: 조퇴
-- 4: 결근
-- 5: 연차
-- 6: 병가


INSERT INTO attendance (attend_id, emp_id, work_date, leave_id, in_time, out_time, attend_status) VALUES
(1, 1,'2023-12-01', NULL, '2023-12-01 09:00:00', '2023-12-01 18:00:00', 1),
(2, 2, '2023-12-01', NULL, '2023-12-01 09:30:00', '2023-12-01 18:00:00', 2),
(3, 3, '2023-12-01', NULL, '2023-12-01 09:00:00', '2023-12-01 17:30:00', 3),
(4, 4, '2023-12-01', NULL, '2023-12-01 09:00:00', '2023-12-01 18:00:00', 1),
(5, 5, '2023-12-01', NULL, '2023-12-01 00:00:00', '2023-12-01 00:00:00', 4),
(6, 6, '2023-12-02', NULL, '2023-12-02 09:00:00', '2023-12-02 18:00:00', 1),
(7, 7, '2023-12-02', NULL, '2023-12-02 00:00:00', '2023-12-02 00:00:00', 5),
(8, 8, '2023-12-02', NULL, '2023-12-02 09:00:00', '2023-12-02 18:00:00', 1),
(9, 9, '2023-12-02', NULL, '2023-12-02 00:00:00', '2023-12-02 00:00:00', 6),
(10, 10, '2023-12-02', NULL, '2023-12-02 09:00:00', '2023-12-02 18:00:00', 1);

INSERT INTO attendance (attend_id, emp_id,store_id, part_timer_id, work_date, leave_id, in_time, out_time, attend_status) VALUES
(11, NULL, 1,1, '2024-04-01 08:00:00', NULL, '2024-04-01 08:00:00', '2024-04-01 14:00:00', 1),
(12, NULL, 2,2, '2024-04-01 10:00:00', NULL, '2024-04-01 10:00:00', '2024-04-01 16:00:00', 1),
(13, NULL, 3,3, '2024-04-01 12:00:00', NULL, '2024-04-01 12:00:00', '2024-04-01 18:00:00', 1),
(14, NULL, 2,4, '2024-04-01 14:00:00', NULL, '2024-04-01 14:00:00', '2024-04-01 20:00:00', 2),
(15, NULL, 1,5, '2024-04-01 16:00:00', NULL, '2024-04-01 16:00:00', '2024-04-01 22:00:00', 3);

-- 게시판 관련 더미 데이터

-- board_type 코드 정의:
-- 1: 공지사항 (본사→점주)
-- 2: 건의사항 (점주→본사, 큰 규모의 개선 요청)
-- 3: 점포문의 (점주→본사, 긴급하거나 작은 문제)



-- 25 tbl_board_posts(게시글) 데이터
INSERT INTO `tbl_board_posts` (`post_id`, `emp_id`, `board_type`, `board_title`, `board_content`, `board_created_at`) VALUES
-- 공지사항 (board_type = 1)
(1, 1, 1, '2024년 2분기 신상품 출시 안내', '안녕하세요. 2024년 2분기 신규 상품 10종이 출시되었습니다. 첨부된 가이드라인에 따라 매장 진열을 변경해주시기 바랍니다.', '2024-04-01 09:30:00'),
(2, 1, 1, '하절기 위생 관리 지침 안내', '식품 안전을 위한 하절기 위생 관리 지침이 개정되었습니다. 모든 점포는 변경된 지침에 따라 냉장/냉동 상품 관리에 각별히 주의해주시기 바랍니다.', '2024-05-15 11:00:00'),
(3, 2, 1, '시스템 정기 점검 일정 안내', '2024년 6월 2일 새벽 2시부터 4시까지 POS 시스템 정기 점검이 있을 예정입니다. 해당 시간에는 시스템 사용이 제한되오니 업무에 참고하시기 바랍니다.', '2024-05-28 14:15:00'),
(4, 2, 1, '여름 휴가철 영업시간 조정 안내', '7월 중순부터 8월 말까지 휴가철 특별 영업시간을 적용할 수 있습니다. 영업시간 조정을 원하시는 점포는 6월 20일까지 지역 담당자에게 신청해주세요.', '2024-06-05 10:45:00'),
(5, 3, 1, '2024년 추석 상품 예약 판매 안내', '2024년 추석 선물세트 예약 판매가 7월 15일부터 시작됩니다. 예약 주문 접수 방법과 정산 절차는 첨부된 매뉴얼을 참고해주세요.', '2024-06-20 09:00:00'),

-- 건의사항 (board_type = 2, 규모가 큰 건의)
(6, 4, 2, '강남점 인테리어 리모델링 요청', '강남점 인테리어가 5년 이상 경과하여 노후화가 심각합니다. 고객 만족도 향상을 위해 내년 1분기 중 리모델링을 요청드립니다.', '2024-04-10 16:20:00'),
(7, 5, 2, '재고 관리 시스템 개선 요청', '현재 사용 중인 재고 관리 시스템의 바코드 인식률이 저하되어 업무 효율성이 떨어지고 있습니다. 바코드 리더기 업그레이드 또는 시스템 개선을 건의합니다.', '2024-04-22 13:50:00'),
(8, 6, 2, '홍대점 주차장 확장 제안', '주차 공간 부족으로 고객 불만이 증가하고 있습니다. 인근 건물 주차장과의 제휴 또는 주차 공간 확보 방안을 검토해주시기 바랍니다.', '2024-05-03 11:30:00'),
(9, 4, 2, '직원 휴게 공간 개선 요청', '현재 직원 휴게실이 너무 협소하여 교대 근무자들이 적절한 휴식을 취하기 어렵습니다. 휴게 공간 확장 또는 시설 개선을 요청드립니다.', '2024-05-18 17:45:00'),
(10, 7, 2, '친환경 포장재 도입 제안', '일회용 비닐봉투 사용을 줄이기 위해 친환경 종이봉투 및 재사용 가능한 쇼핑백 도입을 제안합니다. 초기 비용은 발생하나 장기적으로 환경 보호와 브랜드 이미지 향상에 기여할 것입니다.', '2024-06-01 14:10:00'),

-- 점포문의 (board_type = 3, 긴급하거나 빠른 처리가 필요한 문의)
(11, 5, 3, '냉장고 고장으로 긴급 수리 요청', '2번 냉장고가 갑자기 작동을 멈춰 냉장 상품이 손상될 위험이 있습니다. 긴급 수리 기사 파견을 요청드립니다.', '2024-04-05 08:15:00'),
(12, 6, 3, 'POS 시스템 결제 오류 발생', '오늘 오전부터 POS 시스템에서 신용카드 결제 시 간헐적으로 오류가 발생하고 있습니다. 빠른 확인 및 조치 부탁드립니다.', '2024-04-18 10:30:00'),
(13, 7, 3, '와이파이 접속 불량 문의', '매장 내 와이파이 접속이 불안정하여 고객 불만이 제기되고 있습니다. 네트워크 장비 점검 및 조치 요청드립니다.', '2024-05-02 13:25:00'),
(14, 8, 3, '보안 카메라 고장 신고', '매장 입구 보안 카메라가 작동하지 않습니다. 보안 문제가 우려되니 빠른 수리 또는 교체 부탁드립니다.', '2024-05-20 09:50:00'),
(15, 9, 3, '전기 누전 의심 신고', '창고 구역에서 전기 누전이 의심되는 상황이 발생했습니다. 안전을 위해 긴급 전기 안전 점검을 요청합니다.', '2024-06-10 16:40:00');

-- 26 tbl_board_comments(댓글/답변) 데이터
INSERT INTO `tbl_board_comments` (`comment_id`, `post_id`, `com_content`, `com_created_at`) VALUES
-- 공지사항에 대한 답변/댓글
(1, 1, '신상품 가이드라인 확인했습니다. 진열 변경은 언제까지 완료해야 하나요?', '2024-04-01 11:20:00'),
(2, 1, '4월 5일까지 진열 변경을 완료해주시기 바랍니다. 문의사항은 담당MD에게 연락 바랍니다.', '2024-04-01 13:45:00'),
(3, 3, '시스템 점검 일정 확인했습니다. 해당 시간 이후 장애 발생 시 비상연락처를 공유해주세요.', '2024-05-28 15:30:00'),
(4, 3, '시스템 비상연락처는 02-555-7890입니다. 매뉴얼에도 업데이트 하겠습니다.', '2024-05-28 16:05:00'),

-- 건의사항에 대한 답변
(5, 6, '강남점 리모델링 요청 검토 중입니다. 현장 실사를 위해 다음 주 중 방문 예정이오니 협조 부탁드립니다.', '2024-04-12 10:30:00'),
(6, 7, '재고 관리 시스템 개선 건의 접수되었습니다. IT 부서에서 현재 시스템 진단 후 조치 방안을 마련할 예정입니다.', '2024-04-23 09:15:00'),
(7, 8, '주차장 확장 제안 감사합니다. 인근 건물과의 제휴 가능성을 검토 중이며, 추가 협의 필요시 연락드리겠습니다.', '2024-05-04 14:20:00'),
(8, 10, '친환경 포장재 도입 제안은 현재 본사에서 검토 중인 사안입니다. 7월 중으로 시범 운영 매장을 선정할 예정이니 참고 바랍니다.', '2024-06-03 11:50:00'),

-- 점포문의에 대한 긴급 답변
(9, 11, '긴급 수리기사 오늘 오후 2시 방문 예정입니다. 임시 조치로 냉장 상품은 다른 냉장고로 이동 부탁드립니다.', '2024-04-05 08:40:00'),
(10, 12, 'POS 시스템 원격 점검 완료했습니다. 결제모듈 업데이트가 필요하며 담당자가 원격으로 조치 예정입니다.', '2024-04-18 11:15:00'),
(11, 13, '네트워크 엔지니어 내일 오전 10시 방문 예정입니다. 방문 전 통신사에 점검 요청도 병행할 예정입니다.', '2024-05-02 14:00:00'),
(12, 14, '보안 업체에 수리 요청 접수 완료했습니다. 내일 오전 중으로 방문 예정이며, 임시 조치로 추가 순찰을 실시해주세요.', '2024-05-20 10:30:00'),
(13, 15, '전기안전공사에 긴급 점검 요청을 접수했습니다. 오늘 오후 5시까지 방문할 예정이니 담당자 대기 부탁드립니다.', '2024-06-10 17:00:00');


-- 27. dashboard_layout(대시보드) 데이터
INSERT INTO `dashboard_layout` (`layout_id`, `emp_id`, `dash_widget_code`, `dash_grid_positions`, `dash_created_at`, `dash_updated_at`) VALUES
-- 인사팀장 (emp_id: 1)
(1, 1, 'HR_ATTENDANCE', '1,2,3,4', '2024-01-01 09:00:00', '2024-01-01 09:00:00'),
(2, 1, 'HR_LEAVE', '5,6,7,8', '2024-01-01 09:00:00', '2024-01-01 09:00:00'),
(3, 1, 'HR_SALARY', '9,10,11,12', '2024-01-01 09:00:00', '2024-01-01 09:00:00'),
(4, 1, 'HR_STAFF_STATUS', '13,14,15,16', '2024-01-01 09:00:00', '2024-01-01 09:00:00'),

-- 재무팀장 (emp_id: 2)
(5, 2, 'FINANCE_DAILY_SALES', '1,2,3,4', '2024-01-01 09:00:00', '2024-01-01 09:00:00'),
(6, 2, 'FINANCE_MONTHLY_SALES', '5,6,7,8', '2024-01-01 09:00:00', '2024-01-01 09:00:00'),
(7, 2, 'FINANCE_EXPENSE', '9,10,11,12', '2024-01-01 09:00:00', '2024-01-01 09:00:00'),
(8, 2, 'FINANCE_PROFIT', '13,14,15,16', '2024-01-01 09:00:00', '2024-01-01 09:00:00'),

-- 영업팀장 (emp_id: 3)
(9, 3, 'SALES_DAILY', '1,2,3,4', '2024-01-01 09:00:00', '2024-01-01 09:00:00'),
(10, 3, 'SALES_HOURLY', '5,6,7,8', '2024-01-01 09:00:00', '2024-01-01 09:00:00'),
(11, 3, 'SALES_PRODUCT_RANK', '9,10,11,12', '2024-01-01 09:00:00', '2024-01-01 09:00:00'),
(12, 3, 'SALES_CATEGORY', '13,14,15,16', '2024-01-01 09:00:00', '2024-01-01 09:00:00'),

-- 운영팀장 (emp_id: 4)
(13, 4, 'OPERATION_INVENTORY', '1,2,3,4', '2024-01-01 09:00:00', '2024-01-01 09:00:00'),
(14, 4, 'OPERATION_ORDER', '5,6,7,8', '2024-01-01 09:00:00', '2024-01-01 09:00:00'),
(15, 4, 'OPERATION_STOCK_ALERT', '9,10,11,12', '2024-01-01 09:00:00', '2024-01-01 09:00:00'),
(16, 4, 'OPERATION_EXPIRY_ALERT', '13,14,15,16', '2024-01-01 09:00:00', '2024-01-01 09:00:00'),

-- IT팀장 (emp_id: 5)
(17, 5, 'IT_SYSTEM_STATUS', '1,2,3,4', '2024-01-01 09:00:00', '2024-01-01 09:00:00'),
(18, 5, 'IT_ISSUE_TRACKER', '5,6,7,8', '2024-01-01 09:00:00', '2024-01-01 09:00:00'),
(19, 5, 'IT_PERFORMANCE', '9,10,11,12', '2024-01-01 09:00:00', '2024-01-01 09:00:00'),
(20, 5, 'IT_MAINTENANCE', '13,14,15,16', '2024-01-01 09:00:00', '2024-01-01 09:00:00'),

-- 마케팅팀장 (emp_id: 6)
(21, 6, 'MARKETING_CAMPAIGN', '1,2,3,4', '2024-01-01 09:00:00', '2024-01-01 09:00:00'),
(22, 6, 'MARKETING_PROMOTION', '5,6,7,8', '2024-01-01 09:00:00', '2024-01-01 09:00:00'),
(23, 6, 'MARKETING_CUSTOMER', '9,10,11,12', '2024-01-01 09:00:00', '2024-01-01 09:00:00'),
(24, 6, 'MARKETING_SOCIAL', '13,14,15,16', '2024-01-01 09:00:00', '2024-01-01 09:00:00'),

-- 고객서비스팀장 (emp_id: 7)
(25, 7, 'CS_COMPLAINT', '1,2,3,4', '2024-01-01 09:00:00', '2024-01-01 09:00:00'),
(26, 7, 'CS_SATISFACTION', '5,6,7,8', '2024-01-01 09:00:00', '2024-01-01 09:00:00'),
(27, 7, 'CS_FEEDBACK', '9,10,11,12', '2024-01-01 09:00:00', '2024-01-01 09:00:00'),
(28, 7, 'CS_RESPONSE_TIME', '13,14,15,16', '2024-01-01 09:00:00', '2024-01-01 09:00:00'),

-- 물류팀장 (emp_id: 8)
(29, 8, 'LOGISTICS_DELIVERY', '1,2,3,4', '2024-01-01 09:00:00', '2024-01-01 09:00:00'),
(30, 8, 'LOGISTICS_INVENTORY', '5,6,7,8', '2024-01-01 09:00:00', '2024-01-01 09:00:00'),
(31, 8, 'LOGISTICS_SHIPMENT', '9,10,11,12', '2024-01-01 09:00:00', '2024-01-01 09:00:00'),
(32, 8, 'LOGISTICS_WAREHOUSE', '13,14,15,16', '2024-01-01 09:00:00', '2024-01-01 09:00:00'),

-- 구매팀장 (emp_id: 9)
(33, 9, 'PURCHASE_ORDER', '1,2,3,4', '2024-01-01 09:00:00', '2024-01-01 09:00:00'),
(34, 9, 'PURCHASE_SUPPLIER', '5,6,7,8', '2024-01-01 09:00:00', '2024-01-01 09:00:00'),
(35, 9, 'PURCHASE_COST', '9,10,11,12', '2024-01-01 09:00:00', '2024-01-01 09:00:00'),
(36, 9, 'PURCHASE_NEGOTIATION', '13,14,15,16', '2024-01-01 09:00:00', '2024-01-01 09:00:00'),

-- 개발팀장 (emp_id: 10)
(37, 10, 'DEV_TASK', '1,2,3,4', '2024-01-01 09:00:00', '2024-01-01 09:00:00'),
(38, 10, 'DEV_BUG', '5,6,7,8', '2024-01-01 09:00:00', '2024-01-01 09:00:00'),
(39, 10, 'DEV_DEPLOYMENT', '9,10,11,12', '2024-01-01 09:00:00', '2024-01-01 09:00:00'),
(40, 10, 'DEV_PERFORMANCE', '13,14,15,16', '2024-01-01 09:00:00', '2024-01-01 09:00:00');


-- 28. sales_stats (상품별 매출 통계) 데이터
INSERT INTO `sales_stats` (`sales_stats_id`, `store_id`, `product_id`, `sst_date`, `sst_quantity`, `sst_total`, `created_at`) VALUES
(1, 3, 1, '2025-04-25', 9, 20496, NOW()),
(2, 3, 2, '2025-04-25', 11, 33648, NOW()),
(3, 3, 3, '2025-04-25', 1, 2624, NOW()),
(4, 3, 4, '2025-04-25', 11, 33914, NOW()),
(5, 3, 5, '2025-04-25', 11, 30210, NOW()),
(6, 3, 6, '2025-04-25', 16, 43343, NOW()),
(7, 3, 7, '2025-04-25', 17, 42423, NOW()),
(8, 3, 8, '2025-04-25', 15, 29275, NOW()),
(9, 3, 9, '2025-04-25', 11, 51186, NOW()),
(10, 3, 10, '2025-04-25', 19, 74041, NOW()),
(11, 3, 11, '2025-04-25', 15, 66938, NOW()),
(12, 3, 12, '2025-04-25', 7, 22436, NOW()),
(13, 3, 13, '2025-04-25', 15, 47116, NOW()),
(14, 3, 14, '2025-04-25', 23, 69529, NOW()),
(15, 3, 15, '2025-04-25', 20, 88458, NOW()),
(16, 3, 16, '2025-04-25', 11, 27340, NOW()),
(17, 3, 17, '2025-04-25', 15, 42148, NOW()),
(18, 3, 18, '2025-04-25', 9, 24530, NOW()),
(19, 3, 19, '2025-04-25', 8, 19213, NOW()),
(20, 3, 20, '2025-04-25', 11, 51428, NOW()),
(21, 3, 21, '2025-04-25', 16, 47044, NOW()),
(22, 3, 22, '2025-04-25', 10, 27783, NOW()),
(23, 3, 23, '2025-04-25', 7, 28533, NOW()),
(24, 3, 24, '2025-04-25', 5, 15545, NOW()),
(25, 3, 25, '2025-04-25', 9, 32382, NOW()),
(26, 3, 26, '2025-04-25', 5, 15917, NOW()),
(27, 3, 27, '2025-04-25', 11, 28910, NOW()),
(28, 3, 28, '2025-04-25', 16, 63885, NOW()),
(29, 3, 29, '2025-04-25', 16, 54016, NOW());

-- 29. sales_hourly (시간대별 매출 통계) 데이터
INSERT INTO `sales_hourly` (`sales_hourly_id`, `store_id`, `sho_date`, `sho_hour`, `sho_quantity`, `sho_total`, `created_at`) VALUES
(1, 1, '2024-08-18', 0, 9, 5283, NOW()),
(2, 1, '2024-11-11', 0, 9, 1190, NOW()),
(3, 1, '2025-04-02', 0, 9, 7762, NOW()),
(4, 1, '2025-04-26', 15, 9, 9500, NOW()),
(5, 2, '2024-07-30', 0, 9, 5083, NOW()),
(6, 2, '2025-01-26', 0, 9, 8130, NOW()),
(7, 2, '2025-04-26', 15, 9, 9500, NOW()),
(8, 3, '2024-05-24', 0, 9, 645, NOW()),
(9, 3, '2024-08-05', 0, 9, 15958, NOW()),
(10, 3, '2024-08-11', 0, 9, 3639, NOW()),
(11, 3, '2024-08-22', 0, 9, 8800, NOW()),
(12, 3, '2024-08-23', 0, 9, 1415, NOW()),
(13, 3, '2024-10-14', 0, 9, 16493, NOW()),
(14, 3, '2024-12-12', 0, 9, 10945, NOW()),
(15, 3, '2025-02-04', 0, 9, 12163, NOW()),
(16, 3, '2025-02-19', 0, 9, 13492, NOW()),
(17, 3, '2025-04-10', 0, 9, 11359, NOW()),
(18, 3, '2025-04-26', 15, 9, 9500, NOW()),
(19, 4, '2024-07-12', 0, 9, 7766, NOW()),
(20, 4, '2024-07-14', 0, 9, 8387, NOW()),
(21, 4, '2025-02-15', 0, 9, 9704, NOW()),
(22, 4, '2025-04-26', 15, 9, 9500, NOW()),
(23, 5, '2024-06-14', 0, 9, 9145, NOW()),
(24, 5, '2025-01-08', 0, 9, 9681, NOW()),
(25, 5, '2025-02-20', 0, 9, 23809, NOW()),
(26, 5, '2025-04-26', 15, 9, 9500, NOW()),
(27, 6, '2024-05-08', 0, 9, 16085, NOW()),
(28, 6, '2024-07-02', 0, 9, 7369, NOW()),
(29, 6, '2024-07-16', 0, 9, 5859, NOW()),
(30, 6, '2024-07-17', 0, 9, 7680, NOW()),
(31, 6, '2024-07-19', 0, 9, 3348, NOW()),
(32, 6, '2024-07-27', 0, 9, 6783, NOW()),
(33, 6, '2025-01-04', 0, 9, 19002, NOW()),
(34, 6, '2025-02-07', 0, 9, 5209, NOW()),
(35, 6, '2025-02-24', 0, 9, 21244, NOW()),
(36, 6, '2025-03-23', 0, 9, 8793, NOW()),
(37, 6, '2025-04-22', 0, 9, 5070, NOW()),
(38, 6, '2025-04-26', 15, 9, 9500, NOW()),
(39, 7, '2024-06-15', 0, 9, 13909, NOW()),
(40, 7, '2024-11-01', 0, 9, 9218, NOW()),
(41, 7, '2025-04-26', 15, 9, 9500, NOW()),
(42, 8, '2024-04-11', 0, 9, 7328, NOW()),
(43, 8, '2024-08-27', 0, 9, 10812, NOW()),
(44, 8, '2025-04-19', 0, 9, 20556, NOW()),
(45, 8, '2025-04-26', 15, 9, 9500, NOW()),
(46, 9, '2024-04-07', 0, 9, 11353, NOW()),
(47, 9, '2024-05-03', 0, 9, 10667, NOW()),
(48, 9, '2024-09-26', 0, 9, 4630, NOW()),
(49, 9, '2024-12-23', 0, 9, 5505, NOW()),
(50, 9, '2024-12-30', 0, 9, 1504, NOW()),
(51, 9, '2025-01-27', 0, 9, 4716, NOW()),
(52, 9, '2025-02-18', 0, 9, 12221, NOW()),
(53, 9, '2025-03-14', 0, 9, 12138, NOW()),
(54, 9, '2025-03-19', 0, 9, 4792, NOW()),
(55, 9, '2025-04-05', 0, 9, 10916, NOW()),
(56, 9, '2025-04-26', 15, 9, 9500, NOW()),
(57, 10, '2024-04-18', 0, 9, 4422, NOW()),
(58, 10, '2024-10-31', 0, 9, 7344, NOW()),
(59, 10, '2025-03-05', 0, 9, 4717, NOW()),
(60, 10, '2025-04-26', 15, 9, 9500, NOW());

-- 30. sales_transaction (거래 정보) 더미 데이터
INSERT INTO sales_transaction (
    transaction_id, store_id, emp_id, total_price, discount_total, final_amount,
    payment_method, is_refunded, refund_reason, paid_at, refunded_at, created_at) VALUES
(1, 1, 11, 1259, 69, 1190, 'CARD', 0, NULL, '2024-11-11', NULL, '2024-11-11'),
(2, 1, 11, 5778, 495, 5283, 'CASH', 0, NULL, '2024-08-18', NULL, '2024-08-18'),
(3, 1, 11, 8046, 284, 7762, 'CARD', 0, NULL, '2025-04-02', NULL, '2025-04-02'),
(4, 1, 11, 10000, 500, 9500, 'CASH', 0, NULL, NOW(), NULL, NOW()),
(5, 2, 12, 8613, 483, 8130, 'CARD', 0, NULL, '2025-01-26', NULL, '2025-01-26'),
(6, 2, 12, 5578, 495, 5083, 'CARD', 0, NULL, '2024-07-30', NULL, '2024-07-30'),
(7, 2, 12, 10000, 500, 9500, 'CASH', 0, NULL, NOW(), NULL, NOW()),
(8, 3, 13, 1448, 33, 1415, 'CASH', 0, NULL, '2024-08-23', NULL, '2024-08-23'),
(9, 3, 13, 13640, 148, 13492, 'CASH', 0, NULL, '2025-02-19', NULL, '2025-02-19'),
(10, 3, 13, 1044, 399, 645, 'CARD', 0, NULL, '2024-05-24', NULL, '2024-05-24'),
(11, 3, 13, 3723, 84, 3639, 'CASH', 0, NULL, '2024-08-11', NULL, '2024-08-11'),
(12, 3, 13, 11588, 229, 11359, 'CARD', 0, NULL, '2025-04-10', NULL, '2025-04-10'),
(13, 3, 13, 11424, 479, 10945, 'CARD', 0, NULL, '2024-12-12', NULL, '2024-12-12'),
(14, 3, 13, 8942, 142, 8800, 'CARD', 0, NULL, '2024-08-22', NULL, '2024-08-22'),
(15, 3, 13, 16245, 287, 15958, 'CARD', 0, NULL, '2024-08-05', NULL, '2024-08-05'),
(16, 3, 13, 12345, 182, 12163, 'CASH', 0, NULL, '2025-02-04', NULL, '2025-02-04'),
(17, 3, 13, 16725, 232, 16493, 'CARD', 0, NULL, '2024-10-14', NULL, '2024-10-14'),
(18, 3, 13, 10000, 500, 9500, 'CASH', 0, NULL, NOW(), NULL, NOW()),
(19, 4, 14, 7776, 10, 7766, 'CARD', 1, '단순변심', '2024-07-12', NULL, '2024-07-12'),
(20, 4, 14, 9762, 58, 9704, 'CARD', 0, NULL, '2025-02-15', NULL, '2025-02-15'),
(21, 4, 14, 8632, 245, 8387, 'CARD', 0, NULL, '2024-07-14', NULL, '2024-07-14'),
(22, 4, 14, 10000, 500, 9500, 'CASH', 0, NULL, NOW(), NULL, NOW()),
(23, 5, 15, 9354, 209, 9145, 'CARD', 0, NULL, '2024-06-14', NULL, '2024-06-14'),
(24, 5, 15, 23870, 61, 23809, 'CARD', 0, NULL, '2025-02-20', NULL, '2025-02-20'),
(25, 5, 15, 9754, 73, 9681, 'CARD', 0, NULL, '2025-01-08', NULL, '2025-01-08'),
(26, 5, 15, 10000, 500, 9500, 'CASH', 0, NULL, NOW(), NULL, NOW()),
(27, 6, 16, 7810, 130, 7680, 'CARD', 1, '단순변심', '2024-07-17', NULL, '2024-07-17'),
(28, 6, 16, 16155, 70, 16085, 'CASH', 1, '단순변심', '2024-05-08', NULL, '2024-05-08'),
(29, 6, 16, 19120, 118, 19002, 'CARD', 1, '단순변심', '2025-01-04', NOW(), '2025-01-04'),
(30, 6, 16, 5252, 43, 5209, 'CARD', 0, NULL, '2025-02-07', NULL, '2025-02-07'),
(31, 6, 16, 7005, 222, 6783, 'CARD', 0, NULL, '2024-07-27', NULL, '2024-07-27'),
(32, 6, 16, 3390, 42, 3348, 'CASH', 0, NULL, '2024-07-19', NULL, '2024-07-19'),
(33, 6, 16, 21570, 326, 21244, 'CASH', 0, NULL, '2025-02-24', NULL, '2025-02-24'),
(34, 6, 16, 5560, 490, 5070, 'CARD', 1, '단순변심', '2025-04-22', NULL, '2025-04-22'),
(35, 6, 16, 7800, 431, 7369, 'CARD', 1, '단순변심', '2024-07-02', NOW(), '2024-07-02'),
(36, 6, 16, 6108, 249, 5859, 'CARD', 0, NULL, '2024-07-16', NULL, '2024-07-16'),
(37, 6, 16, 10000, 500, 9500, 'CASH', 0, NULL, NOW(), NULL, NOW()),
(38, 7, 17, 13911, 2, 13909, 'CARD', 0, NULL, '2024-06-15', NULL, '2024-06-15'),
(39, 7, 17, 9351, 133, 9218, 'CARD', 0, NULL, '2024-11-01', NULL, '2024-11-01'),
(40, 7, 17, 10000, 500, 9500, 'CASH', 0, NULL, NOW(), NULL, NOW()),
(41, 8, 18, 11236, 424, 10812, 'CARD', 0, NULL, '2024-08-27', NULL, '2024-08-27'),
(42, 8, 18, 20860, 304, 20556, 'CARD', 0, NULL, '2025-04-19', NULL, '2025-04-19'),
(43, 8, 18, 7572, 244, 7328, 'CASH', 1, '단순변심', '2024-04-11', NOW(), '2024-04-11'),
(44, 8, 18, 10000, 500, 9500, 'CASH', 0, NULL, NOW(), NULL, NOW()),
(45, 9, 19, 4900, 270, 4630, 'CARD', 0, NULL, '2024-09-26', NULL, '2024-09-26'),
(46, 9, 19, 11394, 41, 11353, 'CARD', 1, '단순변심', '2024-04-07', NOW(), '2024-04-07'),
(47, 9, 19, 5120, 404, 4716, 'CARD', 0, NULL, '2025-01-27', NULL, '2025-01-27'),
(48, 9, 19, 5640, 135, 5505, 'CARD', 1, '단순변심', '2024-12-23', NOW(), '2024-12-23'),
(49, 9, 19, 5056, 264, 4792, 'CASH', 0, NULL, '2025-03-19', NULL, '2025-03-19'),
(50, 9, 19, 11345, 429, 10916, 'CARD', 0, NULL, '2025-04-05', NULL, '2025-04-05'),
(51, 9, 19, 12505, 367, 12138, 'CARD', 0, NULL, '2025-03-14', NULL, '2025-03-14'),
(52, 9, 19, 10917, 250, 10667, 'CASH', 0, NULL, '2024-05-03', NULL, '2024-05-03'),
(53, 9, 19, 12636, 415, 12221, 'CASH', 0, NULL, '2025-02-18', NULL, '2025-02-18'),
(54, 9, 19, 1937, 433, 1504, 'CARD', 0, NULL, '2024-12-30', NULL, '2024-12-30'),
(55, 9, 19, 10000, 500, 9500, 'CASH', 0, NULL, NOW(), NULL, NOW()),
(56, 10, 20, 5175, 458, 4717, 'CASH', 1, '단순변심', '2025-03-05', NULL, '2025-03-05'),
(57, 10, 20, 7716, 372, 7344, 'CASH', 0, NULL, '2024-10-31', NULL, '2024-10-31'),
(58, 10, 20, 4492, 70, 4422, 'CASH', 0, NULL, '2024-04-18', NULL, '2024-04-18'),
(59, 10, 20, 10000, 500, 9500, 'CASH', 0, NULL, NOW(), NULL, NOW()),
(60, 6, 11, 8799, 6, 8793, 'CARD', 0, NULL, '2025-03-23', NULL, '2025-03-23');

-- 31.  sales_detail (거래 정보) 더미 데이터
INSERT INTO sales_detail (
    sales_detail_id, transaction_id, product_id, sales_quantity,
    unit_price, discount_price, final_amount, cost_price, real_income) VALUES
(1, 1, 12, 2, 4194, 84, 8304, 2516, 3272),
(2, 1, 17, 3, 2730, 299, 7891, 1638, 2977),
(3, 1, 29, 1, 2904, 65, 2839, 1742, 1097),
(4, 2, 13, 1, 2205, 259, 1946, 1323, 623),
(5, 3, 16, 2, 3410, 208, 6612, 2046, 2520),
(6, 4, 2, 2, 5000, 500, 9500, 3000, 3500),
(7, 5, 24, 1, 1728, 109, 1619, 1036, 583),
(8, 5, 21, 1, 4891, 239, 4652, 2934, 1718),
(9, 5, 19, 2, 1136, 86, 2186, 681, 824),
(10, 6, 4, 3, 4799, 65, 14332, 2879, 5695),
(11, 6, 28, 2, 3795, 92, 7498, 2277, 2944),
(12, 7, 1, 2, 5000, 500, 9500, 3000, 3500),
(13, 8, 15, 1, 1632, 108, 1524, 979, 545),
(14, 8, 24, 1, 4342, 132, 4210, 2605, 1605),
(15, 9, 22, 4, 4178, 275, 16437, 2506, 6413),
(16, 9, 19, 2, 4626, 101, 9151, 2775, 3601),
(17, 9, 4, 1, 1164, 11, 1153, 698, 455),
(18, 10, 6, 4, 3528, 73, 14039, 2116, 5575),
(19, 10, 15, 3, 4971, 300, 14613, 2982, 5667),
(20, 11, 18, 4, 3469, 44, 13832, 2081, 5508),
(21, 11, 3, 1, 2877, 253, 2624, 1726, 898),
(22, 11, 28, 3, 3741, 40, 11183, 2244, 4451),
(23, 12, 14, 1, 1208, 287, 921, 724, 197),
(24, 12, 29, 3, 4383, 300, 12849, 2629, 4962),
(25, 12, 13, 5, 3874, 77, 19293, 2324, 7673),
(26, 12, 8, 5, 1197, 64, 5921, 718, 2331),
(27, 13, 8, 5, 2560, 120, 12680, 1536, 5000),
(28, 13, 25, 2, 2193, 30, 4356, 1315, 1726),
(29, 13, 7, 4, 2437, 98, 9650, 1462, 3802),
(30, 14, 18, 1, 2259, 93, 2166, 1355, 811),
(31, 14, 1, 4, 1537, 246, 5902, 922, 2214),
(32, 15, 27, 2, 2362, 291, 4433, 1417, 1599),
(33, 15, 25, 2, 4873, 91, 9655, 2923, 3809),
(34, 15, 18, 2, 2608, 109, 5107, 1564, 1979),
(35, 15, 2, 3, 1281, 152, 3691, 768, 1387),
(36, 16, 16, 4, 1344, 77, 5299, 806, 2075),
(37, 16, 15, 2, 3793, 222, 7364, 2275, 2814),
(38, 16, 5, 2, 1390, 268, 2512, 834, 844),
(39, 16, 10, 2, 3281, 65, 6497, 1968, 2561),
(40, 17, 10, 3, 4897, 68, 14623, 2938, 5809),
(41, 17, 6, 3, 1578, 46, 4688, 946, 1850),
(42, 17, 14, 5, 2180, 233, 10667, 1308, 4127),
(43, 17, 29, 4, 3482, 232, 13696, 2089, 5340),
(44, 18, 5, 2, 5000, 500, 9500, 3000, 3500),
(45, 19, 10, 1, 3100, 125, 2975, 1860, 1115),
(46, 19, 5, 2, 3424, 177, 6671, 2054, 2563),
(47, 20, 6, 1, 1624, 180, 1444, 974, 470),
(48, 21, 9, 3, 4488, 291, 13173, 2692, 5097),
(49, 22, 15, 2, 5000, 500, 9500, 3000, 3500),
(50, 23, 20, 3, 4443, 186, 13143, 2665, 5148),
(51, 23, 9, 1, 2980, 111, 2869, 1788, 1081),
(52, 23, 14, 3, 4143, 89, 12340, 2485, 4885),
(53, 24, 16, 3, 4388, 207, 12957, 2632, 5061),
(54, 24, 22, 2, 3136, 207, 6065, 1881, 2303),
(55, 25, 19, 1, 4100, 110, 3990, 2460, 1530),
(56, 26, 12, 2, 5000, 500, 9500, 3000, 3500),
(57, 27, 23, 2, 3493, 146, 6840, 2095, 2650),
(58, 27, 28, 4, 4719, 60, 18816, 2831, 7492),
(59, 27, 9, 2, 4513, 162, 8864, 2707, 3450),
(60, 27, 21, 5, 2643, 74, 13141, 1585, 5216),
(61, 28, 4, 2, 1919, 31, 3807, 1151, 1505),
(62, 28, 15, 4, 4669, 87, 18589, 2801, 7385),
(63, 29, 14, 4, 4124, 121, 16375, 2474, 6479),
(64, 29, 13, 1, 4689, 1, 4688, 2813, 1875),
(65, 29, 11, 5, 4249, 46, 21199, 2549, 8454),
(66, 30, 18, 1, 1430, 279, 1151, 858, 293),
(67, 30, 27, 3, 4710, 237, 13893, 2826, 5415),
(68, 31, 7, 3, 2445, 77, 7258, 1467, 2857),
(69, 31, 26, 2, 1946, 106, 3786, 1167, 1452),
(70, 32, 6, 1, 3776, 290, 3486, 2265, 1221),
(71, 32, 5, 3, 1168, 226, 3278, 700, 1178),
(72, 32, 27, 5, 1240, 194, 6006, 744, 2286),
(73, 33, 22, 4, 1328, 31, 5281, 796, 2097),
(74, 33, 7, 3, 1591, 175, 4598, 954, 1736),
(75, 33, 20, 3, 3171, 290, 9223, 1902, 3517),
(76, 34, 12, 1, 1221, 72, 1149, 732, 417),
(77, 34, 9, 4, 4254, 236, 16780, 2552, 6572),
(78, 35, 15, 5, 4981, 281, 24624, 2988, 9684),
(79, 35, 2, 2, 4100, 77, 8123, 2460, 3203),
(80, 35, 17, 5, 2306, 130, 11400, 1383, 4485),
(81, 36, 11, 5, 4795, 288, 23687, 2877, 9302),
(82, 36, 21, 4, 4253, 143, 16869, 2551, 6665),
(83, 37, 20, 1, 5000, 500, 9500, 3000, 3500),
(84, 38, 5, 2, 4196, 143, 8249, 2517, 3215),
(85, 39, 6, 2, 2770, 41, 5499, 1662, 2175),
(86, 39, 27, 1, 4807, 229, 4578, 2884, 1694),
(87, 40, 10, 2, 5000, 500, 9500, 3000, 3500),
(88, 41, 26, 1, 4552, 245, 4307, 2731, 1576),
(89, 41, 28, 3, 4686, 240, 13818, 2811, 5385),
(90, 41, 24, 3, 3252, 40, 9716, 1951, 3863),
(91, 42, 23, 1, 2830, 176, 2654, 1698, 956),
(92, 43, 17, 2, 2296, 238, 4354, 1377, 1600),
(93, 43, 18, 1, 2570, 296, 2274, 1542, 732),
(94, 44, 9, 1, 5000, 500, 9500, 3000, 3500),
(95, 45, 20, 4, 4915, 98, 19562, 2949, 7766),
(96, 45, 7, 3, 3214, 6, 9636, 1928, 3852),
(97, 45, 28, 4, 3167, 98, 12570, 1900, 4970),
(98, 46, 15, 3, 4147, 197, 12244, 2488, 4780),
(99, 46, 29, 4, 2971, 87, 11797, 1782, 4669),
(100, 46, 6, 1, 2905, 123, 2782, 1743, 1039),
(101, 46, 13, 5, 1893, 182, 9283, 1135, 3608),
(102, 47, 17, 2, 3127, 229, 6025, 1876, 2273),
(103, 47, 16, 2, 1367, 262, 2472, 820, 832),
(104, 47, 26, 2, 4027, 230, 7824, 2416, 2992),
(105, 48, 23, 4, 4809, 197, 19039, 2885, 7499),
(106, 48, 17, 3, 4239, 239, 12478, 2543, 4849),
(107, 48, 14, 4, 1519, 161, 5915, 911, 2271),
(108, 49, 14, 1, 3244, 277, 2967, 1946, 1021),
(109, 49, 10, 2, 1601, 76, 3126, 960, 1206),
(110, 49, 6, 1, 4057, 91, 3966, 2434, 1532),
(111, 50, 11, 2, 3100, 206, 5994, 1860, 2274),
(112, 50, 14, 3, 4839, 80, 14437, 2903, 5728),
(113, 50, 4, 5, 2967, 213, 14622, 1780, 5722),
(114, 51, 21, 3, 2758, 298, 7976, 1654, 3014),
(115, 51, 7, 4, 2881, 243, 11281, 1728, 4369),
(116, 52, 2, 2, 1581, 29, 3133, 948, 1237),
(117, 52, 10, 5, 3862, 103, 19207, 2317, 7622),
(118, 52, 29, 4, 3249, 161, 12835, 1949, 5039),
(119, 52, 8, 5, 2178, 216, 10674, 1306, 4144),
(120, 53, 6, 1, 4178, 252, 3926, 2506, 1420),
(121, 53, 25, 2, 3537, 202, 6872, 2122, 2628),
(122, 53, 10, 4, 4585, 227, 18113, 2751, 7109),
(123, 54, 2, 2, 4743, 285, 9201, 2845, 3511),
(124, 54, 11, 2, 3302, 46, 6558, 1981, 2596),
(125, 54, 13, 1, 2577, 171, 2406, 1546, 860),
(126, 54, 12, 2, 1819, 155, 3483, 1091, 1301),
(127, 55, 13, 2, 5000, 500, 9500, 3000, 3500),
(128, 56, 19, 3, 1310, 44, 3886, 786, 1528),
(129, 56, 25, 3, 3864, 93, 11499, 2318, 4545),
(130, 56, 21, 3, 1515, 139, 4406, 909, 1679),
(131, 57, 6, 2, 1903, 293, 3513, 1141, 1231),
(132, 58, 14, 2, 2984, 61, 5907, 1790, 2327),
(133, 59, 11, 1, 5000, 500, 9500, 3000, 3500),
(134, 60, 1, 3, 1790, 276, 5094, 1074, 1872);

-- 32. issue_log (최근 이슈) 데이터 삽입
INSERT INTO `issue_log` (`issue_id`, `store_id`, `issue_title`, `issue_desc`, `issue_type`, `created_at`) VALUES
(1, 1, '재고 급감', '삼각김밥 참치 제품의 재고가 급격히 감소', '재고', '2024-04-23 14:30:00'),
(2, 2, 'POS 시스템 오류', 'POS 시스템에서 결제 오류가 발생', '시스템', '2024-04-23 10:00:00'),
(3, 3, '상품 손상', '냉장식품 일부가 손상되어 판매 불가 상태', '상품', '2024-04-23 13:00:00');


-- 33. pw_reset_token (비밀번호 재설정 토큰)
INSERT INTO pw_reset_token (prtoken_id, emp_id, reset_token, prtoken_exp, prtoken_used, created_at) VALUES
(1, 11, 'reset-token-11', '2025-04-26 23:59:59', false, '2025-04-25 10:00:00'),
(2, 12, 'reset-token-12', '2025-04-26 23:59:59', true, '2025-04-25 10:00:00'),
(3, 13, 'reset-token-13', '2025-04-26 23:59:59', false, '2025-04-25 10:00:00'),
(4, 14, 'reset-token-14', '2025-04-26 23:59:59', true, '2025-04-25 10:00:00');
-- emp_id 15는 요청하지 않아서 없음



